id,source_req_id,covered_source_req_id,id_policy,requirement_statement,category,source,source_section_owner,derivation_kind,evidence_type,notes,rationale,content_class,test_trace_required,requirement_type,operating_mode,parameter_signal_register,value_range_condition
REQ_SYS-RQ-001,,,tagged_architecture,"Added Soft Reset Procedure STBIO1_v2 1.6.2 9/1/2025 Ugo Garozzo Adde new OTP routines description, Adde Soft Reset Procedures STBIO1_v3 2 9/3/2025 Ugo Garozzo Add new output on TOP o_BDC_PPG, added Power Domain, Chanced ADSP IP ADSP_v0.3.21.",System,"Section 0.1 N.A Marco Leo Starting point from VSM01 project, paragraph 011 (page 8)",,power_management_concept,explicit,Auto-extracted from source-backed power-management architecture concept | rag_crosscheck=ok:exact_match,Normative pattern or accepted requirement phrase indicates a electrical requirement.,Requirement,yes,electrical,,,
REQ_SYS-RQ-002,,,tagged_architecture,STBIO1 is an Analog Front End Device with embedded process capabilities.,System,"Section 5 STBIO1 toplevel overview, paragraph 007 (page 12)",,architecture_function,explicit,Auto-extracted from source-backed main functionality description | rag_crosscheck=ok:exact_match,Normative pattern or accepted requirement phrase indicates a other requirement.,Requirement,yes,other,,,
REQ_SYS-RQ-003,,,tagged_architecture,"The ECG signal chain has several complementary features supporting ECG measurement, such as driven reference for common-mode rejection and lead off detection to identify a fallen electrode.",System,"Section 5 STBIO1 toplevel overview, paragraph 017 (page 12)",,architecture_function,explicit,Auto-extracted from source-backed main functionality description | rag_crosscheck=ok:exact_match,Normative pattern or accepted requirement phrase indicates a functional requirement.,Requirement,yes,functional,,,
REQ_SYS-RQ-004,,,tagged_architecture,"Sensor hub IP can read external sensors by means of an I2C master protocol, enabling data collection in FIFO and embedded elaboration also on external data domain.",System,"Section 5 STBIO1 toplevel overview, paragraph 042 (page 12)",,architecture_function,explicit,Auto-extracted from source-backed main functionality description | rag_crosscheck=ok:exact_match,Normative pattern or accepted requirement phrase indicates a functional requirement.,Requirement,yes,functional,,,
REQ_SYS-RQ-005,,,tagged_architecture,"The advanced ISPU (32bit proprietary core) is an ultra-low-power, high-performance programmable core which can execute signal processing and AI algorithms in the edge. The",System,"Section 5 STBIO1 toplevel overview, paragraph 047 (page 12)",,architecture_function,explicit,Auto-extracted from source-backed main functionality description | rag_crosscheck=ok:exact_match,Normative pattern or accepted requirement phrase indicates a electrical requirement.,Requirement,yes,electrical,,,
REQ_SYS-RQ-006,,,tagged_architecture,"Aim of this document is to explain main features of the ASIC STBIO1, electronic interface of ECG, Bio-impedance, EDA and PPG (Photoplethysmography) embedded in a single die.",System,"Section 5 STBIO1 toplevel overview, paragraph 004 (page 12)",,architecture_capability,explicit,Auto-extracted from source-backed main functionality description | rag_crosscheck=ok:exact_match,Normative pattern or accepted requirement phrase indicates a interface requirement.,Requirement,yes,interface,,,
REQ_SYS-RQ-007,,,tagged_architecture,The BIA signal chain is designed for body impedance and human breathing measurements with a configurable excitation path and measurement path. BIA channel delivers both the real and the imaginary parts of the body and the breathing impedance.,System,"Section 5 STBIO1 toplevel overview, paragraph 020 (page 12)",,architecture_capability,explicit,Auto-extracted from source-backed main functionality description | rag_crosscheck=ok:exact_match,Normative pattern or accepted requirement phrase indicates a functional requirement.,Requirement,yes,functional,,,
REQ_SYS-RQ-008,,,tagged_architecture,"STBIO1 is optimized ultra-low-power hardware circuitry for real-time execution of the algorithms is a state-of-the-art feature for any personal electronics, from wearable accessories to high-end applications.",System,"Section 5 STBIO1 toplevel overview, paragraph 026 (page 12)",,power_management_concept,explicit,Auto-extracted from source-backed power-management architecture concept | rag_crosscheck=ok:exact_match,Normative pattern or accepted requirement phrase indicates a mode-behavior requirement.,Requirement,yes,mode-behavior,,,
REQ_SYS-RQ-009,,,tagged_architecture,ADSP is an embedded IP able to elaborate ultra-low-power custom DSP functions. The main,System,"Section 5 STBIO1 toplevel overview, paragraph 038 (page 12)",,power_management_concept,explicit,Auto-extracted from source-backed power-management architecture concept | rag_crosscheck=ok:exact_match,Normative pattern or accepted requirement phrase indicates a electrical requirement.,Requirement,yes,electrical,,,
REQ_SYS-RQ-010,,,tagged_architecture,"party tools/IDE. ISPU has 32 Kbyte program RAM, 24 Kbyte Data RAM capability and Floating- point support.",System,"Section 5 STBIO1 toplevel overview, paragraph 004 (page 13)",,architecture_function,explicit,Auto-extracted from source-backed main functionality description | rag_crosscheck=ok:exact_match,Normative pattern or accepted requirement phrase indicates a other requirement.,Requirement,yes,other,,,
REQ_SYS-RQ-011,,,tagged_architecture,"FIFO digital IPs oversees data collecting from multiple sources: internal and external data read by sensor hub, meta-data generated from both ADSP and ISPU.",System,"Section 5 STBIO1 toplevel overview, paragraph 006 (page 13)",,architecture_function,explicit,Auto-extracted from source-backed main functionality description | rag_crosscheck=ok:exact_match,Normative pattern or accepted requirement phrase indicates a functional requirement.,Requirement,yes,functional,,,
REQ_SYS-RQ-012,,,tagged_architecture,"All the data are stored inside a Smart FIFO that can be configured as: • Unique FIFO: Classic FIFO, the First Data that is written inside the Memory is also the First that is read.",System,"Section 5 STBIO1 toplevel overview, paragraph 013 (page 13)",,architecture_function,explicit,Auto-extracted from source-backed main functionality description | rag_crosscheck=ok:exact_match,Normative pattern or accepted requirement phrase indicates a other requirement.,Requirement,yes,other,,,
REQ_SYS-RQ-013,,,tagged_architecture,"o Sleep: where measures are finished, eventually only ADSP and/or ISPU is terminating its algorithms and writing elaborated data in FIFO.",System,"Section 64 Hz., paragraph 028 (page 13)",,architecture_function,explicit,Auto-extracted from source-backed main functionality description | rag_crosscheck=ok:exact_match,Normative pattern or accepted requirement phrase indicates a other requirement.,Requirement,yes,other,,,
REQ_SYS-RQ-014,,,tagged_architecture,"In the last case, the device will remain in SLEEP_OPERATIVE (as described in the next paragraphs).",System,"Section 64 Hz., paragraph 012 (page 14)",,architecture_function,explicit,Auto-extracted from source-backed main functionality description | rag_crosscheck=ok:exact_match,Normative pattern or accepted requirement phrase indicates a other requirement.,Requirement,yes,other,,,
REQ_SYS-RQ-015,,,tagged_architecture,"• Set DS_SEL bit in Device_Config_Channel register to 1 and PPG_ELAB to 0 in General_Parameters_PPG o This will cut the communication between Main Controller and ADSP • Analog control Interface samples ECG and BIA signals from ADC, average and stores data sampled in appropriate in FIFO.",System,"Section 8.1 Data Storage Mode (under Section 8 STBIO1: Functional Modes), paragraph 008 (page 18)",,architecture_function,explicit,Auto-extracted from source-backed main functionality description | rag_crosscheck=ok:exact_match,Normative pattern or accepted requirement phrase indicates a interface requirement.,Requirement,yes,interface,,LED,
REQ_SYS-RQ-016,,,tagged_architecture,• Analog control Interface samples GSR signal from ADC and stores GSR data raw in FIFO.,System,"Section 8.1 Data Storage Mode (under Section 8 STBIO1: Functional Modes), paragraph 013 (page 18)",,architecture_function,explicit,Auto-extracted from source-backed main functionality description | rag_crosscheck=ok:exact_match,Normative pattern or accepted requirement phrase indicates a interface requirement.,Requirement,yes,interface,,,
REQ_SYS-RQ-017,,,tagged_architecture,"• Analog control Interface samples PPG signal from ADC, average (according to the user's configuration) and stores data in FIFO.",System,"Section 8.1 Data Storage Mode (under Section 8 STBIO1: Functional Modes), paragraph 015 (page 18)",,architecture_function,explicit,Auto-extracted from source-backed main functionality description | rag_crosscheck=ok:exact_match,Normative pattern or accepted requirement phrase indicates a interface requirement.,Requirement,yes,interface,,,
REQ_SYS-RQ-018,,,tagged_architecture,"In this case, the ISPU shall read the data from FIFO and can communicate with the ADSP.",System,"Section 8.1 Data Storage Mode (under Section 8 STBIO1: Functional Modes), paragraph 020 (page 18)",,architecture_function,explicit,Auto-extracted from source-backed main functionality description | rag_crosscheck=ok:exact_match,Normative pattern or accepted requirement phrase indicates a other requirement.,Requirement,yes,other,,,
REQ_SYS-RQ-019,,,tagged_architecture,"• Set DS_SEL bit in Device_Config_Channel register to 0 o Set PPG_ELAB to 1 if also PPG data shall be elaborated by the ADSP • Analog control Interface samples of ECG, BIA or GSR from ADC, average and stores data sampled in appropriate registers (SYSTEM REGISTERS from 0x007C to 0x0094) accessible by ADSP and other AHB Master.",System,"Section 8.2 Normal Mode (under Section 8 STBIO1: Functional Modes), paragraph 024 (page 18)",,architecture_function,explicit,Auto-extracted from source-backed main functionality description | rag_crosscheck=warn:high_overlap=0.89,Normative pattern or accepted requirement phrase indicates a interface requirement.,Requirement,yes,interface,,LED,
REQ_SYS-RQ-020,,,tagged_architecture,"o If PPG_ELAB is set to 1, ADSP Shall read PPG Raw Data Directly from FIFO • Finished processing phase ADSP stores elaborated data in FIFO.",System,"Section 8.2 Normal Mode (under Section 8 STBIO1: Functional Modes), paragraph 032 (page 18)",,architecture_function,explicit,Auto-extracted from source-backed main functionality description | rag_crosscheck=ok:exact_match,Normative pattern or accepted requirement phrase indicates a other requirement.,Requirement,yes,other,,,
REQ_SYS-RQ-021,,,tagged_architecture,"In this mode, the ADSP is turned off, but it's possible to turn on the ISPU before the start of a measurement Cycle. In this case, the ISPU shall read the data from FIFO and can",System,"Section 8.1 Data Storage Mode (under Section 8 STBIO1: Functional Modes), paragraph 019 (page 18)",,architecture_capability,explicit,Auto-extracted from source-backed main functionality description | rag_crosscheck=ok:exact_match,Normative pattern or accepted requirement phrase indicates a functional requirement.,Requirement,yes,functional,,,
REQ_SYS-RQ-022,,,tagged_architecture,"• ECG, BIA or GSR data raw in SYSTEM REGISTERS are processed by ADSP.",System,"Section 8.2 Normal Mode (under Section 8 STBIO1: Functional Modes), paragraph 031 (page 18)",,architecture_capability,explicit,Auto-extracted from source-backed main functionality description | rag_crosscheck=ok:exact_match,Normative pattern or accepted requirement phrase indicates a other requirement.,Requirement,yes,other,,,
REQ_SYS-RQ-023,,,tagged_architecture,In this mode is possible to turn on the ISPU to work with raw data and/or ADSP elaborated Data.,System,"Section 8.2 Normal Mode (under Section 8 STBIO1: Functional Modes), paragraph 035 (page 18)",,architecture_capability,explicit,Auto-extracted from source-backed main functionality description | rag_crosscheck=ok:exact_match,Normative pattern or accepted requirement phrase indicates a other requirement.,Requirement,yes,other,,,
REQ_SYS-RQ-024,,,tagged_architecture,This document paragraph describes the Power Domain architecture implemented in the STBIO1.,System,"Section 10.1 Introduction (under Section 10 Power Domains), paragraph 031 (page 31)",,power_management_concept,explicit,Auto-extracted from source-backed power-management architecture concept | rag_crosscheck=ok:exact_match,Normative pattern or accepted requirement phrase indicates a electrical requirement.,Requirement,yes,electrical,,,
REQ_SYS-RQ-025,,,tagged_architecture,• Retention Domain: Domain that retains register state even when the main logic is powered down.,System,"Section 10.2 Definitions (under Section 10 Power Domains), paragraph 011 (page 32)",,architecture_function,explicit,Auto-extracted from source-backed main functionality description | rag_crosscheck=ok:exact_match,Normative pattern or accepted requirement phrase indicates a mode-behavior requirement.,Requirement,yes,mode-behavior,,,
REQ_SYS-RQ-026,,,tagged_architecture,"• Power Domain (PD): A set of logic blocks sharing the same power supply, which can be powered on/off independently.",System,"Section 10.2 Definitions (under Section 10 Power Domains), paragraph 007 (page 32)",,power_management_concept,explicit,Auto-extracted from source-backed power-management architecture concept | rag_crosscheck=ok:exact_match,Normative pattern or accepted requirement phrase indicates a electrical requirement.,Requirement,yes,electrical,,supply voltage,
REQ_SYS-RQ-027,,,tagged_architecture,"• Always-On Domain (AON): Domain that is always powered, even in low-power modes.",System,"Section 10.2 Definitions (under Section 10 Power Domains), paragraph 009 (page 32)",,power_management_concept,explicit,Auto-extracted from source-backed main functionality description | rag_crosscheck=ok:exact_match,Normative pattern or accepted requirement phrase indicates a electrical requirement.,Requirement,yes,electrical,,,
REQ_SYS-RQ-028,,,tagged_architecture,"• Function: Ensures continuity of critical functions (Data Storage Mode, Sensor-Hub acquisition, FIFO read and write data, Elaboration Mode with ADSP only).",System,"Section 10.4.1 PD_TOP1V2 (under Section 10.4 Power Domain Descriptions), paragraph 005 (page 33)",,architecture_function,explicit,Auto-extracted from source-backed main functionality description | rag_crosscheck=ok:exact_match,Normative pattern or accepted requirement phrase indicates a safety requirement.,Requirement,yes,safety,,,
REQ_SYS-RQ-029,,,tagged_architecture,It provides 4.7V of power supply to the OTP memory block during programming (write) operations • Control: Managed by hardware.,System,"Section 10.4.3 PD_TOP3V3 (under Section 10.4 Power Domain Descriptions), paragraph 015 (page 33)",,architecture_function,explicit,Auto-extracted from source-backed main functionality description | rag_crosscheck=ok:exact_match,Normative pattern or accepted requirement phrase indicates a electrical requirement.,Requirement,yes,electrical,,supply voltage,4.7V
REQ_DIG-RQ-001,,,tagged_architecture,Clocks scheme is shown in the above figure Req_ID Source Target Path Delay Clock Gating Analog Control and Description F Max Requirements Definition DDS_STBIO1_1020 stbio1_top.,Digital,"Section 13.1.1.4 Clocks and Reset (under Section 13.1.1 PMU), paragraph 009 (page 45)",PMU,architecture_function,explicit,Auto-extracted from source-backed main functionality description | rag_crosscheck=warn:high_overlap=0.92,Normative pattern or accepted requirement phrase indicates a other requirement.,Requirement,yes,other,,,
CONF_SYS-RQ-030,,,tagged_architecture,In the following table are reported the Pad Configuration for each operative mode of the device.,System,"Section 13.1.2 PAD Mux (under Section 13 Modules), paragraph 004 (page 49)",,architecture_capability,explicit,Auto-extracted from source-backed main functionality description | rag_crosscheck=ok:exact_match,Normative pattern or accepted requirement phrase indicates a configuration requirement.,Configuration,yes,configuration,,,
REQ_SYS-RQ-031,,,tagged_architecture,gpio2_irq_sel=4) input force = V1V2 SUPPLY (en=1) force = V1V2 SUPPLY (en=1) ck_64k ADC in - tdo GPIO3/PMBF Analog General-Purpose irq_fifo (IRQ_SEL1.,System,"Section 13.1.2.2 Requirements (under Section 13.1.2 PAD Mux), paragraph 079 (page 58)",PAD MUX,architecture_function,explicit,Auto-extracted from source-backed main functionality description | rag_crosscheck=ok:exact_match,Normative pattern or accepted requirement phrase indicates a electrical requirement.,Requirement,yes,electrical,,supply voltage,
REQ_SYS-RQ-032,,,tagged_architecture,"The Main Controller is in charge of generating and receiving all the control signals for the Analog Domain, furthermore, performs DSP elaboration on ADC Output and writes it in different Address.",System,"Section 13.1.3.1 Main Controller TOP Description (under Section 13.1.3 Main Controller TOP), paragraph 004 (page 74)",Main Controller,architecture_function,explicit,Auto-extracted from source-backed main functionality description | rag_crosscheck=ok:exact_match,Normative pattern or accepted requirement phrase indicates a functional requirement.,Requirement,yes,functional,,,
REQ_SYS-RQ-033,,,tagged_architecture,"next chapter. Together with the Analog Domain, this IP is interfaced with the FIFO Controller, the ADSP and the PMU, these last two will not be described in this document. The IP is divided into",System,"Section 13.1.3.1 Main Controller TOP Description (under Section 13.1.3 Main Controller TOP), paragraph 008 (page 74)",Main Controller,architecture_capability,explicit,Auto-extracted from source-backed main functionality description | rag_crosscheck=ok:exact_match,Normative pattern or accepted requirement phrase indicates a other requirement.,Requirement,yes,other,,,
REQ_SYS-RQ-034,,,tagged_architecture,"Main Controller manage all the Analog domain, so all its requirements shall be considered as High Priority.",System,"Section 13.1.3.3 Main Controller Peculiar Requirements (under Section 13.1.3 Main Controller TOP), paragraph 022 (page 85)",Main Controller,architecture_capability,explicit,Auto-extracted from source-backed main functionality description | rag_crosscheck=ok:exact_match,Normative pattern or accepted requirement phrase indicates a other requirement.,Requirement,yes,other,,,
REQ_SYS-RQ-035,,,tagged_architecture,The selected OTP memory has a data bit cut size of 640 bits with an 8-bit word size.,System,"Section 13.2.1.1 ADSP Peculiar Requirements (under Section 13.2.1 ADSP integration), paragraph 036 (page 87)",ADSP,architecture_function,explicit,Auto-extracted from source-backed main functionality description | rag_crosscheck=ok:exact_match,Normative pattern or accepted requirement phrase indicates a other requirement.,Requirement,yes,other,,,640 bits
REQ_SYS-RQ-036,,,tagged_architecture,The same register also contain a SOFT_RESET bit used to trigger the corresponding soft reset routine.,System,"Section 13.2.1.1.2 Requirements (under Section 13.2.1.1 ADSP Peculiar Requirements), paragraph 034 (page 89)",ADSP,architecture_function,explicit,Auto-extracted from source-backed main functionality description | rag_crosscheck=ok:exact_match,Normative pattern or accepted requirement phrase indicates a other requirement.,Requirement,yes,other,,,
REQ_SYS-RQ-037,,,tagged_architecture,Port name Direction Type TOP CONNECTION rst_n input POR i_if_cs input CS for SPI interface o_if_cs_tud output Control for CS PAD.,System,"Section 13.2.2 I2C_SPI_AHB integration (under Section 13.2 IPs), paragraph 044 (page 99)",,architecture_function,explicit,Auto-extracted from source-backed main functionality description | rag_crosscheck=ok:exact_match,Normative pattern or accepted requirement phrase indicates a interface requirement.,Requirement,yes,interface,,,
REQ_SYS-RQ-038,,,tagged_architecture,"i2c_hs_mode 1'b0 To activate HS I2C [DDS_STBIO1_8102] i2c_master_code 8'h00 Master code for HS I2C [DDS_STBIO1_8103] ser_mode ""i2c_spi"" To choose if the interface is SPI only, I2C only or both.",System,"Section 13.2.2 I2C_SPI_AHB integration (under Section 13.2 IPs), paragraph 026 (page 99)",,architecture_capability,explicit,Auto-extracted from source-backed main functionality description | rag_crosscheck=ok:exact_match,Normative pattern or accepted requirement phrase indicates a interface requirement.,Requirement,yes,interface,,,
CONF_SYS-RQ-039,,,tagged_architecture,i_if_sda_sdi_in input SDA/SDI from pad o_if_sda_sdi_en_n output SDA/SDI pad enable o_if_sda_sdi_out output SDA/SDI to pad o_ctrl_reg_7 output [7:0] 8 configuration bit set by local register (addr.,System,"Section 13.2.2 I2C_SPI_AHB integration (under Section 13.2 IPs), paragraph 003 (page 100)",,architecture_function,explicit,Auto-extracted from source-backed main functionality description | rag_crosscheck=ok:exact_match,Normative pattern or accepted requirement phrase indicates a configuration requirement.,Configuration,yes,configuration,,,
REQ_SYS-RQ-040,,,tagged_architecture,Pulse on AHB clock to inform system that AHB clock can be switched off o_ahb_error output Error on AHB side.,System,"Section 13.2.2 I2C_SPI_AHB integration (under Section 13.2 IPs), paragraph 004 (page 101)",,architecture_function,explicit,Auto-extracted from source-backed main functionality description | rag_crosscheck=ok:exact_match,Normative pattern or accepted requirement phrase indicates a safety requirement.,Requirement,yes,safety,,,
REQ_SYS-RQ-041,,,tagged_architecture,[DDS_STBIO1_9000] Description Sensor hub IP is an IP used to read up-to 4 external I2C devices.,System,"Section 13.2.3.1 SensorHub Peculiar Requirements (under Section 13.2.3 SensorHub integration), paragraph 005 (page 109)",Sensor-Hub,architecture_function,explicit,Auto-extracted from source-backed main functionality description | rag_crosscheck=ok:exact_match,Normative pattern or accepted requirement phrase indicates a functional requirement.,Requirement,yes,functional,,,
REQ_SYS-RQ-042,,,tagged_architecture,Input sys_clk of sensor hub shall be connected to 8MHz clock to generate I2C communications compliant with FM+ I2C standard.,System,"Section 13.2.3.1 SensorHub Peculiar Requirements (under Section 13.2.3 SensorHub integration), paragraph 003 (page 110)",Sensor-Hub,architecture_function,explicit,Auto-extracted from source-backed main functionality description | rag_crosscheck=ok:exact_match,Normative pattern or accepted requirement phrase indicates a functional requirement.,Requirement,yes,functional,,,
REQ_SYS-RQ-043,,,tagged_architecture,All the values shall be tested since MasterBlaze supports up-to 4 I2C targets connected to I2C network.,System,"Section 13.2.3.1 SensorHub Peculiar Requirements (under Section 13.2.3 SensorHub integration), paragraph 027 (page 110)",Sensor-Hub,architecture_function,explicit,Auto-extracted from source-backed main functionality description | rag_crosscheck=ok:exact_match,Normative pattern or accepted requirement phrase indicates a other requirement.,Requirement,yes,other,,,
REQ_SYS-RQ-044,,,tagged_architecture,"[TO: IPOS_FIFO_CTRL_89455449] [End] [DDS_STBIO1_89455232] Requirement: As default, the FIFO shall work in Unique FIFO Mode.",System,"Section 13.2.4.1 FIFO_CTRL Peculiar Requirements (under Section 13.2.4 FIFO_CTRL integration), paragraph 030 (page 113)",Smart FIFO,architecture_function,explicit,Auto-extracted from source-backed main functionality description | rag_crosscheck=ok:exact_match,Normative pattern or accepted requirement phrase indicates a other requirement.,Requirement,yes,other,,,
REQ_SYS-RQ-045,,,tagged_architecture,[TO: IPOS_FIFO_CTRL_89455232] [End] [DDS_STBIO1_89456975] Requirement: The user shall select the Multiple FIFO mode setting to 1 the first bit into the FIFO_CFG_MODE and 0 for the Unique FIFO mode.,System,"Section 13.2.4.1 FIFO_CTRL Peculiar Requirements (under Section 13.2.4 FIFO_CTRL integration), paragraph 034 (page 113)",Smart FIFO,architecture_function,explicit,Auto-extracted from source-backed main functionality description | rag_crosscheck=ok:exact_match,Normative pattern or accepted requirement phrase indicates a other requirement.,Requirement,yes,other,,,
REQ_SYS-RQ-046,,,tagged_architecture,[TO: IPOS_FIFO_CTRL_89456975] [End] [DDS_STBIO1_89457435] Requirement: The FIFO Controller shall have a 6 i_depth input of 8 bit to be used in Multiple FIFO Mode to define the depth of each subFIFOs.,System,"Section 13.2.4.1 FIFO_CTRL Peculiar Requirements (under Section 13.2.4 FIFO_CTRL integration), paragraph 039 (page 113)",Smart FIFO,architecture_function,explicit,Auto-extracted from source-backed main functionality description | rag_crosscheck=ok:exact_match,Normative pattern or accepted requirement phrase indicates a other requirement.,Requirement,yes,other,,,
REQ_SYS-RQ-047,,,tagged_architecture,"[TO: IPOS_FIFO_CTRL_89457790] [End] [DDS_STBIO1_00000008] Requirement: If input signal HMASTER is set to 0 or 1, the FIFO Controller shall enter Memory mode.",System,"Section 13.2.4.1 FIFO_CTRL Peculiar Requirements (under Section 13.2.4 FIFO_CTRL integration), paragraph 015 (page 114)",Smart FIFO,architecture_function,explicit,Auto-extracted from source-backed main functionality description | rag_crosscheck=ok:exact_match,Normative pattern or accepted requirement phrase indicates a other requirement.,Requirement,yes,other,,,
REQ_SYS-RQ-048,,,tagged_architecture,"ca_stredl_bist_c_sif_reg_e n input BIST Enable for various types of data transfer (Bitmap, memory selection, programma ble algorithms) through serial interface.",System,"Section 13.3 ISPU integration (under Section 13 Modules), paragraph 015 (page 121)",,architecture_function,explicit,Auto-extracted from source-backed main functionality description | rag_crosscheck=ok:exact_match,Normative pattern or accepted requirement phrase indicates a interface requirement.,Requirement,yes,interface,,,
REQ_SYS-RQ-049,,,tagged_architecture,ca_stredl_bist_c_tst_gated clock input BIST Clock Gating Signal for the entire BIST.,System,"Section 13.3 ISPU integration (under Section 13 Modules), paragraph 008 (page 127)",,architecture_function,explicit,Auto-extracted from source-backed main functionality description | rag_crosscheck=ok:exact_match,Normative pattern or accepted requirement phrase indicates a other requirement.,Requirement,yes,other,,,
REQ_SYS-RQ-050,,,tagged_architecture,Used to force clock gating cell transparenc y in ATPG mode .,System,"Section 13.3 ISPU integration (under Section 13 Modules), paragraph 014 (page 127)",,architecture_function,explicit,Auto-extracted from source-backed main functionality description | rag_crosscheck=ok:exact_match,Normative pattern or accepted requirement phrase indicates a other requirement.,Requirement,yes,other,,,
REQ_SYS-RQ-051,,,tagged_architecture,allows to force reset synchronizin g circuit transparenc y in ATPG mode.,System,"Section 13.3 ISPU integration (under Section 13 Modules), paragraph 029 (page 127)",,architecture_function,explicit,Auto-extracted from source-backed main functionality description | rag_crosscheck=ok:exact_match,Normative pattern or accepted requirement phrase indicates a other requirement.,Requirement,yes,other,,,
CONF_SYS-RQ-052,,,tagged_architecture,"The device is configurable/readable by the I2C/AHB bridge. This IP is in charge of take an I2C/SPI access and (eventually) transform it into an AHB transaction, to allow the configuration/reading of the device using the ISPU.",System,"Section 13.4.1 STBIO1 Register Map (under Section 13.4 STBIO1 Register Map), paragraph 059 (page 133)",Regmap,architecture_function,explicit,Auto-extracted from source-backed main functionality description | rag_crosscheck=ok:exact_match,Normative pattern or accepted requirement phrase indicates a configuration requirement.,Configuration,yes,configuration,,,
REQ_SYS-RQ-053,,,tagged_architecture,"The AFE_BLOCK registers are accessible by I2C/SPI direct access and AHB interface, while the others are only by AHB.",System,"Section 13.4.1 STBIO1 Register Map (under Section 13.4 STBIO1 Register Map), paragraph 009 (page 133)",Regmap,architecture_capability,explicit,Auto-extracted from source-backed main functionality description | rag_crosscheck=ok:exact_match,Normative pattern or accepted requirement phrase indicates a interface requirement.,Requirement,yes,interface,,,
REQ_SYS-RQ-054,,,tagged_architecture,The I2C/SPI direct access mode is done by the HOST INTF port (I2C/SPI AHB) and the address of the AFE_BLOCK registers are arranged in 4 pages of 64 registers.,System,"Section 13.4.1 STBIO1 Register Map (under Section 13.4 STBIO1 Register Map), paragraph 011 (page 133)",Regmap,architecture_capability,explicit,Auto-extracted from source-backed main functionality description | rag_crosscheck=ok:exact_match,Normative pattern or accepted requirement phrase indicates a interface requirement.,Requirement,yes,interface,,,
REQ_SYS-RQ-055,,,tagged_architecture,"To enable AHB Access, it needs using I2C/SPI direct access mode, for: • First turn-on the LDO1V8 and the Fast-Ring Oscillator (set EN_LDO1V8 and EN_CLKF of VIREF_LDO1V8_CLK16M, see address in the Table 34).",System,"Section 2 AFE_BLOCK register R/W -> Read/Write the AFE_BLOCK register with the address (under Section 13.4.1 STBIO1 Register Map), paragraph 025 (page 134)",Regmap,architecture_function,explicit,Auto-extracted from source-backed main functionality description | rag_crosscheck=ok:exact_match,Normative pattern or accepted requirement phrase indicates a other requirement.,Requirement,yes,other,,,
CONF_SYS-RQ-056,,,tagged_architecture,"ow it's possible to configure the registers that are mapped on AHB_Interface as explained in the following example: • Run an I2C/SPI transaction, with the type of AHB access word/byte, at the address 0x59 (one of I2C/SPI Internal Configuration Registers).",System,"Section 2 AFE_BLOCK register R/W -> Read/Write the AFE_BLOCK register with the address (under Section 13.4.1 STBIO1 Register Map), paragraph 031 (page 134)",Regmap,architecture_function,explicit,Auto-extracted from source-backed main functionality description | rag_crosscheck=ok:exact_match,Normative pattern or accepted requirement phrase indicates a configuration requirement.,Configuration,yes,configuration,,,
CONF_SYS-RQ-057,,,tagged_architecture,"• Run an I2C/SPI transaction, with the register address that you want to configure, at the address 0x50 (one of I2C/SPI Internal Configuration Registers), starting from the LSB. In other word, if you need to access at register VIREF_LDO1V8_CLK16M at AHB address",System,"Section 2 AFE_BLOCK register R/W -> Read/Write the AFE_BLOCK register with the address (under Section 13.4.1 STBIO1 Register Map), paragraph 035 (page 134)",Regmap,architecture_function,explicit,Auto-extracted from source-backed main functionality description | rag_crosscheck=ok:exact_match,Normative pattern or accepted requirement phrase indicates a configuration requirement.,Configuration,yes,configuration,,,
CONF_SYS-RQ-058,,,tagged_architecture,"In other word, if you need to access at register VIREF_LDO1V8_CLK16M at AHB address 0x000C_00CF, you have to perform four I2C/SPI accesses to write: o At address 0x50 0xCF o At address 0x51 0x00 o At address 0x52 0x0C o At address 0x53 → 0x00 • Run an I2C/SPI write, of the new data, at address 0x60 (one of I2C/SPI Internal Configuration Registers).",System,"Section 2 AFE_BLOCK register R/W -> Read/Write the AFE_BLOCK register with the address (under Section 13.4.1 STBIO1 Register Map), paragraph 036 (page 134)",Regmap,architecture_function,explicit,Auto-extracted from source-backed main functionality description | rag_crosscheck=ok:exact_match,Normative pattern or accepted requirement phrase indicates a configuration requirement.,Configuration,yes,configuration,,,
CONF_SYS-RQ-059,,,tagged_architecture,"• Run an I2C/SPI read transition, with the number of byte that you read, at address 0x68 (one of I2C/SPI Internal Configuration Registers).",System,"Section 2 AFE_BLOCK register R/W -> Read/Write the AFE_BLOCK register with the address (under Section 13.4.1 STBIO1 Register Map), paragraph 046 (page 134)",Regmap,architecture_function,explicit,Auto-extracted from source-backed main functionality description | rag_crosscheck=ok:exact_match,Normative pattern or accepted requirement phrase indicates a configuration requirement.,Configuration,yes,configuration,,,
REQ_SYS-RQ-060,,,tagged_architecture,"The only registers that are accessible also by an I2C/SPI direct access, are the ones of the AFE BLOCK section.",System,"Section 13.4.1 STBIO1 Register Map (under Section 13.4 STBIO1 Register Map), paragraph 003 (page 134)",Regmap,architecture_capability,explicit,Auto-extracted from source-backed main functionality description | rag_crosscheck=ok:exact_match,Normative pattern or accepted requirement phrase indicates a other requirement.,Requirement,yes,other,,,
REQ_SYS-RQ-061,,,tagged_architecture,The I2C/SPI direct access mode is done by the HOST INTF port (I2C/SPI AHB) and the address of the AFE_BLOCK registers are arranged in 4 pages of 64 registers (Table 24).,System,"Section 13.4.1 STBIO1 Register Map (under Section 13.4 STBIO1 Register Map), paragraph 006 (page 134)",Regmap,architecture_capability,explicit,Auto-extracted from source-backed main functionality description | rag_crosscheck=ok:exact_match,Normative pattern or accepted requirement phrase indicates a interface requirement.,Requirement,yes,interface,,,
REQ_SYS-RQ-062,,,tagged_architecture,"To reach a very Low-Power consumption, the AHB interface is disabled as default.",System,"Section 13.4.1 STBIO1 Register Map (under Section 13.4 STBIO1 Register Map), paragraph 005 (page 134)",Regmap,power_management_concept,explicit,Auto-extracted from source-backed main functionality description | rag_crosscheck=ok:exact_match,Normative pattern or accepted requirement phrase indicates a interface requirement.,Requirement,yes,interface,,LED,
CONF_SYS-RQ-063,,,tagged_architecture,"• Run an I2C/SPI transaction with the data that you want to read, at address loaded into the previous step, at the address 0x70 (one of I2C/SPI Internal Configuration Registers).",System,"Section 2 AFE_BLOCK register R/W -> Read/Write the AFE_BLOCK register with the address, paragraph 003 (page 135)",,architecture_function,explicit,Auto-extracted from source-backed main functionality description | rag_crosscheck=ok:exact_match,Normative pattern or accepted requirement phrase indicates a configuration requirement.,Configuration,yes,configuration,,,
REQ_SYS-RQ-064,,,tagged_architecture,"It's possible remap the whole AFE register map with AHB addresses column “AHB Start Address” of Table 34), included the AFE_BLOCK block: in this case each registers is accessible with own AHB address (AHB start address + offset) and the I2C/SPI access to these registers must follow the previous procedure.",System,"Section 2 AFE_BLOCK register R/W -> Read/Write the AFE_BLOCK register with the address, paragraph 006 (page 135)",,architecture_capability,explicit,Auto-extracted from source-backed main functionality description | rag_crosscheck=ok:exact_match,Normative pattern or accepted requirement phrase indicates a other requirement.,Requirement,yes,other,,,
REQ_SYS-RQ-065,,,tagged_architecture,"This procedure is useful when you are thinking of configuring the STBIO1 by ISPU (with a code previously charged in code memory), leaving to host interface (I2C/SPI) the rule to collect the data from FIFO after AFE sampling and processing phases.",System,"Section 2 AFE_BLOCK register R/W -> Read/Write the AFE_BLOCK register with the address, paragraph 012 (page 135)",,architecture_capability,explicit,Auto-extracted from source-backed main functionality description | rag_crosscheck=ok:exact_match,Normative pattern or accepted requirement phrase indicates a interface requirement.,Requirement,yes,interface,,,
REQ_SYS-RQ-066,,,tagged_architecture,The start and the end of a Measurement Cycle is selected by the writing of the dedicated register as described in following examples.,System,"Section 15.2 Configuration Phase (under Section 15 Measurement Cycle Examples), paragraph 005 (page 147)",,architecture_function,explicit,Auto-extracted from source-backed main functionality description | rag_crosscheck=ok:exact_match,Normative pattern or accepted requirement phrase indicates a functional requirement.,Requirement,yes,functional,,,
REQ_SYS-RQ-067,,,tagged_architecture,"This configuration generates each time slot, two averaged ECG data, which are ECG AC and ECG DC, respectively.",System,"Section 15.3.1 ECG Only (under Section 15.3 Measurement Cycle), paragraph 004 (page 148)",,architecture_function,explicit,Auto-extracted from source-backed main functionality description | rag_crosscheck=ok:exact_match,Normative pattern or accepted requirement phrase indicates a timing requirement.,Requirement,yes,timing,,,
REQ_SYS-RQ-068,,,tagged_architecture,"This configuration generates each time slot, two averaged ECG data, which are ECG AC and ECG DC, respectively and four averaged BIA data which are BIA_AC_P, BIA_DC_P, BIA_AC_Q and BIA_DC_Q.",System,"Section 15.3.2 ECG and BIA (under Section 15.3 Measurement Cycle), paragraph 007 (page 150)",,architecture_function,explicit,Auto-extracted from source-backed main functionality description | rag_crosscheck=ok:exact_match,Normative pattern or accepted requirement phrase indicates a timing requirement.,Requirement,yes,timing,,,
REQ_SYS-RQ-069,,,tagged_architecture,"This configuration generates each time slot, a number of PPG DATA according to user configuration.",System,"Section 15.3.3 PPG Only (under Section 15.3 Measurement Cycle), paragraph 006 (page 152)",,architecture_function,explicit,Auto-extracted from source-backed main functionality description | rag_crosscheck=ok:exact_match,Normative pattern or accepted requirement phrase indicates a timing requirement.,Requirement,yes,timing,,,
REQ_SYS-RQ-070,,,tagged_architecture,All user BIST control is done through the controller.,System,"Section 17.2.2 MBIST Controller (under Section 17.2 Memory BIST Architecture), paragraph 047 (page 157)",,architecture_function,explicit,Auto-extracted from source-backed main functionality description | rag_crosscheck=ok:exact_match,Normative pattern or accepted requirement phrase indicates a other requirement.,Requirement,yes,other,,,
REQ_SYS-RQ-071,,,tagged_architecture,through the controller. The controller controls various testing and reporting activities of the memory test. It allows various mode selections and programs the pre-stored synthesized,System,"Section 17.2.2 MBIST Controller (under Section 17.2 Memory BIST Architecture), paragraph 048 (page 157)",,architecture_function,explicit,Auto-extracted from source-backed main functionality description | rag_crosscheck=ok:exact_match,Normative pattern or accepted requirement phrase indicates a other requirement.,Requirement,yes,other,,,
REQ_SYS-RQ-072,,,tagged_architecture,It allows various mode selections and programs the pre-stored synthesized algorithms instructions into collars attached to it.,System,"Section 17.2.2 MBIST Controller (under Section 17.2 Memory BIST Architecture), paragraph 049 (page 157)",,architecture_function,explicit,Auto-extracted from source-backed main functionality description | rag_crosscheck=ok:exact_match,Normative pattern or accepted requirement phrase indicates a other requirement.,Requirement,yes,other,,,
REQ_SYS-RQ-073,,,tagged_architecture,"• It includes a TAP controller, a 7-bit instruction register, three test data registers, and the bypass register.",System,"Section 17.2.2 MBIST Controller (under Section 17.2 Memory BIST Architecture), paragraph 059 (page 157)",,architecture_function,explicit,Auto-extracted from source-backed main functionality description | rag_crosscheck=ok:exact_match,Normative pattern or accepted requirement phrase indicates a other requirement.,Requirement,yes,other,,,
REQ_SYS-RQ-074,,,tagged_architecture,The BIST solution consists of memory-wrapper “collar” and common master “controller” and an IEEE 1149.1 compliant Test Access Port (TAP).,System,"Section 17.2 Memory BIST Architecture (under Section 17 BIST), paragraph 037 (page 157)",,architecture_capability,explicit,Auto-extracted from source-backed main functionality description | rag_crosscheck=ok:exact_match,Normative pattern or accepted requirement phrase indicates a other requirement.,Requirement,yes,other,,,
REQ_SYS-RQ-075,,,tagged_architecture,"After testing it reports the execution status to the controller and manages all the BIST status, diagnosis, repair information and debug data. The collar also provides support for testing multiple",System,"Section 17.2.1 MBIST Collar (under Section 17.2 Memory BIST Architecture), paragraph 043 (page 157)",,architecture_capability,explicit,Auto-extracted from source-backed main functionality description | rag_crosscheck=ok:exact_match,Normative pattern or accepted requirement phrase indicates a other requirement.,Requirement,yes,other,,,
REQ_SYS-RQ-076,,,tagged_architecture,"Main functionalities of controller are: • Mode management (RunBIST mode, Retention mode etc.)",System,"Section 17.2.2 MBIST Controller (under Section 17.2 Memory BIST Architecture), paragraph 052 (page 157)",,architecture_capability,explicit,Auto-extracted from source-backed main functionality description | rag_crosscheck=ok:exact_match,Normative pattern or accepted requirement phrase indicates a other requirement.,Requirement,yes,other,,,
CONF_SYS-RQ-077,,,tagged_architecture,"In this configuration, there is only one controller for the entire chip. All associated collars are",System,"Section 17.2.3 Top Level Approach (under Section 17.2 Memory BIST Architecture), paragraph 005 (page 158)",,architecture_capability,explicit,Auto-extracted from source-backed main functionality description | rag_crosscheck=ok:exact_match,Normative pattern or accepted requirement phrase indicates a configuration requirement.,Configuration,yes,configuration,,,
REQ_SYS-RQ-078,,,tagged_architecture,• Bend: Indicates that all the activities of the test run of all Memories in the current BIST mode are complete • Bfail: Indicates bfail for a specific memory.,System,"Section 17.2.3 Top Level Approach (under Section 17.2 Memory BIST Architecture), paragraph 010 (page 158)",,architecture_capability,explicit,Auto-extracted from source-backed main functionality description | rag_crosscheck=ok:exact_match,Normative pattern or accepted requirement phrase indicates a electrical requirement.,Requirement,yes,electrical,,,
REQ_SYS-RQ-079,,,tagged_architecture,"• Tdo:TAP serial output Updated on falling edge of tck INPUT FROM PAD • Tck: TAP clock • Tdi: TAP serial input Sampled on rising edge of tck • Tms: TAP test mode select Sampled on rising edge of tck • Trstn: TAP reset INPUT FROM REGISTER • Memsafe (ADDRESS=0x3E, BIT=0x05): to globally deactivate the memory by making CSN high internally • Mem_atpg_mode (ADDRESS=0x3E, BIT=0x06): Used to constraint few memory inputs and improve controllability and observability.",System,"Section 17.2.3 Top Level Approach (under Section 17.2 Memory BIST Architecture), paragraph 017 (page 158)",,architecture_capability,explicit,Auto-extracted from source-backed main functionality description | rag_crosscheck=ok:exact_match,Normative pattern or accepted requirement phrase indicates a other requirement.,Requirement,yes,other,,LED,
DDS_STBIO1_4000,DDS_STBIO1_4000,,tagged_preserve,"[DDS_STBIO1_4000] Requirement: Write enable for each OTP REGISTER shall be 0, in functional mode, if bit 31 of OTP_PRG10 is set 1.",Digital,"Section 13.4.2 STBIO1 Register Map Peculiar Requirements (under Section 13.4 STBIO1 Register Map), paragraph 023 (page 135)",Regmap,raw,explicit,Auto-extracted from OCR functional sentence using ontology rule | source_req_id=DDS_STBIO1_4000 | id_policy=preserve_tagged_source_id | rag_crosscheck=ok:exact_match,Narrative sentence states device behavior classified as a other requirement.,Requirement,yes,other,,,
DDS_STBIO1_0201,DDS_STBIO1_0201,,tagged_preserve,11.1. XBAR Connection Matrix Destination Source Regmap SENSOR HUB ISPU FIFO ADSP Main Controller,Digital,"Section 11.1 XBAR Connection Matrix (under Section 11 Interconnect), paragraph 017 (page 34)",,raw,explicit,"Auto-extracted from OCR explicit req-id row sweep | table_line_info=page34:lines[6,7,10,11,14,15,16,17] | recovery_mode=header_split | source_req_id=DDS_STBIO1_0201 | id_policy=preserve_tagged_source_id | rag_crosscheck=ok:exact_match",Source requirement ID was preserved from the specification text.,Requirement,yes,functional,,,
DDS_STBIO1_0202,DDS_STBIO1_0202,,tagged_preserve,11.1. XBAR Connection Matrix Destination Source Regmap SENSOR HUB ISPU FIFO ADSP Main Controller,Digital,"Section 11.1 XBAR Connection Matrix (under Section 11 Interconnect), paragraph 017 (page 34)",,raw,explicit,"Auto-extracted from OCR explicit req-id row sweep | table_line_info=page34:lines[6,7,10,11,14,15,16,17] | recovery_mode=header_split | source_req_id=DDS_STBIO1_0202 | id_policy=preserve_tagged_source_id | rag_crosscheck=ok:exact_match",Source requirement ID was preserved from the specification text.,Requirement,yes,functional,,,
DDS_STBIO1_0219,DDS_STBIO1_0219,,tagged_preserve,11.1. XBAR Connection Matrix Destination Source Regmap SENSOR HUB ISPU FIFO ADSP Main Controller,Digital,"Section 11.1 XBAR Connection Matrix (under Section 11 Interconnect), paragraph 017 (page 34)",,raw,explicit,"Auto-extracted from OCR explicit req-id row sweep | table_line_info=page34:lines[6,7,10,11,14,15,16,17] | recovery_mode=header_split | source_req_id=DDS_STBIO1_0219 | id_policy=preserve_tagged_source_id | rag_crosscheck=ok:exact_match",Source requirement ID was preserved from the specification text.,Requirement,yes,functional,,,
DDS_STBIO1_0203,DDS_STBIO1_0203,,tagged_preserve,ADSP,System,"Section 11.1 XBAR Connection Matrix (under Section 11 Interconnect), paragraph 018 (page 34)",,raw,explicit,Auto-extracted from OCR explicit req-id row sweep | table_line_info=page34:lines[18] | recovery_mode=header_split | source_req_id=DDS_STBIO1_0203 | id_policy=preserve_tagged_source_id | rag_crosscheck=ok:exact_match,Source requirement ID was preserved from the specification text.,Requirement,yes,other,,,
DDS_STBIO1_0204,DDS_STBIO1_0204,,tagged_preserve,ADSP,System,"Section 11.1 XBAR Connection Matrix (under Section 11 Interconnect), paragraph 018 (page 34)",,raw,explicit,Auto-extracted from OCR explicit req-id row sweep | table_line_info=page34:lines[18] | recovery_mode=header_split | source_req_id=DDS_STBIO1_0204 | id_policy=preserve_tagged_source_id | rag_crosscheck=ok:exact_match,Source requirement ID was preserved from the specification text.,Requirement,yes,other,,,
DDS_STBIO1_0206,DDS_STBIO1_0206,,tagged_preserve,ADSP,System,"Section 11.1 XBAR Connection Matrix (under Section 11 Interconnect), paragraph 018 (page 34)",,raw,explicit,Auto-extracted from OCR explicit req-id row sweep | table_line_info=page34:lines[18] | recovery_mode=header_split | source_req_id=DDS_STBIO1_0206 | id_policy=preserve_tagged_source_id | rag_crosscheck=ok:exact_match,Source requirement ID was preserved from the specification text.,Requirement,yes,other,,,
DDS_STBIO1_0207,DDS_STBIO1_0207,,tagged_preserve,I2C_SPI_AHB,Digital,"Section 11.1 XBAR Connection Matrix (under Section 11 Interconnect), paragraph 019 (page 34)",,raw,explicit,Auto-extracted from OCR explicit req-id row sweep | table_line_info=page34:lines[19] | recovery_mode=header_split | source_req_id=DDS_STBIO1_0207 | id_policy=preserve_tagged_source_id | rag_crosscheck=ok:exact_match,Source requirement ID was preserved from the specification text.,Requirement,yes,other,,,
DDS_STBIO1_0208,DDS_STBIO1_0208,,tagged_preserve,I2C_SPI_AHB,Digital,"Section 11.1 XBAR Connection Matrix (under Section 11 Interconnect), paragraph 019 (page 34)",,raw,explicit,Auto-extracted from OCR explicit req-id row sweep | table_line_info=page34:lines[19] | recovery_mode=header_split | source_req_id=DDS_STBIO1_0208 | id_policy=preserve_tagged_source_id | rag_crosscheck=ok:exact_match,Source requirement ID was preserved from the specification text.,Requirement,yes,other,,,
DDS_STBIO1_0209,DDS_STBIO1_0209,,tagged_preserve,I2C_SPI_AHB,Digital,"Section 11.1 XBAR Connection Matrix (under Section 11 Interconnect), paragraph 019 (page 34)",,raw,explicit,Auto-extracted from OCR explicit req-id row sweep | table_line_info=page34:lines[19] | recovery_mode=header_split | source_req_id=DDS_STBIO1_0209 | id_policy=preserve_tagged_source_id | rag_crosscheck=ok:exact_match,Source requirement ID was preserved from the specification text.,Requirement,yes,other,,,
DDS_STBIO1_0210,DDS_STBIO1_0210,,tagged_preserve,I2C_SPI_AHB,Digital,"Section 11.1 XBAR Connection Matrix (under Section 11 Interconnect), paragraph 019 (page 34)",,raw,explicit,Auto-extracted from OCR explicit req-id row sweep | table_line_info=page34:lines[19] | recovery_mode=header_split | source_req_id=DDS_STBIO1_0210 | id_policy=preserve_tagged_source_id | rag_crosscheck=ok:exact_match,Source requirement ID was preserved from the specification text.,Requirement,yes,other,,,
DDS_STBIO1_0221,DDS_STBIO1_0221,,tagged_preserve,I2C_SPI_AHB,Digital,"Section 11.1 XBAR Connection Matrix (under Section 11 Interconnect), paragraph 019 (page 34)",,raw,explicit,Auto-extracted from OCR explicit req-id row sweep | table_line_info=page34:lines[19] | recovery_mode=header_split | source_req_id=DDS_STBIO1_0221 | id_policy=preserve_tagged_source_id | rag_crosscheck=ok:exact_match,Source requirement ID was preserved from the specification text.,Requirement,yes,other,,,
DDS_STBIO1_0211,DDS_STBIO1_0211,,tagged_preserve,SENSOR HUB,System,"Section 11.1 XBAR Connection Matrix (under Section 11 Interconnect), paragraph 020 (page 34)",,raw,explicit,Auto-extracted from OCR explicit req-id row sweep | table_line_info=page34:lines[20] | recovery_mode=header_split | source_req_id=DDS_STBIO1_0211 | id_policy=preserve_tagged_source_id | rag_crosscheck=ok:exact_match,Source requirement ID was preserved from the specification text.,Requirement,yes,functional,,,
DDS_STBIO1_0212,DDS_STBIO1_0212,,tagged_preserve,ISPU,System,"Section 11.1 XBAR Connection Matrix (under Section 11 Interconnect), paragraph 021 (page 34)",,raw,explicit,Auto-extracted from OCR explicit req-id row sweep | table_line_info=page34:lines[21] | recovery_mode=header_split | source_req_id=DDS_STBIO1_0212 | id_policy=preserve_tagged_source_id | rag_crosscheck=ok:exact_match,Source requirement ID was preserved from the specification text.,Requirement,yes,other,,,
DDS_STBIO1_0213,DDS_STBIO1_0213,,tagged_preserve,ISPU,System,"Section 11.1 XBAR Connection Matrix (under Section 11 Interconnect), paragraph 021 (page 34)",,raw,explicit,Auto-extracted from OCR explicit req-id row sweep | table_line_info=page34:lines[21] | recovery_mode=header_split | source_req_id=DDS_STBIO1_0213 | id_policy=preserve_tagged_source_id | rag_crosscheck=ok:exact_match,Source requirement ID was preserved from the specification text.,Requirement,yes,other,,,
DDS_STBIO1_0215,DDS_STBIO1_0215,,tagged_preserve,ISPU,System,"Section 11.1 XBAR Connection Matrix (under Section 11 Interconnect), paragraph 021 (page 34)",,raw,explicit,Auto-extracted from OCR explicit req-id row sweep | table_line_info=page34:lines[21] | recovery_mode=header_split | source_req_id=DDS_STBIO1_0215 | id_policy=preserve_tagged_source_id | rag_crosscheck=ok:exact_match,Source requirement ID was preserved from the specification text.,Requirement,yes,other,,,
DDS_STBIO1_0222,DDS_STBIO1_0222,,tagged_preserve,ISPU,System,"Section 11.1 XBAR Connection Matrix (under Section 11 Interconnect), paragraph 021 (page 34)",,raw,explicit,Auto-extracted from OCR explicit req-id row sweep | table_line_info=page34:lines[21] | recovery_mode=header_split | source_req_id=DDS_STBIO1_0222 | id_policy=preserve_tagged_source_id | rag_crosscheck=ok:exact_match,Source requirement ID was preserved from the specification text.,Requirement,yes,other,,,
DDS_STBIO1_0216,DDS_STBIO1_0216,,tagged_preserve,ISPU debug,System,"Section 11.1 XBAR Connection Matrix (under Section 11 Interconnect), paragraph 022 (page 34)",,raw,explicit,Auto-extracted from OCR explicit req-id row sweep | table_line_info=page34:lines[22] | recovery_mode=header_split | source_req_id=DDS_STBIO1_0216 | id_policy=preserve_tagged_source_id | rag_crosscheck=ok:exact_match,Source requirement ID was preserved from the specification text.,Requirement,yes,other,,,
DDS_STBIO1_0217,DDS_STBIO1_0217,,tagged_preserve,ISPU debug,System,"Section 11.1 XBAR Connection Matrix (under Section 11 Interconnect), paragraph 022 (page 34)",,raw,explicit,Auto-extracted from OCR explicit req-id row sweep | table_line_info=page34:lines[22] | recovery_mode=header_split | source_req_id=DDS_STBIO1_0217 | id_policy=preserve_tagged_source_id | rag_crosscheck=ok:exact_match,Source requirement ID was preserved from the specification text.,Requirement,yes,other,,,
DDS_STBIO1_0218,DDS_STBIO1_0218,,tagged_preserve,ISPU debug,System,"Section 11.1 XBAR Connection Matrix (under Section 11 Interconnect), paragraph 022 (page 34)",,raw,explicit,Auto-extracted from OCR explicit req-id row sweep | table_line_info=page34:lines[22] | recovery_mode=header_split | source_req_id=DDS_STBIO1_0218 | id_policy=preserve_tagged_source_id | rag_crosscheck=ok:exact_match,Source requirement ID was preserved from the specification text.,Requirement,yes,other,,,
DDS_STBIO1_0220,DDS_STBIO1_0220,,tagged_preserve,ISPU debug,System,"Section 11.1 XBAR Connection Matrix (under Section 11 Interconnect), paragraph 022 (page 34)",,raw,explicit,Auto-extracted from OCR explicit req-id row sweep | table_line_info=page34:lines[22] | recovery_mode=header_split | source_req_id=DDS_STBIO1_0220 | id_policy=preserve_tagged_source_id | rag_crosscheck=ok:exact_match,Source requirement ID was preserved from the specification text.,Requirement,yes,other,,,
DDS_STBIO1_0223,DDS_STBIO1_0223,,tagged_preserve,ISPU debug,System,"Section 11.1 XBAR Connection Matrix (under Section 11 Interconnect), paragraph 022 (page 34)",,raw,explicit,Auto-extracted from OCR explicit req-id row sweep | table_line_info=page34:lines[22] | recovery_mode=header_split | source_req_id=DDS_STBIO1_0223 | id_policy=preserve_tagged_source_id | rag_crosscheck=ok:exact_match,Source requirement ID was preserved from the specification text.,Requirement,yes,other,,,
DDS_STBIO1_0104,DDS_STBIO1_0104,,tagged_preserve,"When the device is turned on, i_POR1V2_1V2 shall be high. [TO: IPOS_PMU]",Digital,"Section 13.1.1.3 PMU Peculiar Requirements (under Section 13.1.1 PMU), paragraph 013 (page 43)",PMU,raw,explicit,Auto-extracted from OCR normative statement | source_req_id=DDS_STBIO1_0104 | id_policy=preserve_tagged_source_id | rag_crosscheck=ok:exact_match,Source requirement ID was preserved from the specification text.,Requirement,yes,other,,,
DDS_STBIO1_0105,DDS_STBIO1_0105,,tagged_preserve,"When i_POR1V2_1V2 is low, o_ EN_LDO1V8 shall be low. [TO: IPOS_PMU]",Digital,"Section 13.1.1.3 PMU Peculiar Requirements (under Section 13.1.1 PMU), paragraph 017 (page 43)",PMU,raw,explicit,Auto-extracted from OCR normative statement | source_req_id=DDS_STBIO1_0105 | id_policy=preserve_tagged_source_id | rag_crosscheck=ok:exact_match,Source requirement ID was preserved from the specification text.,Requirement,yes,other,,,
DDS_STBIO1_0106,DDS_STBIO1_0106,,tagged_preserve,"When i_POR1V2_1V2 is low, o_PD_CLKF shall be high. [TO: IPOS_PMU]",Digital,"Section 13.1.1.3 PMU Peculiar Requirements (under Section 13.1.1 PMU), paragraph 021 (page 43)",PMU,raw,explicit,Auto-extracted from OCR normative statement | source_req_id=DDS_STBIO1_0106 | id_policy=preserve_tagged_source_id | rag_crosscheck=ok:exact_match,Source requirement ID was preserved from the specification text.,Requirement,yes,other,,,
DDS_STBIO1_0107,DDS_STBIO1_0107,,tagged_preserve,"When i_POR1V2_1V2 is low, o_CLK_16M_READY shall be low. [TO: IPOS_PMU]",Digital,"Section 13.1.1.3 PMU Peculiar Requirements (under Section 13.1.1 PMU), paragraph 024 (page 43)",PMU,raw,explicit,Auto-extracted from OCR normative statement | source_req_id=DDS_STBIO1_0107 | id_policy=preserve_tagged_source_id | rag_crosscheck=ok:exact_match,Source requirement ID was preserved from the specification text.,Requirement,yes,other,,,
DDS_STBIO1_0108,DDS_STBIO1_0108,,tagged_preserve,"When i_POR1V2_1V2 is low, o_DIS_RC_VIREF shall be high. [TO: IPOS_PMU]",Digital,"Section 13.1.1.3 PMU Peculiar Requirements (under Section 13.1.1 PMU), paragraph 027 (page 43)",PMU,raw,explicit,Auto-extracted from OCR normative statement | source_req_id=DDS_STBIO1_0108 | id_policy=preserve_tagged_source_id | rag_crosscheck=ok:exact_match,Source requirement ID was preserved from the specification text.,Requirement,yes,other,,,
DDS_STBIO1_0109,DDS_STBIO1_0109,,tagged_preserve,"When i_POR1V2_1V2 rises, after at least 10 cycles of i_clk_64k (64kHz), o_ EN_LDO1V8 shall be high and the clk_64k_divided is considered stable. [TO: IPOS_PMU]",Digital,"Section 13.1.1.3 PMU Peculiar Requirements (under Section 13.1.1 PMU), paragraph 030 (page 43)",PMU,raw,explicit,Auto-extracted from OCR normative statement | source_req_id=DDS_STBIO1_0109 | id_policy=preserve_tagged_source_id | rag_crosscheck=ok:exact_match,Source requirement ID was preserved from the specification text.,Requirement,yes,other,,,at least 10 cycles of i_clk_64k (64kHz)
DDS_STBIO1_0110,DDS_STBIO1_0110,,tagged_preserve,"When clk_64k_divided is stable, after at least 352 cycles of clk_64k_divided (32kHz), o_DIS_RC_VIREF shall be low. [TO: IPOS_PMU]",Digital,"Section 13.1.1.3 PMU Peculiar Requirements (under Section 13.1.1 PMU), paragraph 034 (page 43)",PMU,raw,explicit,Auto-extracted from OCR normative statement | source_req_id=DDS_STBIO1_0110 | id_policy=preserve_tagged_source_id | rag_crosscheck=ok:exact_match,Source requirement ID was preserved from the specification text.,Requirement,yes,other,,,at least 352 cycles of clk_64k_divided (32kHz)
DDS_STBIO1_0111,DDS_STBIO1_0111,,tagged_preserve,"When i_mask_en_ldo_pdclkf_reg and o_EN_LDO1V8 are set to 1, o_PD_CLKF shall be low after at least 40 cycles of the clk_64k_divided. [TO: IPOS_PMU]",Digital,"Section 13.1.1.3 PMU Peculiar Requirements (under Section 13.1.1 PMU), paragraph 004 (page 44)",PMU,raw,explicit,Auto-extracted from OCR normative statement | source_req_id=DDS_STBIO1_0111 | id_policy=preserve_tagged_source_id | rag_crosscheck=ok:exact_match,Source requirement ID was preserved from the specification text.,Requirement,yes,other,,,at least 40 cycles of the clk_64k_divided
DDS_STBIO1_0112,DDS_STBIO1_0112,,tagged_preserve,"When i_START_CLK_16M is high, after at least 20 cycles of i_clk_16M (16MHz), o_CLK_16M_READY shall be high. [TO: IPOS_PMU]",Digital,"Section 13.1.1.3 PMU Peculiar Requirements (under Section 13.1.1 PMU), paragraph 008 (page 44)",PMU,raw,explicit,Auto-extracted from OCR normative statement | source_req_id=DDS_STBIO1_0112 | id_policy=preserve_tagged_source_id | rag_crosscheck=ok:exact_match,Source requirement ID was preserved from the specification text.,Requirement,yes,other,,,at least 20 cycles of i_clk_16M (16MHz)
DDS_STBIO1_0113,DDS_STBIO1_0113,,tagged_preserve,"When i_START_CLK_16M is high for the first time, after at least 20 cycles of i_clk_16M (16MHz), o_main_resetn shall be high. [TO: IPOS_PMU]",Digital,"Section 13.1.1.3 PMU Peculiar Requirements (under Section 13.1.1 PMU), paragraph 012 (page 44)",PMU,raw,explicit,Auto-extracted from OCR normative statement | source_req_id=DDS_STBIO1_0113 | id_policy=preserve_tagged_source_id | rag_crosscheck=ok:exact_match,Source requirement ID was preserved from the specification text.,Requirement,yes,other,,,at least 20 cycles of i_clk_16M (16MHz)
DDS_STBIO1_1020,DDS_STBIO1_1020,DDS_STBIO1_1020,tagged_preserve,"The stbio1_top.clk_16m signal shall be connected to the stbio1_top.dig_wrapper_LV.u_pmu.clk_16m signal, with frequency 16 MHz and without clock gating.",Digital,"Section 13.1.1.4 Clocks and Reset (under Section 13.1.1 PMU), paragraph 015 (page 45)",PMU,clock_table_connection_frequency,derived-from-structure,"Derived from reset/clock table columns req_id, source, destination/target and optional F max/Frequency/clock gating | frequency=16 MHz | clock_gating=No | table_line_info=page45:lines[15-25] | source_req_id=DDS_STBIO1_1020 | id_policy=preserve_tagged_source_id | rag_crosscheck=warn:structural_table_derivation",Source requirement ID was preserved from the specification text.,Requirement,yes,other,,,
DDS_STBIO1_1021,DDS_STBIO1_1021,DDS_STBIO1_1021,tagged_preserve,"The stbio1_top.clk_64k signal shall be connected to the stbio1_top.dig_wrapper_LV.u_pmu.clk_64k signal, with frequency 64 kHz and without clock gating.",Digital,"Section 1020 stbio1_top.clk_16m stbio1_top.dig_wrapper_LV.u_pmu.clk (under Section 13.1.1.4 Clocks and Reset), paragraph 021 (page 45)",,clock_table_connection_frequency,derived-from-structure,"Derived from reset/clock table columns req_id, source, destination/target and optional F max/Frequency/clock gating | frequency=64 kHz | clock_gating=No | table_line_info=page45:lines[21-25] | source_req_id=DDS_STBIO1_1021 | id_policy=preserve_tagged_source_id | rag_crosscheck=warn:structural_table_derivation",Source requirement ID was preserved from the specification text.,Requirement,yes,other,,,
DDS_STBIO1_1027,DDS_STBIO1_1027,DDS_STBIO1_1027,tagged_preserve,"The stbio1_top.dig_wrapper_LV.u_pmu.tst_clk_32k signal shall be connected to the stbio1_top.dig_wrapper_LV.u_main_controller_top.i_clk_32kHz signal, with frequency 32 kHz and without clock gating.",Digital,"Section 64 kHz (under Section 13.1.1.4 Clocks and Reset), paragraph 009 (page 46)",,clock_table_connection_frequency,derived-from-structure,"Derived from reset/clock table columns req_id, source, destination/target and optional F max/Frequency/clock gating | frequency=32 kHz | clock_gating=No | table_line_info=page46:lines[9-26] | source_req_id=DDS_STBIO1_1027 | id_policy=preserve_tagged_source_id | rag_crosscheck=warn:structural_table_derivation",Source requirement ID was preserved from the specification text.,Requirement,yes,other,,,
DDS_STBIO1_1022,DDS_STBIO1_1022,DDS_STBIO1_1022,tagged_preserve,"The stbio1_top.dig_wrapper_LV.u_pmu.clk_16m_dft signal shall be connected to the stbio1_top.dig_wrapper_LV.u_ADSP.stmc_clk signal, with frequency 16 MHz and with clock gating stbio1_top.dig_wrapper_LV.u_pm u.adsp_run | stbio1_top.dig_wrapper_LV.u_pm u.all_test_mode | ~stbio1_top.dig_wrapper_LV.u_p ad_mux.scan_enable.",Digital,"Section 32 kHz (under Section 13.1.1.4 Clocks and Reset), paragraph 015 (page 46)",,clock_table_connection_frequency,derived-from-structure,"Derived from reset/clock table columns req_id, source, destination/target and optional F max/Frequency/clock gating | frequency=16 MHz | clock_gating=stbio1_top.dig_wrapper_LV.u_pm u.adsp_run | stbio1_top.dig_wrapper_LV.u_pm u.all_test_mode | ~stbio1_top.dig_wrapper_LV.u_p ad_mux.scan_enable | table_line_info=page46:lines[15-32] | source_req_id=DDS_STBIO1_1022 | id_policy=preserve_tagged_source_id | rag_crosscheck=warn:structural_table_derivation",Source requirement ID was preserved from the specification text.,Requirement,yes,other,,,
DDS_STBIO1_1023,DDS_STBIO1_1023,DDS_STBIO1_1023,tagged_preserve,"The stbio1_top.dig_wrapper_LV.u_pmu.w_sh_clk signal shall be connected to the stbio1_top.dig_wrapper_LV.u_masterblaze_ahb.sys_clk signal, with frequency 16 MHz and with clock gating stbio1_top.dig_wrapper_LV.u_pm u.i_en_sh_clk | stbio1_top.dig_wrapper_LV.u_pm u.all_test_mode | ~stbio1_top.dig_wrapper_LV.u_p ad_mux.scan_enable.",Digital,"Section 16 MHz (under Section 13.1.1.4 Clocks and Reset), paragraph 029 (page 46)",,clock_table_connection_frequency,derived-from-structure,"Derived from reset/clock table columns req_id, source, destination/target and optional F max/Frequency/clock gating | frequency=16 MHz | clock_gating=stbio1_top.dig_wrapper_LV.u_pm u.i_en_sh_clk | stbio1_top.dig_wrapper_LV.u_pm u.all_test_mode | ~stbio1_top.dig_wrapper_LV.u_p ad_mux.scan_enable | table_line_info=page46:lines[29-46] | source_req_id=DDS_STBIO1_1023 | id_policy=preserve_tagged_source_id | rag_crosscheck=warn:structural_table_derivation",Source requirement ID was preserved from the specification text.,Requirement,yes,other,,,
DDS_STBIO1_1024,DDS_STBIO1_1024,DDS_STBIO1_1024,tagged_preserve,"The stbio1_top.dig_wrapper_LV.u_pmu.clk_16m_dft signal shall be connected to the stbio1_top.dig_wrapper_LV.u_xbar_afe.hclk signal, with frequency 16 MHz and with clock gating stbio1_top.dig_wrapper_LV.u_pm u.clk_xbar_en | stbio1_top.dig_wrapper_LV.u_pm u.all_test_mode | ~stbio1_top.dig_wrapper_LV.u_p ad_mux.scan_enable.",Digital,"Section 16 MHz (under Section 13.1.1.4 Clocks and Reset), paragraph 040 (page 46)",,clock_table_connection_frequency,derived-from-structure,"Derived from reset/clock table columns req_id, source, destination/target and optional F max/Frequency/clock gating | frequency=16 MHz | clock_gating=stbio1_top.dig_wrapper_LV.u_pm u.clk_xbar_en | stbio1_top.dig_wrapper_LV.u_pm u.all_test_mode | ~stbio1_top.dig_wrapper_LV.u_p ad_mux.scan_enable | table_line_info=page46:lines[40-57] | source_req_id=DDS_STBIO1_1024 | id_policy=preserve_tagged_source_id | rag_crosscheck=warn:structural_table_derivation",Source requirement ID was preserved from the specification text.,Requirement,yes,other,,,
DDS_STBIO1_2024,DDS_STBIO1_2024,DDS_STBIO1_2024,tagged_preserve,"The stbio1_top.dig_wrapper_LV.u_pmuclk_xbar signal shall be connected to the stbio1_top.dig_wrapper_LV.u.fifo.HCLK signal, with frequency 16 MHz and with clock gating stbio1_top.dig_wrapper_LV.u_pm u.clk_en_m2 | stbio1_top.dig_wrapper_LV.u_pm u.all_test_mode | stbio1_top.dig_wrapper_LV.u_pm u.clk_en_m2_reg | ~stbio1_top.dig_wrapper_LV.u_p ad_mux.scan_enable.",Digital,"Section 16 MHz (under Section 13.1.1.4 Clocks and Reset), paragraph 056 (page 46)",,clock_table_connection_frequency,derived-from-structure,"Derived from reset/clock table columns req_id, source, destination/target and optional F max/Frequency/clock gating | frequency=16 MHz | clock_gating=stbio1_top.dig_wrapper_LV.u_pm u.clk_en_m2 | stbio1_top.dig_wrapper_LV.u_pm u.all_test_mode | stbio1_top.dig_wrapper_LV.u_pm u.clk_en_m2_reg | ~stbio1_top.dig_wrapper_LV.u_p ad_mux.scan_enable | table_line_info=page46:lines[56-73] | source_req_id=DDS_STBIO1_2024 | id_policy=preserve_tagged_source_id | rag_crosscheck=warn:structural_table_derivation",Source requirement ID was preserved from the specification text.,Requirement,yes,other,,,
DDS_STBIO1_2025,DDS_STBIO1_2025,DDS_STBIO1_2025,tagged_preserve,"The stbio1_top.dig_wrapper_LV.u_pmu.clk_stredl signal shall be connected to the stbio1_top.dig_wrapper_LV.u_ispu.clk signal, with frequency 16 MHz and without clock gating.",Digital,"Section 16 MHz (under Section 13.1.1.4 Clocks and Reset), paragraph 073 (page 46)",,clock_table_connection_frequency,derived-from-structure,"Derived from reset/clock table columns req_id, source, destination/target and optional F max/Frequency/clock gating | frequency=16 MHz | clock_gating=No | table_line_info=page46:lines[73-90] | source_req_id=DDS_STBIO1_2025 | id_policy=preserve_tagged_source_id | rag_crosscheck=warn:structural_table_derivation",Source requirement ID was preserved from the specification text.,Requirement,yes,other,,,
DDS_STBIO1_2026,DDS_STBIO1_2026,DDS_STBIO1_2026,tagged_preserve,"The stbio1_top.dig_wrapper_LV.u_pmu.clk_xbar signal shall be connected to the stbio1_top.dig_wrapper_LV.u_regmap_otp.hclk signal, with frequency 16 MHz and with clock gating stbio1_top.dig_wrapper_LV.u_pm u.clk_en_m3 | stbio1_top.dig_wrapper_LV.u_pm u.all_test_mode | stbio1_top.dig_wrapper_LV.u_pm u.clk_en_m3_reg | stbio1_top.dig_wrapper_LV.u_pm u.clk_en_s3 | ~stbio1_top.dig_wrapper_LV.u_p ad_mux.scan_enable.",Digital,"Section 16 MHz (under Section 13.1.1.4 Clocks and Reset), paragraph 080 (page 46)",,clock_table_connection_frequency,derived-from-structure,"Derived from reset/clock table columns req_id, source, destination/target and optional F max/Frequency/clock gating | frequency=16 MHz | clock_gating=stbio1_top.dig_wrapper_LV.u_pm u.clk_en_m3 | stbio1_top.dig_wrapper_LV.u_pm u.all_test_mode | stbio1_top.dig_wrapper_LV.u_pm u.clk_en_m3_reg | stbio1_top.dig_wrapper_LV.u_pm u.clk_en_s3 | ~stbio1_top.dig_wrapper_LV.u_p ad_mux.scan_enable | table_line_info=page46:lines[80-97] | source_req_id=DDS_STBIO1_2026 | id_policy=preserve_tagged_source_id | rag_crosscheck=warn:structural_table_derivation",Source requirement ID was preserved from the specification text.,Requirement,yes,other,,,
DDS_STBIO1_1025,DDS_STBIO1_1025,DDS_STBIO1_1025,tagged_preserve,"The u_stbio1_top.u_pmu.u_device_startup.tst_clk_32k signal shall be connected to the stbio1_top.dig_wrapper_LV.tst_clk_32k signal, with frequency 32 kHz and without clock gating.",Digital,"Section 16 MHz (under Section 13.1.1.4 Clocks and Reset), paragraph 098 (page 46)",,clock_table_connection_frequency,derived-from-structure,"Derived from reset/clock table columns req_id, source, destination/target and optional F max/Frequency/clock gating | frequency=32 kHz | clock_gating=No | table_line_info=page46:lines[98-115] | source_req_id=DDS_STBIO1_1025 | id_policy=preserve_tagged_source_id | rag_crosscheck=warn:structural_table_derivation",Source requirement ID was preserved from the specification text.,Requirement,yes,other,,,
DDS_STBIO1_1026,DDS_STBIO1_1026,DDS_STBIO1_1026,tagged_preserve,"The stbio1_top.dig_wrapper_LV.u_pmu.tst_clk_16m signal shall be connected to the stbio1_top.dig_wrapper_LV.u_main_controller_top.i_clk_16MHz signal, with frequency 16 MHz and with clock gating stbio1_top.dig_wrapper_LV.u_pm u.i_en_clk_16MHz_sleep | stbio1_top.dig_wrapper_LV.u_pm u.scan_mode | ~stbio1_top.dig_wrapper_LV.u_p ad_mux.scan_enable.",Digital,"Section 32 kHz (under Section 13.1.1.4 Clocks and Reset), paragraph 107 (page 46)",,clock_table_connection_frequency,derived-from-structure,"Derived from reset/clock table columns req_id, source, destination/target and optional F max/Frequency/clock gating | frequency=16 MHz | clock_gating=stbio1_top.dig_wrapper_LV.u_pm u.i_en_clk_16MHz_sleep | stbio1_top.dig_wrapper_LV.u_pm u.scan_mode | ~stbio1_top.dig_wrapper_LV.u_p ad_mux.scan_enable | table_line_info=page46:lines[107-121] | source_req_id=DDS_STBIO1_1026 | id_policy=preserve_tagged_source_id | rag_crosscheck=warn:structural_table_derivation",Source requirement ID was preserved from the specification text.,Requirement,yes,other,,,
DDS_STBIO1_1050,DDS_STBIO1_1050,DDS_STBIO1_1050,tagged_preserve,The u_stbio1_top.dig_wrapper_LV.u_p signal shall be connected to the mu.resetn_stmcu_stbio1_top.dig_wrapper_LV.u_ADSP.HRESETn signal.,Digital,"Section 16 MHz, paragraph 006 (page 47)",,reset_table_connection,derived-from-structure,"Derived from reset/clock table columns req_id, source, destination/target and optional F max/Frequency/clock gating | table_line_info=page47:lines[6-23] | source_req_id=DDS_STBIO1_1050 | id_policy=preserve_tagged_source_id | rag_crosscheck=warn:structural_table_derivation",Source requirement ID was preserved from the specification text.,Requirement,yes,other,,,
DDS_STBIO1_1051,DDS_STBIO1_1051,DDS_STBIO1_1051,tagged_preserve,The u_stbio1_top.dig_wrapper_LV.u_p signal shall be connected to the mu.resetn_masterblazeu_stbio1_top.dig_wrapper_LV.u_masterblaze_ahb.HRESETn signal.,Digital,"Section 16 MHz, paragraph 011 (page 47)",,reset_table_connection,derived-from-structure,"Derived from reset/clock table columns req_id, source, destination/target and optional F max/Frequency/clock gating | table_line_info=page47:lines[11-28] | source_req_id=DDS_STBIO1_1051 | id_policy=preserve_tagged_source_id | rag_crosscheck=warn:structural_table_derivation",Source requirement ID was preserved from the specification text.,Requirement,yes,other,,,
DDS_STBIO1_1052,DDS_STBIO1_1052,DDS_STBIO1_1052,tagged_preserve,The u_stbio1_top.dig_wrapper_LV.u_p signal shall be connected to the mu.resetn_regmapu_stbio1_top.dig_wrapper_LV.u_regmap_otp.hresetn signal.,Digital,"Section 16 MHz, paragraph 016 (page 47)",,reset_table_connection,derived-from-structure,"Derived from reset/clock table columns req_id, source, destination/target and optional F max/Frequency/clock gating | table_line_info=page47:lines[16-33] | source_req_id=DDS_STBIO1_1052 | id_policy=preserve_tagged_source_id | rag_crosscheck=warn:structural_table_derivation",Source requirement ID was preserved from the specification text.,Requirement,yes,other,,,
DDS_STBIO1_2052,DDS_STBIO1_2052,DDS_STBIO1_2052,tagged_preserve,The stbio1_top.dig_wrapper_LV.u_pmu. signal shall be connected to the u_device_startup.u_por_main_resetn.RST_N_FF[0]u_stbio1_top.dig_wrapper_LV.u_xbar_afe.hresetn signal.,Digital,"Section 16 MHz, paragraph 021 (page 47)",,reset_table_connection,derived-from-structure,"Derived from reset/clock table columns req_id, source, destination/target and optional F max/Frequency/clock gating | table_line_info=page47:lines[21-38] | source_req_id=DDS_STBIO1_2052 | id_policy=preserve_tagged_source_id | rag_crosscheck=warn:structural_table_derivation",Source requirement ID was preserved from the specification text.,Requirement,yes,other,,,
DDS_STBIO1_2053,DDS_STBIO1_2053,DDS_STBIO1_2053,tagged_preserve,The u_stbio1_top.dig_wrapper_LV.u_p signal shall be connected to the mu.resetn_regmapu_stbio1_top.dig_wrapper_LV.u_ispu.main_rst_n signal.,Digital,"Section 16 MHz, paragraph 028 (page 47)",,reset_table_connection,derived-from-structure,"Derived from reset/clock table columns req_id, source, destination/target and optional F max/Frequency/clock gating | table_line_info=page47:lines[28-38] | source_req_id=DDS_STBIO1_2053 | id_policy=preserve_tagged_source_id | rag_crosscheck=warn:structural_table_derivation",Source requirement ID was preserved from the specification text.,Requirement,yes,other,,,
DDS_STBIO1_1053,DDS_STBIO1_1053,DDS_STBIO1_1053,tagged_preserve,The u_stbio1_top.dig_wrapper_LV.u_p signal shall be connected to the mu.resetn_fifou_stbio1_top.dig_wrapper_LV.u_multi_channel_fifo_top.HRESETn signal.,Digital,"Section 16 MHz, paragraph 033 (page 47)",,reset_table_connection,derived-from-structure,"Derived from reset/clock table columns req_id, source, destination/target and optional F max/Frequency/clock gating | table_line_info=page47:lines[33-38] | source_req_id=DDS_STBIO1_1053 | id_policy=preserve_tagged_source_id | rag_crosscheck=warn:structural_table_derivation",Source requirement ID was preserved from the specification text.,Requirement,yes,other,,,
DDS_STBIO1_1054,DDS_STBIO1_1054,DDS_STBIO1_1054,tagged_preserve,The u_stbio1_top.dig_wrapper_LV.u_p signal shall be connected to the mu.resetn_main_ctrlu_stbio1_top.dig_wrapper_LV.u_main_controller_top.i_rstn signal.,Digital,"Section 16 MHz, paragraph 003 (page 48)",,reset_table_connection,derived-from-structure,"Derived from reset/clock table columns req_id, source, destination/target and optional F max/Frequency/clock gating | table_line_info=page48:lines[3-16] | source_req_id=DDS_STBIO1_1054 | id_policy=preserve_tagged_source_id | rag_crosscheck=warn:structural_table_derivation",Source requirement ID was preserved from the specification text.,Requirement,yes,other,,,
DDS_STBIO1_2054,DDS_STBIO1_2054,DDS_STBIO1_2054,tagged_preserve,The u_stbio1_top.dig_wrapper_LV.u_p signal shall be connected to the mu.resetn_32k_main_ctrlu_stbio1_top.dig_wrapper_LV.u_main_controller_top.i_rstn_sync_32 signal.,Digital,"Section 16 MHz, paragraph 008 (page 48)",,reset_table_connection,derived-from-structure,"Derived from reset/clock table columns req_id, source, destination/target and optional F max/Frequency/clock gating | table_line_info=page48:lines[8-16] | source_req_id=DDS_STBIO1_2054 | id_policy=preserve_tagged_source_id | rag_crosscheck=warn:structural_table_derivation",Source requirement ID was preserved from the specification text.,Requirement,yes,other,,,
DDS_STBIO1_302,DDS_STBIO1_302,,tagged_preserve,[DDS_STBIO1_302] Requirement If MODE_CONFIG register is 0x00 the operative mode shall be functional.,System,"Section 13.1.2.2 Requirements (under Section 13.1.2 PAD Mux), paragraph 010 (page 59)",PAD MUX,architecture_capability,explicit,Auto-extracted from source-backed architecture capability or functional definition | source_req_id=DDS_STBIO1_302 | id_policy=preserve_tagged_source_id | rag_crosscheck=ok:exact_match,Source requirement ID was preserved from the specification text.,Requirement,yes,other,,,
DDS_STBIO1_303,DDS_STBIO1_303,,tagged_preserve,[DDS_STBIO1_303] Requirement If MODE_CONFIG register is 0x01 the operative mode shall be SCAN.,System,"Section 13.1.2.2 Requirements (under Section 13.1.2 PAD Mux), paragraph 014 (page 59)",PAD MUX,architecture_capability,explicit,Auto-extracted from source-backed architecture capability or functional definition | source_req_id=DDS_STBIO1_303 | id_policy=preserve_tagged_source_id | rag_crosscheck=ok:exact_match,Source requirement ID was preserved from the specification text.,Requirement,yes,other,,,
DDS_STBIO1_304,DDS_STBIO1_304,,tagged_preserve,[DDS_STBIO1_304] Requirement If MODE_CONFIG register is 0x04 the operative mode shall be BIST.,System,"Section 13.1.2.2 Requirements (under Section 13.1.2 PAD Mux), paragraph 018 (page 59)",PAD MUX,architecture_capability,explicit,Auto-extracted from source-backed architecture capability or functional definition | source_req_id=DDS_STBIO1_304 | id_policy=preserve_tagged_source_id | rag_crosscheck=ok:exact_match,Source requirement ID was preserved from the specification text.,Requirement,yes,other,,,
DDS_STBIO1_305,DDS_STBIO1_305,,tagged_preserve,[DDS_STBIO1_305] Requirement If MODE_CONFIG register is 0x08 the operative mode shall be DEBUG.,System,"Section 13.1.2.2 Requirements (under Section 13.1.2 PAD Mux), paragraph 022 (page 59)",PAD MUX,architecture_capability,explicit,Auto-extracted from source-backed architecture capability or functional definition | source_req_id=DDS_STBIO1_305 | id_policy=preserve_tagged_source_id | rag_crosscheck=ok:exact_match,Source requirement ID was preserved from the specification text.,Requirement,yes,other,,,
DDS_STBIO1_306,DDS_STBIO1_306,,tagged_preserve,[DDS_STBIO1_306] Requirement If MODE_CONFIG register is 0x10 the operative mode shall be ISPU_DEBUG.,System,"Section 13.1.2.2 Requirements (under Section 13.1.2 PAD Mux), paragraph 026 (page 59)",PAD MUX,architecture_capability,explicit,Auto-extracted from source-backed architecture capability or functional definition | source_req_id=DDS_STBIO1_306 | id_policy=preserve_tagged_source_id | rag_crosscheck=ok:exact_match,Source requirement ID was preserved from the specification text.,Requirement,yes,other,,,
DDS_STBIO1_307,DDS_STBIO1_307,,tagged_preserve,[DDS_STBIO1_307] Requirement If MODE_CONFIG register is 0x20 the operative mode shall be Bist MEMSAFE mode.,System,"Section 13.1.2.2 Requirements (under Section 13.1.2 PAD Mux), paragraph 030 (page 59)",PAD MUX,architecture_capability,explicit,Auto-extracted from source-backed architecture capability or functional definition | source_req_id=DDS_STBIO1_307 | id_policy=preserve_tagged_source_id | rag_crosscheck=ok:exact_match,Source requirement ID was preserved from the specification text.,Requirement,yes,other,,,
DDS_STBIO1_308,DDS_STBIO1_308,,tagged_preserve,[DDS_STBIO1_308] Requirement If MODE_CONFIG register is 0x40 the operative mode shall be Bist Bypass mode.,System,"Section 13.1.2.2 Requirements (under Section 13.1.2 PAD Mux), paragraph 034 (page 59)",PAD MUX,architecture_capability,explicit,Auto-extracted from source-backed architecture capability or functional definition | source_req_id=DDS_STBIO1_308 | id_policy=preserve_tagged_source_id | rag_crosscheck=ok:exact_match,Source requirement ID was preserved from the specification text.,Requirement,yes,other,,,
DDS_STBIO1_314,DDS_STBIO1_314,,tagged_preserve,"In function mode, the GPIO1,2,3,4_out shall be General-Purpose if sel irq gpi1,2,3,4 is 0x00 and ext_cap_en is “0” [Vpriority High]",System,"Section 13.1.2.2 Requirements (under Section 13.1.2 PAD Mux), paragraph 038 (page 59)",PAD MUX,raw,explicit,Auto-extracted from OCR normative statement | source_req_id=DDS_STBIO1_314 | id_policy=preserve_tagged_source_id | rag_crosscheck=ok:exact_match,Source requirement ID was preserved from the specification text.,Requirement,yes,other,,,
DDS_STBIO1_309,DDS_STBIO1_309,,tagged_preserve,"In function mode, the GPIO1,2,3,4_out shall be irq_fifo if sel irq gpio1,2,3,4 is 0x01 and ext_cap_en is “0” [Vpriority High]",Digital,"Section 13.1.2.2 Requirements (under Section 13.1.2 PAD Mux), paragraph 043 (page 59)",PAD MUX,raw,explicit,Auto-extracted from OCR normative statement | source_req_id=DDS_STBIO1_309 | id_policy=preserve_tagged_source_id | rag_crosscheck=ok:exact_match,Source requirement ID was preserved from the specification text.,Requirement,yes,other,,,
DDS_STBIO1_310,DDS_STBIO1_310,,tagged_preserve,"In function mode, the GPIO1,2,3,4_out shall be i_LED_Pilot if sel irq gpi1,2,3,4 is 0x02 and ext_cap_en is “0” [Vpriority High]",System,"Section 13.1.2.2 Requirements (under Section 13.1.2 PAD Mux), paragraph 051 (page 59)",PAD MUX,raw,explicit,Auto-extracted from OCR normative statement | source_req_id=DDS_STBIO1_310 | id_policy=preserve_tagged_source_id | rag_crosscheck=ok:exact_match,Source requirement ID was preserved from the specification text.,Requirement,yes,other,,LED,
DDS_STBIO1_311,DDS_STBIO1_311,,tagged_preserve,"In function mode, the GPIO1,2,3,4_out shall be i_DCCK_irq if sel irq gpi1,2,3,4 is 0x03 and ext_cap_en is “0” [Vpriority High]",System,"Section 13.1.2.2 Requirements (under Section 13.1.2 PAD Mux), paragraph 004 (page 60)",PAD MUX,raw,explicit,Auto-extracted from OCR normative statement | source_req_id=DDS_STBIO1_311 | id_policy=preserve_tagged_source_id | rag_crosscheck=ok:exact_match,Source requirement ID was preserved from the specification text.,Requirement,yes,other,,,
DDS_STBIO1_312,DDS_STBIO1_312,,tagged_preserve,"In function mode, the GPIO1,2,3,4 output shall be i_error_time_slot if sel irq gpi1,2,3,4 is 0x04 and ext_cap_en is “0” [Vpriority High]",System,"Section 13.1.2.2 Requirements (under Section 13.1.2 PAD Mux), paragraph 009 (page 60)",PAD MUX,raw,explicit,Auto-extracted from OCR normative statement | source_req_id=DDS_STBIO1_312 | id_policy=preserve_tagged_source_id | rag_crosscheck=ok:exact_match,Source requirement ID was preserved from the specification text.,Requirement,yes,other,,,
DDS_STBIO1_313,DDS_STBIO1_313,,tagged_preserve,"In function mode, the GPIO1,2,3,4 output shall be i_time_slot_irq if sel irq gpi1,2,3,4 is 0x05 and ext_cap_en is “0” [Vpriority High]",System,"Section 13.1.2.2 Requirements (under Section 13.1.2 PAD Mux), paragraph 014 (page 60)",PAD MUX,raw,explicit,Auto-extracted from OCR normative statement | source_req_id=DDS_STBIO1_313 | id_policy=preserve_tagged_source_id | rag_crosscheck=ok:exact_match,Source requirement ID was preserved from the specification text.,Requirement,yes,other,,,
DDS_STBIO1_392,DDS_STBIO1_392,,tagged_preserve,"If O_DCCK_P_i changes its value from '0' to '1' and DCCK_IRQ_MASK is set to '1', then irq_DCCK_IRQ_ST, output of u_regmap_otp, shall be set to '1'",Digital,"Section 13.1.2.2 Requirements (under Section 13.1.2 PAD Mux), paragraph 018 (page 71)",PAD MUX,raw,explicit,Auto-extracted from OCR normative statement | source_req_id=DDS_STBIO1_392 | id_policy=preserve_tagged_source_id | rag_crosscheck=ok:exact_match,Source requirement ID was preserved from the specification text.,Requirement,yes,other,,,
DDS_STBIO1_393,DDS_STBIO1_393,,tagged_preserve,"If O_DCCK_N_i changes its value from '0' to '1' and DCCK_IRQ_MASK is set to '1', then irq_DCCK_IRQ_ST, output of u_regmap_otp, shall be set to '1'",Digital,"Section 13.1.2.2 Requirements (under Section 13.1.2 PAD Mux), paragraph 023 (page 71)",PAD MUX,raw,explicit,Auto-extracted from OCR normative statement | source_req_id=DDS_STBIO1_393 | id_policy=preserve_tagged_source_id | rag_crosscheck=ok:exact_match,Source requirement ID was preserved from the specification text.,Requirement,yes,other,,,
DDS_STBIO1_394,DDS_STBIO1_394,,tagged_preserve,"If O_DCCK_P_i changes its value from '1' to '0' and DCCK_IRQ_MASK is set to '1', then irq_DCCK_IRQ_ST, output of u_regmap_otp, shall be set to '1'",Digital,"Section 13.1.2.2 Requirements (under Section 13.1.2 PAD Mux), paragraph 028 (page 71)",PAD MUX,raw,explicit,Auto-extracted from OCR normative statement | source_req_id=DDS_STBIO1_394 | id_policy=preserve_tagged_source_id | rag_crosscheck=ok:exact_match,Source requirement ID was preserved from the specification text.,Requirement,yes,other,,,
DDS_STBIO1_0014,DDS_STBIO1_0014,,tagged_preserve,The BOOT routine shall starts when the OTP_BOOT bit rises and shall completes when quokka_boot_end rises. [Vpriority High],Digital,"Section 13.2.1.1.2 Requirements (under Section 13.2.1.1 ADSP Peculiar Requirements), paragraph 004 (page 90)",ADSP,raw,explicit,Auto-extracted from OCR normative statement | source_req_id=DDS_STBIO1_0014 | id_policy=preserve_tagged_source_id | rag_crosscheck=ok:exact_match,Source requirement ID was preserved from the specification text.,Requirement,yes,other,,,
DDS_STBIO1_0015,DDS_STBIO1_0015,,tagged_preserve,"During OTP boot operation, the ADSP shall copy the content of the OTP memory into the OTP registers, following the procedure to access OTP memory [Vpriority High]",Digital,"Section 13.2.1.1.2 Requirements (under Section 13.2.1.1 ADSP Peculiar Requirements), paragraph 012 (page 90)",ADSP,raw,explicit,Auto-extracted from OCR normative statement | source_req_id=DDS_STBIO1_0015 | id_policy=preserve_tagged_source_id | rag_crosscheck=ok:exact_match,Source requirement ID was preserved from the specification text.,Requirement,yes,other,,,
DDS_STBIO1_0016,DDS_STBIO1_0016,,tagged_preserve,"During BOOT routine, ADSP shall first read the last location of the OTP memory, at address 0x7F. If the content is 0xFF, called “lifecycle” byte, then the READ operation proceeds from address 0 to address 0x2F; otherwise, ADSP shall not perform any further reads.",Digital,"Section 13.2.1.1.2 Requirements (under Section 13.2.1.1 ADSP Peculiar Requirements), paragraph 019 (page 90)",ADSP,raw,explicit,Auto-extracted from OCR normative statement | source_req_id=DDS_STBIO1_0016 | id_policy=preserve_tagged_source_id | rag_crosscheck=ok:exact_match,Source requirement ID was preserved from the specification text.,Requirement,yes,other,,LED,
DDS_STBIO1_0017,DDS_STBIO1_0017,,tagged_preserve,"To perform a BOOT routine, OTP_BOOT bit shall be written when quokka_run is low. [Vpriority High]",Digital,"Section 13.2.1.1.2 Requirements (under Section 13.2.1.1 ADSP Peculiar Requirements), paragraph 009 (page 91)",ADSP,raw,explicit,Auto-extracted from OCR normative statement | source_req_id=DDS_STBIO1_0017 | id_policy=preserve_tagged_source_id | rag_crosscheck=ok:exact_match,Source requirement ID was preserved from the specification text.,Requirement,yes,other,,,
DDS_STBIO1_0018,DDS_STBIO1_0018,,tagged_preserve,The WRITE routine shall start when OTP Write Bit rises and completes when quokka_run falls. [Vpriority High],Digital,"Section 13.2.1.1.2 Requirements (under Section 13.2.1.1 ADSP Peculiar Requirements), paragraph 013 (page 91)",ADSP,raw,explicit,Auto-extracted from OCR normative statement | source_req_id=DDS_STBIO1_0018 | id_policy=preserve_tagged_source_id | rag_crosscheck=ok:exact_match,Source requirement ID was preserved from the specification text.,Requirement,yes,other,,,
DDS_STBIO1_0019,DDS_STBIO1_0019,,tagged_preserve,"During WRITE routine ADSP shall copy the content of the OTP regmap into the OTP memory, following the procedure to burn the fuses as expressed in the OTP datasheet [Vpriority High]",Digital,"Section 13.2.1.1.2 Requirements (under Section 13.2.1.1 ADSP Peculiar Requirements), paragraph 017 (page 91)",ADSP,raw,explicit,Auto-extracted from OCR normative statement | source_req_id=DDS_STBIO1_0019 | id_policy=preserve_tagged_source_id | rag_crosscheck=ok:exact_match,Source requirement ID was preserved from the specification text.,Requirement,yes,other,,,
DDS_STBIO1_0020,DDS_STBIO1_0020,,tagged_preserve,"During WRITE routine, ADSP shall allow copying all OTP Registers into the OTP Memory only if the location 0x24 of OTP Memory (OTP[24] in the following diagram) is not set to 0xFF.",Digital,"Section 13.2.1.1.2 Requirements (under Section 13.2.1.1 ADSP Peculiar Requirements), paragraph 008 (page 92)",ADSP,raw,explicit,Auto-extracted from OCR normative statement | source_req_id=DDS_STBIO1_0020 | id_policy=preserve_tagged_source_id | rag_crosscheck=ok:exact_match,Source requirement ID was preserved from the specification text.,Requirement,yes,other,,,
DDS_STBIO1_0021,DDS_STBIO1_0021,,tagged_preserve,"During the WRITE routine and after copying all OTP Registers into the OTP Memory, ADSP shall compare each value inside the OTP memory with the corresponding value in OTP Registers to check if the WRITE routine has been succesfull. In that case ADSP shall write 0xFF into the last location of the OTP memory.",Digital,"Section 13.2.1.1.2 Requirements (under Section 13.2.1.1 ADSP Peculiar Requirements), paragraph 021 (page 92)",ADSP,raw,explicit,Auto-extracted from OCR normative statement | source_req_id=DDS_STBIO1_0021 | id_policy=preserve_tagged_source_id | rag_crosscheck=ok:exact_match,Source requirement ID was preserved from the specification text.,Requirement,yes,other,,,
DDS_STBIO1_0022,DDS_STBIO1_0022,,tagged_preserve,"OTP_WRITE, OTP_BOOT and OTP_TEST bits shall be cleared by ADSP at the end of their respective operation [Vpriority High]",Digital,"Section 13.2.1.1.2 Requirements (under Section 13.2.1.1 ADSP Peculiar Requirements), paragraph 011 (page 93)",ADSP,raw,explicit,Auto-extracted from OCR normative statement | source_req_id=DDS_STBIO1_0022 | id_policy=preserve_tagged_source_id | rag_crosscheck=ok:exact_match,Source requirement ID was preserved from the specification text.,Requirement,yes,other,,,
DDS_STBIO1_0023,DDS_STBIO1_0023,,tagged_preserve,"A new operation shall start only when quokka_run is low, and one between OTP_TEST bit, OTP_WRITE bit or OTP_BOOT bit is written to 1 [Vpriority High]",Digital,"Section 13.2.1.1.2 Requirements (under Section 13.2.1.1 ADSP Peculiar Requirements), paragraph 017 (page 93)",ADSP,raw,explicit,Auto-extracted from OCR normative statement | source_req_id=DDS_STBIO1_0023 | id_policy=preserve_tagged_source_id | rag_crosscheck=ok:exact_match,Source requirement ID was preserved from the specification text.,Requirement,yes,other,,,
DDS_STBIO1_0028,DDS_STBIO1_0028,,tagged_preserve,"[DDS_STBIO1_0028] Requirement: The TEST routines shall allow reading an 8-bit word on OTP of a specific address written in OTP_A register, and write this value in OTP_D_TEST register.",Digital,"Section 13.2.1.1.2 Requirements (under Section 13.2.1.1 ADSP Peculiar Requirements), paragraph 023 (page 94)",ADSP,raw,explicit,Auto-extracted from OCR functional sentence using ontology rule | source_req_id=DDS_STBIO1_0028 | id_policy=preserve_tagged_source_id | rag_crosscheck=ok:exact_match,Narrative sentence states device behavior classified as a other requirement.,Requirement,yes,other,,,
DDS_STBIO1_0024,DDS_STBIO1_0024,,tagged_preserve,OTP_IREF_WAKEUP shall be set to one by an external I2C/SPI to AHB write before initiating a new OTP_TEST or OTP_WRITE operation [Vpriority High],Digital,"Section 13.2.1.1.2 Requirements (under Section 13.2.1.1 ADSP Peculiar Requirements), paragraph 004 (page 94)",ADSP,raw,explicit,Auto-extracted from OCR normative statement | source_req_id=DDS_STBIO1_0024 | id_policy=preserve_tagged_source_id | rag_crosscheck=ok:exact_match,Source requirement ID was preserved from the specification text.,Requirement,yes,other,,,
DDS_STBIO1_0025,DDS_STBIO1_0025,,tagged_preserve,OTP_IREF_WAKEUP shall be setted to zero by an external I2C/SPI to AHB write at the end of OTP_TEST or OTP_WRITE operation [Vpriority High],Digital,"Section 13.2.1.1.2 Requirements (under Section 13.2.1.1 ADSP Peculiar Requirements), paragraph 009 (page 94)",ADSP,raw,explicit,Auto-extracted from OCR normative statement | source_req_id=DDS_STBIO1_0025 | id_policy=preserve_tagged_source_id | rag_crosscheck=ok:exact_match,Source requirement ID was preserved from the specification text.,Requirement,yes,other,,,
DDS_STBIO1_0026,DDS_STBIO1_0026,,tagged_preserve,"After startup phase, once started with an operation, the IP shall ignore any further start incoming transactions. [Vpriority High]",System,"Section 13.2.1.1.2 Requirements (under Section 13.2.1.1 ADSP Peculiar Requirements), paragraph 014 (page 94)",ADSP,raw,explicit,Auto-extracted from OCR normative statement | source_req_id=DDS_STBIO1_0026 | id_policy=preserve_tagged_source_id | rag_crosscheck=ok:exact_match,Source requirement ID was preserved from the specification text.,Requirement,yes,other,,,
DDS_STBIO1_0027,DDS_STBIO1_0027,,tagged_preserve,The TEST routine shall start when OTP Test Bit rises and completes when quokka_run falls. [Vpriority High],Digital,"Section 13.2.1.1.2 Requirements (under Section 13.2.1.1 ADSP Peculiar Requirements), paragraph 019 (page 94)",ADSP,raw,explicit,Auto-extracted from OCR normative statement | source_req_id=DDS_STBIO1_0027 | id_policy=preserve_tagged_source_id | rag_crosscheck=ok:exact_match,Source requirement ID was preserved from the specification text.,Requirement,yes,other,,,
DDS_STBIO1_0034,DDS_STBIO1_0034,,tagged_preserve,"During the Soft Reset routine, ADSP shall write the ADSP RAM with the value 0. Only the first 3.5Kbyte of ADSP RAM shall be cleared, from address 0x000 to address 0xDFF [Vpriority High]",System,"Section 13.2.1.1.2 Requirements (under Section 13.2.1.1 ADSP Peculiar Requirements), paragraph 013 (page 97)",ADSP,raw,explicit,Auto-extracted from OCR normative statement | source_req_id=DDS_STBIO1_0034 | id_policy=preserve_tagged_source_id | rag_crosscheck=ok:exact_match,Source requirement ID was preserved from the specification text.,Requirement,yes,other,,,
DDS_STBIO1_0036,DDS_STBIO1_0036,,tagged_preserve,"[DDS_STBIO1_0036] Requirement: If bit OTP_PRG10[31] in OTP Registers, called write_protection_en, is set to 1, and STBIO1 is not in debug_mode, register map shall refuse any incoming write request if the transaction address is within the OTP Registers space (from 0xCD000 to 0xCD02F).",Digital,"Section 4 OTP BOOT routine, paragraph 030 (page 97)",,raw,explicit,Auto-extracted from OCR functional sentence using ontology rule | source_req_id=DDS_STBIO1_0036 | id_policy=preserve_tagged_source_id | rag_crosscheck=warn:high_overlap=0.97,Narrative sentence states device behavior classified as a other requirement.,Requirement,yes,other,,LED,within the OTP Registers space (from 0xCD000 to 0xCD02F)
DDS_STBIO1_0032,DDS_STBIO1_0032,,tagged_preserve,"After each Boot routine performed by the ADSP, a value of 0x04 shall be written once to address 0x0CA00C to ensure correct operation of the AHB transactions. [Vpriority High]",System,"Section 13.2.1.1.2 Requirements (under Section 13.2.1.1 ADSP Peculiar Requirements), paragraph 003 (page 97)",ADSP,raw,explicit,Auto-extracted from OCR normative statement | source_req_id=DDS_STBIO1_0032 | id_policy=preserve_tagged_source_id | rag_crosscheck=ok:exact_match,Source requirement ID was preserved from the specification text.,Requirement,yes,other,,,
DDS_STBIO1_0033,DDS_STBIO1_0033,,tagged_preserve,The Soft Reset routine shall start when SOFT_RESET Bit (in CONTROL_A register) rises and completes when quokka_run falls. [Vpriority High],Digital,"Section 13.2.1.1.2 Requirements (under Section 13.2.1.1 ADSP Peculiar Requirements), paragraph 008 (page 97)",ADSP,raw,explicit,Auto-extracted from OCR normative statement | source_req_id=DDS_STBIO1_0033 | id_policy=preserve_tagged_source_id | rag_crosscheck=ok:exact_match,Source requirement ID was preserved from the specification text.,Requirement,yes,other,,,
DDS_STBIO1_0035,DDS_STBIO1_0035,,tagged_preserve,"If during the start of a new operation, more than one bit is written into CONTROL_A reg in the same write operation, ADSP shall execute only the routine at higher priority and discard the others. Priority is listed below, with first routine at higher priority: 1. SOFT RESET routine 2. OTP WRITE routine 3. OTP TEST routine 4. OTP BOOT routine [Vpriority High]",Digital,"Section 13.2.1.1.2 Requirements (under Section 13.2.1.1 ADSP Peculiar Requirements), paragraph 019 (page 97)",ADSP,raw,explicit,Auto-extracted from OCR normative statement | source_req_id=DDS_STBIO1_0035 | id_policy=preserve_tagged_source_id | rag_crosscheck=ok:exact_match,Source requirement ID was preserved from the specification text.,Requirement,yes,other,,,
DDS_STBIO1_8100,DDS_STBIO1_8100,,tagged_preserve,CONNECTION fifo_dpt 8 FIFO depth. Suggested val 8,Digital,"Section 13.2.2 I2C_SPI_AHB integration (under Section 13.2 IPs), paragraph 008 (page 99)",,raw,explicit,"Auto-extracted from OCR explicit req-id row sweep | table_line_info=page99:lines[4,6,7,8] | recovery_mode=header_split | source_req_id=DDS_STBIO1_8100 | id_policy=preserve_tagged_source_id | rag_crosscheck=ok:exact_match",Source requirement ID was preserved from the specification text.,Requirement,yes,other,,,
DDS_STBIO1_8101,DDS_STBIO1_8101,,tagged_preserve,rd_to_max_val 6000 Time available between double byte write to communicate the number of bytes to be read and the following read. If timer expires the operation is aborted and proper flag is activated. Suggested val. 1200,System,"Section 13.2.2 I2C_SPI_AHB integration (under Section 13.2 IPs), paragraph 025 (page 99)",,raw,explicit,"Auto-extracted from OCR explicit req-id row sweep | table_line_info=page99:lines[9,10,11,12,13,14,15,16,17,18,19,20,21,22,23,24,25] | recovery_mode=header_split | source_req_id=DDS_STBIO1_8101 | id_policy=preserve_tagged_source_id | rag_crosscheck=ok:exact_match",Source requirement ID was preserved from the specification text.,Requirement,yes,other,,,
DDS_STBIO1_8102,DDS_STBIO1_8102,,tagged_preserve,i2c_hs_mode 1'b0 To activate HS I2C,Digital,"Section 13.2.2 I2C_SPI_AHB integration (under Section 13.2 IPs), paragraph 028 (page 99)",,raw,explicit,"Auto-extracted from OCR explicit req-id row sweep | table_line_info=page99:lines[26,27,28] | recovery_mode=header_split | source_req_id=DDS_STBIO1_8102 | id_policy=preserve_tagged_source_id | rag_crosscheck=ok:exact_match",Source requirement ID was preserved from the specification text.,Requirement,yes,other,,,
DDS_STBIO1_8103,DDS_STBIO1_8103,,tagged_preserve,i2c_master_code 8'h00 Master code for HS I2C,Digital,"Section 13.2.2 I2C_SPI_AHB integration (under Section 13.2 IPs), paragraph 031 (page 99)",,raw,explicit,"Auto-extracted from OCR explicit req-id row sweep | table_line_info=page99:lines[29,30,31] | recovery_mode=header_split | source_req_id=DDS_STBIO1_8103 | id_policy=preserve_tagged_source_id | rag_crosscheck=ok:exact_match",Source requirement ID was preserved from the specification text.,Requirement,yes,other,,,
DDS_STBIO1_8104,DDS_STBIO1_8104,,tagged_preserve,"ser_mode ""i2c_spi"" To choose if the interface is SPI only, I2C only or both. Suggested : i2c_spi",Digital,"Section 13.2.2 I2C_SPI_AHB integration (under Section 13.2 IPs), paragraph 039 (page 99)",,raw,explicit,"Auto-extracted from OCR explicit req-id row sweep | table_line_info=page99:lines[32,33,34,35,36,37,38,39] | recovery_mode=header_split | source_req_id=DDS_STBIO1_8104 | id_policy=preserve_tagged_source_id | rag_crosscheck=ok:exact_match",Source requirement ID was preserved from the specification text.,Requirement,yes,interface,,,
DDS_STBIO1_8105,DDS_STBIO1_8105,,tagged_preserve,ip_version 8'haa IP version,System,"Section 13.2.2 I2C_SPI_AHB integration (under Section 13.2 IPs), paragraph 040 (page 99)",,raw,explicit,Auto-extracted from OCR explicit req-id row sweep | table_line_info=page99:lines[40] | recovery_mode=header_split | source_req_id=DDS_STBIO1_8105 | id_policy=preserve_tagged_source_id | rag_crosscheck=ok:exact_match,Source requirement ID was preserved from the specification text.,Requirement,yes,other,,,
DDS_STBIO1_8106,DDS_STBIO1_8106,,tagged_preserve,i2c_dev_id 7'h5f I2C device address,Digital,"Section 13.2.2 I2C_SPI_AHB integration (under Section 13.2 IPs), paragraph 041 (page 99)",,raw,explicit,Auto-extracted from OCR explicit req-id row sweep | table_line_info=page99:lines[41] | recovery_mode=header_split | source_req_id=DDS_STBIO1_8106 | id_policy=preserve_tagged_source_id | rag_crosscheck=ok:exact_match,Source requirement ID was preserved from the specification text.,Requirement,yes,other,,,
DDS_STBIO1_8000,DDS_STBIO1_8000,,tagged_preserve,"[DDS_STBIO1_8000] Requirement: I2C interface shall support all the specified modalities (Standard, FM, FM+) and, if configured, HS is also supported.",Digital,"Section 13.2.2.1 I2C_SPI_AHB Peculiar Requirements (under Section 13.2.2 I2C_SPI_AHB integration), paragraph 005 (page 102)",I2C_SPI_AHB,raw,explicit,Auto-extracted from OCR functional sentence using ontology rule | source_req_id=DDS_STBIO1_8000 | id_policy=preserve_tagged_source_id | rag_crosscheck=ok:exact_match,Narrative sentence states device behavior classified as a interface requirement.,Requirement,yes,interface,,,
DDS_STBIO1_8001,DDS_STBIO1_8001,,tagged_preserve,Clock frequency ratio between system (AHB) and I2C/SPI interfaces domains shall be at least 2 times. [TO: IPOS_I2C_SPI_AHB_0006] [Vpriority High],Digital,"Section 13.2.2.1 I2C_SPI_AHB Peculiar Requirements (under Section 13.2.2 I2C_SPI_AHB integration), paragraph 009 (page 102)",I2C_SPI_AHB,raw,explicit,Auto-extracted from OCR normative statement | source_req_id=DDS_STBIO1_8001 | id_policy=preserve_tagged_source_id | rag_crosscheck=ok:exact_match,Source requirement ID was preserved from the specification text.,Requirement,yes,other,,,at least 2 times
DDS_STBIO1_8003,DDS_STBIO1_8003,,tagged_preserve,"An I2C/SPI write access to the address 0x60-0x67 shall be translated in an AHB write access to the configured AHB address (contained in registers SAM_ADDR_BYTE0/1/2/3, address 0x50/0x51/0x52/0x53). [TO: IPOS_I2C_SPI_AHB_0009] [Vpriority High]",Digital,"Section 13.2.2.1 I2C_SPI_AHB Peculiar Requirements (under Section 13.2.2 I2C_SPI_AHB integration), paragraph 020 (page 102)",I2C_SPI_AHB,raw,explicit,Auto-extracted from OCR normative statement | source_req_id=DDS_STBIO1_8003 | id_policy=preserve_tagged_source_id | rag_crosscheck=ok:exact_match,Source requirement ID was preserved from the specification text.,Requirement,yes,other,,,
DDS_STBIO1_8004,DDS_STBIO1_8004,,tagged_preserve,A double byte write access to the address 0x68-0x6f (with data that is the number of bytes that the master wants to read) shall start the data preload from AHB in order to have the internal fifo not empty when the read request will be done by the master. [TO: IPOS_I2C_SPI_AHB_0010] [Vpriority High],Digital,"Section 13.2.2.1 I2C_SPI_AHB Peculiar Requirements (under Section 13.2.2 I2C_SPI_AHB integration), paragraph 027 (page 102)",I2C_SPI_AHB,raw,explicit,Auto-extracted from OCR normative statement | source_req_id=DDS_STBIO1_8004 | id_policy=preserve_tagged_source_id | rag_crosscheck=ok:exact_match,Source requirement ID was preserved from the specification text.,Requirement,yes,other,,,
DDS_STBIO1_8005,DDS_STBIO1_8005,,tagged_preserve,"An I2C/SPI read access to the address 0x70-0x7f shall be translated in an AHB read access to the configured AHB address (contained in registers SAM_ADDR_BYTE0/1/2/3, address 0x50/0x51/0x52/0x53). [TO: IPOS_I2C_SPI_AHB_0011] [Vpriority High]",Digital,"Section 13.2.2.1 I2C_SPI_AHB Peculiar Requirements (under Section 13.2.2 I2C_SPI_AHB integration), paragraph 035 (page 102)",I2C_SPI_AHB,raw,explicit,Auto-extracted from OCR normative statement | source_req_id=DDS_STBIO1_8005 | id_policy=preserve_tagged_source_id | rag_crosscheck=ok:exact_match,Source requirement ID was preserved from the specification text.,Requirement,yes,other,,,
DDS_STBIO1_8002,DDS_STBIO1_8002,,tagged_preserve,The IP has a serial interface (I2C or SPI) and a parallel bus interface AHB. [TO: IPOS_I2C_SPI_AHB_0007],Digital,"Section 13.2.2.1 I2C_SPI_AHB Peculiar Requirements (under Section 13.2.2 I2C_SPI_AHB integration), paragraph 015 (page 102)",I2C_SPI_AHB,raw,explicit,Auto-extracted from OCR normative statement | source_req_id=DDS_STBIO1_8002 | id_policy=preserve_tagged_source_id | rag_crosscheck=ok:exact_match,Source requirement ID was preserved from the specification text.,Requirement,yes,interface,,,
DDS_STBIO1_8006,DDS_STBIO1_8006,,tagged_preserve,"On AHB interface, data size shall be limited to BYTE and WORD. [TO: IPOS_I2C_SPI_AHB_0361]",Digital,"Section 13.2.2.1 I2C_SPI_AHB Peculiar Requirements (under Section 13.2.2 I2C_SPI_AHB integration), paragraph 042 (page 102)",I2C_SPI_AHB,raw,explicit,Auto-extracted from OCR normative statement | source_req_id=DDS_STBIO1_8006 | id_policy=preserve_tagged_source_id | rag_crosscheck=ok:exact_match,Source requirement ID was preserved from the specification text.,Requirement,yes,interface,,,
DDS_STBIO1_8007,DDS_STBIO1_8007,,tagged_preserve,"On AHB interface, BURST shall not be supported as well as LOCKED transfers. [TO: IPOS_I2C_SPI_AHB_0362]",Digital,"Section 13.2.2.1 I2C_SPI_AHB Peculiar Requirements (under Section 13.2.2 I2C_SPI_AHB integration), paragraph 047 (page 102)",I2C_SPI_AHB,raw,explicit,Auto-extracted from OCR normative statement | source_req_id=DDS_STBIO1_8007 | id_policy=preserve_tagged_source_id | rag_crosscheck=warn:high_overlap=0.93,Source requirement ID was preserved from the specification text.,Requirement,yes,interface,,,
DDS_STBIO1_9317,DDS_STBIO1_9317,,tagged_preserve,"If the sensor hub IP is not enabled, the SCL and SDA pad shall not toggle. [Vpriority High] [TO: IPOS_Senshub_MB_i2c]",Digital,"Section 13.2.3.1 SensorHub Peculiar Requirements (under Section 13.2.3 SensorHub integration), paragraph 017 (page 109)",Sensor-Hub,raw,explicit,Auto-extracted from OCR normative statement | source_req_id=DDS_STBIO1_9317 | id_policy=preserve_tagged_source_id | rag_crosscheck=ok:exact_match,Source requirement ID was preserved from the specification text.,Requirement,yes,functional,,LED,
DDS_STBIO1_9013,DDS_STBIO1_9013,,tagged_preserve,Output scl_master_out of sensor hub shall be connected to enable of output buffer of sensor hub's SCL PAD in case it is a bi-directional PAD). [Vpriority High] [TO: IPOS_Senshub_MB_i2c],Digital,"Section 13.2.3.1 SensorHub Peculiar Requirements (under Section 13.2.3 SensorHub integration), paragraph 034 (page 109)",Sensor-Hub,raw,explicit,Auto-extracted from OCR normative statement | source_req_id=DDS_STBIO1_9013 | id_policy=preserve_tagged_source_id | rag_crosscheck=ok:exact_match,Source requirement ID was preserved from the specification text.,Requirement,yes,functional,,,
DDS_STBIO1_9014,DDS_STBIO1_9014,,tagged_preserve,Output sda_master_out of sensor hub shall be connected to enable of output buffer of sensor hub's SDA PAD. [Vpriority High] [TO: IPOS_Senshub_MB_i2c],Digital,"Section 13.2.3.1 SensorHub Peculiar Requirements (under Section 13.2.3 SensorHub integration), paragraph 040 (page 109)",Sensor-Hub,raw,explicit,Auto-extracted from OCR normative statement | source_req_id=DDS_STBIO1_9014 | id_policy=preserve_tagged_source_id | rag_crosscheck=ok:exact_match,Source requirement ID was preserved from the specification text.,Requirement,yes,functional,,,
DDS_STBIO1_9011,DDS_STBIO1_9011,,tagged_preserve,Input scl_master_in of sensor hub shall be connected to input buffer from sensor hub's SCL PAD. [Vpriority High] [TO: IPOS_Senshub_MB_i2c],Digital,"Section 13.2.3.1 SensorHub Peculiar Requirements (under Section 13.2.3 SensorHub integration), paragraph 022 (page 109)",Sensor-Hub,raw,explicit,Auto-extracted from OCR normative statement | source_req_id=DDS_STBIO1_9011 | id_policy=preserve_tagged_source_id | rag_crosscheck=ok:exact_match,Source requirement ID was preserved from the specification text.,Requirement,yes,functional,,,
DDS_STBIO1_9012,DDS_STBIO1_9012,,tagged_preserve,Input sda_master_in of sensor hub shall be connected to input buffer from sensor hub's SDA PAD. [Vpriority High] [TO: IPOS_Senshub_MB_i2c],Digital,"Section 13.2.3.1 SensorHub Peculiar Requirements (under Section 13.2.3 SensorHub integration), paragraph 028 (page 109)",Sensor-Hub,raw,explicit,Auto-extracted from OCR normative statement | source_req_id=DDS_STBIO1_9012 | id_policy=preserve_tagged_source_id | rag_crosscheck=ok:exact_match,Source requirement ID was preserved from the specification text.,Requirement,yes,functional,,,
DDS_STBIO1_9017,DDS_STBIO1_9017,,tagged_preserve,The output port sleep_master shall be set to 1 when an I2C operation is not on-going. [Vpriority High] [TO: IPOS_Senshub_MB_i2c],Digital,"Section 13.2.3.1 SensorHub Peculiar Requirements (under Section 13.2.3 SensorHub integration), paragraph 046 (page 109)",Sensor-Hub,raw,explicit,Auto-extracted from OCR normative statement | source_req_id=DDS_STBIO1_9017 | id_policy=preserve_tagged_source_id | rag_crosscheck=ok:exact_match,Source requirement ID was preserved from the specification text.,Requirement,yes,other,,,
DDS_STBIO1_9004,DDS_STBIO1_9004,,tagged_preserve,Input sys_clk of sensor hub shall be connected to 8MHz clock to generate I2C communications compliant with FM+ I2C standard. [TO: IPOS_Senshub_MB_i2c],Digital,"Section 13.2.3.1 SensorHub Peculiar Requirements (under Section 13.2.3 SensorHub integration), paragraph 051 (page 109)",Sensor-Hub,raw,explicit,Auto-extracted from OCR normative statement | source_req_id=DDS_STBIO1_9004 | id_policy=preserve_tagged_source_id | rag_crosscheck=warn:partial_overlap=0.74,Source requirement ID was preserved from the specification text.,Requirement,yes,functional,,,
DDS_STBIO1_9018,DDS_STBIO1_9018,,tagged_preserve,"[DDS_STBIO1_9018] Requirement The trigger of sensor hub shall be possible in both ways, HW via dvalid_masterblaze_ext signal or SW using DVALID_REGISTER.",Digital,"Section 13.2.3.1 SensorHub Peculiar Requirements (under Section 13.2.3 SensorHub integration), paragraph 008 (page 110)",Sensor-Hub,raw,explicit,Auto-extracted from OCR functional sentence using ontology rule | source_req_id=DDS_STBIO1_9018 | id_policy=preserve_tagged_source_id | rag_crosscheck=ok:exact_match,Narrative sentence states device behavior classified as a functional requirement.,Requirement,yes,functional,,,
DDS_STBIO1_9024,DDS_STBIO1_9024,,tagged_preserve,[DDS_STBIO1_9024] Requirement Only I2C target addressed through SLAVE0_DEV_ADD register shall be the destination of an I2C Write Operation.,Digital,"Section 13.2.3.1 SensorHub Peculiar Requirements (under Section 13.2.3 SensorHub integration), paragraph 014 (page 110)",Sensor-Hub,raw,explicit,Auto-extracted from OCR functional sentence using ontology rule | source_req_id=DDS_STBIO1_9024 | id_policy=preserve_tagged_source_id | rag_crosscheck=ok:exact_match,Narrative sentence states device behavior classified as a other requirement.,Requirement,yes,other,,,
DDS_STBIO1_9027,DDS_STBIO1_9027,,tagged_preserve,"[DDS_STBIO1_9027] Requirement The bit 0 of SLAVE1_DEV_ADD, SLAVE2_DEV_ADD, SLAVE3_DEV_ADD registers shall be ignored: ONLY read operations towards I2C target 1, 2 and 3 shall be performed.",Digital,"Section 13.2.3.1 SensorHub Peculiar Requirements (under Section 13.2.3 SensorHub integration), paragraph 020 (page 110)",Sensor-Hub,raw,explicit,Auto-extracted from OCR functional sentence using ontology rule | source_req_id=DDS_STBIO1_9027 | id_policy=preserve_tagged_source_id | rag_crosscheck=ok:exact_match,Narrative sentence states device behavior classified as a other requirement.,Requirement,yes,other,,,
DDS_STBIO1_9030,DDS_STBIO1_9030,,tagged_preserve,[DDS_STBIO1_9030] Requirement SLAVEx_NUMOP bit-fields of SLAVEx_CONFIG registers shall define how many bytes per slave are read as per effect of an I2C operation (x from 1 to 12).,Digital,"Section 13.2.3.1 SensorHub Peculiar Requirements (under Section 13.2.3 SensorHub integration), paragraph 032 (page 110)",Sensor-Hub,raw,explicit,Auto-extracted from OCR functional sentence using ontology rule | source_req_id=DDS_STBIO1_9030 | id_policy=preserve_tagged_source_id | rag_crosscheck=ok:exact_match,Narrative sentence states device behavior classified as a other requirement.,Requirement,yes,other,,,
DDS_STBIO1_9032,DDS_STBIO1_9032,,tagged_preserve,[DDS_STBIO1_9032] Requirement SLAVE0_NUMOP bitfield shall be ignored if an I2C Write operation is issued to the I2C Slave 0.,Digital,"Section 13.2.3.1 SensorHub Peculiar Requirements (under Section 13.2.3 SensorHub integration), paragraph 044 (page 110)",Sensor-Hub,raw,explicit,Auto-extracted from OCR functional sentence using ontology rule | source_req_id=DDS_STBIO1_9032 | id_policy=preserve_tagged_source_id | rag_crosscheck=ok:exact_match,Narrative sentence states device behavior classified as a other requirement.,Requirement,yes,other,,,
DDS_STBIO1_9029,DDS_STBIO1_9029,,tagged_preserve,"AUX_SENS_ON possible values shall be 0,1,2,3. All the values shall be tested since MasterBlaze supports up-to 4 I2C targets connected to I2C network. [TO: IPOS_Senshub_MB_i2c]",Digital,"Section 13.2.3.1 SensorHub Peculiar Requirements (under Section 13.2.3 SensorHub integration), paragraph 026 (page 110)",Sensor-Hub,raw,explicit,Auto-extracted from OCR normative statement | source_req_id=DDS_STBIO1_9029 | id_policy=preserve_tagged_source_id | rag_crosscheck=ok:exact_match,Source requirement ID was preserved from the specification text.,Requirement,yes,other,,,
DDS_STBIO1_9031,DDS_STBIO1_9031,,tagged_preserve,All the values from 1 to 12 shall be valid for SLAVEx_NUMOP bit-fields of SLAVEx_CONFIG registers. [TO: IPOS_Senshub_MB_i2c],Digital,"Section 13.2.3.1 SensorHub Peculiar Requirements (under Section 13.2.3 SensorHub integration), paragraph 038 (page 110)",Sensor-Hub,raw,explicit,Auto-extracted from OCR normative statement | source_req_id=DDS_STBIO1_9031 | id_policy=preserve_tagged_source_id | rag_crosscheck=ok:exact_match,Source requirement ID was preserved from the specification text.,Requirement,yes,other,,,
DDS_STBIO1_9033,DDS_STBIO1_9033,,tagged_preserve,All the SENSOR_HUB_x registers shall be reset every time a new I2C operation starts. [TO: IPOS_Senshub_MB_i2c],Digital,"Section 13.2.3.1 SensorHub Peculiar Requirements (under Section 13.2.3 SensorHub integration), paragraph 049 (page 110)",Sensor-Hub,raw,explicit,Auto-extracted from OCR normative statement | source_req_id=DDS_STBIO1_9033 | id_policy=preserve_tagged_source_id | rag_crosscheck=ok:exact_match,Source requirement ID was preserved from the specification text.,Requirement,yes,other,,,
DDS_STBIO1_9035,DDS_STBIO1_9035,,tagged_preserve,"When Quokka MasterBlaze µP runs (sleep_master signal = 0), any dvalid triggered (HW or SW) shall be ignored. [TO: IPOS_Senshub_MB_i2c]",Digital,"Section 13.2.3.1 SensorHub Peculiar Requirements (under Section 13.2.3 SensorHub integration), paragraph 054 (page 110)",Sensor-Hub,raw,explicit,Auto-extracted from OCR normative statement | source_req_id=DDS_STBIO1_9035 | id_policy=preserve_tagged_source_id | rag_crosscheck=ok:exact_match,Source requirement ID was preserved from the specification text.,Requirement,yes,other,,,
DDS_STBIO1_9300,DDS_STBIO1_9300,,tagged_preserve,[DDS_STBIO1_9300] Requirement The AHB Write to registers has no effect if the IP masterblaze processor is busy (I2C operation on-going); the registers value shall not be updated.,Digital,"Section 13.2.3.1 SensorHub Peculiar Requirements (under Section 13.2.3 SensorHub integration), paragraph 033 (page 111)",Sensor-Hub,raw,explicit,Auto-extracted from OCR functional sentence using ontology rule | source_req_id=DDS_STBIO1_9300 | id_policy=preserve_tagged_source_id | rag_crosscheck=ok:exact_match,Narrative sentence states device behavior classified as a other requirement.,Requirement,yes,other,,,
DDS_STBIO1_9500,DDS_STBIO1_9500,,tagged_preserve,"[DDS_STBIO1_9500] Requirement In case also other sources that writes into FIFO are active, then sensor hub shall work always in multi-fifo mode fifo_mode input of sensor hub set to '1' .",Digital,"Section 13.2.3.1 SensorHub Peculiar Requirements (under Section 13.2.3 SensorHub integration), paragraph 039 (page 111)",Sensor-Hub,raw,explicit,Auto-extracted from OCR functional sentence using ontology rule | source_req_id=DDS_STBIO1_9500 | id_policy=preserve_tagged_source_id | rag_crosscheck=ok:exact_match,Narrative sentence states device behavior classified as a functional requirement.,Requirement,yes,functional,,,
DDS_STBIO1_9034,DDS_STBIO1_9034,,tagged_preserve,The NACK_REGISTER register is reset every time a new I2C operation starts. [TO: IPOS_Senshub_MB_i2c],Digital,"Section 13.2.3.1 SensorHub Peculiar Requirements (under Section 13.2.3 SensorHub integration), paragraph 008 (page 111)",Sensor-Hub,raw,explicit,Auto-extracted from OCR normative statement | source_req_id=DDS_STBIO1_9034 | id_policy=preserve_tagged_source_id | rag_crosscheck=ok:exact_match,Source requirement ID was preserved from the specification text.,Requirement,yes,other,,,
DDS_STBIO1_9260,DDS_STBIO1_9260,,tagged_preserve,Each data stored in FIFO shall be composed by 4 words (16bytes). [TO: IPOS_Senshub_MB_i2c],Digital,"Section 13.2.3.1 SensorHub Peculiar Requirements (under Section 13.2.3 SensorHub integration), paragraph 013 (page 111)",Sensor-Hub,raw,explicit,Auto-extracted from OCR normative statement | source_req_id=DDS_STBIO1_9260 | id_policy=preserve_tagged_source_id | rag_crosscheck=ok:exact_match,Source requirement ID was preserved from the specification text.,Requirement,yes,other,,,
DDS_STBIO1_9261,DDS_STBIO1_9261,,tagged_preserve,3 words (12bytes) of the data stored in FIFO shall contain the data from each I2C slave. [TO: IPOS_Senshub_MB_i2c],Digital,"Section 13.2.3.1 SensorHub Peculiar Requirements (under Section 13.2.3 SensorHub integration), paragraph 018 (page 111)",Sensor-Hub,raw,explicit,Auto-extracted from OCR normative statement | source_req_id=DDS_STBIO1_9261 | id_policy=preserve_tagged_source_id | rag_crosscheck=ok:exact_match,Source requirement ID was preserved from the specification text.,Requirement,yes,other,,,
DDS_STBIO1_9262,DDS_STBIO1_9262,,tagged_preserve,24-bits of the data stored in FIFO shall be reserved at '0'. [TO: IPOS_Senshub_MB_i2c],Digital,"Section 13.2.3.1 SensorHub Peculiar Requirements (under Section 13.2.3 SensorHub integration), paragraph 023 (page 111)",Sensor-Hub,raw,explicit,Auto-extracted from OCR normative statement | source_req_id=DDS_STBIO1_9262 | id_policy=preserve_tagged_source_id | rag_crosscheck=ok:exact_match,Source requirement ID was preserved from the specification text.,Requirement,yes,other,,,
DDS_STBIO1_9263,DDS_STBIO1_9263,,tagged_preserve,The last 8-bits of the data stored in FIFO shall contain the TAG field. [TO: IPOS_Senshub_MB_i2c],Digital,"Section 13.2.3.1 SensorHub Peculiar Requirements (under Section 13.2.3 SensorHub integration), paragraph 028 (page 111)",Sensor-Hub,raw,explicit,Auto-extracted from OCR normative statement | source_req_id=DDS_STBIO1_9263 | id_policy=preserve_tagged_source_id | rag_crosscheck=ok:exact_match,Source requirement ID was preserved from the specification text.,Requirement,yes,other,,,
DDS_STBIO1_00000102,DDS_STBIO1_00000102,,tagged_preserve,The parameter MEM_LOC shall define the first Memory Location of the FIFO RAM: 0xC4000. [TO: IPOS_FIFO_CTRL_00000102],Digital,"Section 13.2.4.1 FIFO_CTRL Peculiar Requirements (under Section 13.2.4 FIFO_CTRL integration), paragraph 004 (page 113)",Smart FIFO,raw,explicit,Auto-extracted from OCR normative statement | source_req_id=DDS_STBIO1_00000102 | id_policy=preserve_tagged_source_id | rag_crosscheck=ok:exact_match,Source requirement ID was preserved from the specification text.,Configuration,yes,configuration,,,
DDS_STBIO1_00000202,DDS_STBIO1_00000202,,tagged_preserve,The FIFO register map first memory location shall be defined as MEM_LOC + 0x1000: 0xC5000. [TO: IPOS_FIFO_CTRL_00000202],Digital,"Section 13.2.4.1 FIFO_CTRL Peculiar Requirements (under Section 13.2.4 FIFO_CTRL integration), paragraph 009 (page 113)",Smart FIFO,raw,explicit,Auto-extracted from OCR normative statement | source_req_id=DDS_STBIO1_00000202 | id_policy=preserve_tagged_source_id | rag_crosscheck=ok:exact_match,Source requirement ID was preserved from the specification text.,Requirement,yes,other,,,
DDS_STBIO1_89456557,DDS_STBIO1_89456557,,tagged_preserve,The FIFO Controller shall be able to address 1.5 kbyte divided into 32-bit address. [TO: IPOS_FIFO_CTRL_89456557],Digital,"Section 13.2.4.1 FIFO_CTRL Peculiar Requirements (under Section 13.2.4 FIFO_CTRL integration), paragraph 014 (page 113)",Smart FIFO,raw,explicit,Auto-extracted from OCR normative statement | source_req_id=DDS_STBIO1_89456557 | id_policy=preserve_tagged_source_id | rag_crosscheck=ok:exact_match,Source requirement ID was preserved from the specification text.,Requirement,yes,other,,,
DDS_STBIO1_89459082,DDS_STBIO1_89459082,,tagged_preserve,The FIFO Controller shall work at 16 MHz clock frequency. [TO: IPOS_FIFO_CTRL_89459082],Digital,"Section 13.2.4.1 FIFO_CTRL Peculiar Requirements (under Section 13.2.4 FIFO_CTRL integration), paragraph 018 (page 113)",Smart FIFO,raw,explicit,Auto-extracted from OCR normative statement | source_req_id=DDS_STBIO1_89459082 | id_policy=preserve_tagged_source_id | rag_crosscheck=ok:exact_match,Source requirement ID was preserved from the specification text.,Requirement,yes,other,,,
DDS_STBIO1_89455261,DDS_STBIO1_89455261,,tagged_preserve,The FIFO Controller shall have an AHB Slave Interface connected to the AHB BUS and a Memory Master Interface connected to the Physical Memory. [TO: IPOS_FIFO_CTRL_89455261],Digital,"Section 13.2.4.1 FIFO_CTRL Peculiar Requirements (under Section 13.2.4 FIFO_CTRL integration), paragraph 022 (page 113)",Smart FIFO,raw,explicit,Auto-extracted from OCR normative statement | source_req_id=DDS_STBIO1_89455261 | id_policy=preserve_tagged_source_id | rag_crosscheck=ok:exact_match,Source requirement ID was preserved from the specification text.,Requirement,yes,interface,,,
DDS_STBIO1_89455449,DDS_STBIO1_89455449,,tagged_preserve,The FIFO Controller shall have two working modes: Multiple FIFO and Unique FIFO. These two modes are mutually exclusive. [TO: IPOS_FIFO_CTRL_89455449],Digital,"Section 13.2.4.1 FIFO_CTRL Peculiar Requirements (under Section 13.2.4 FIFO_CTRL integration), paragraph 027 (page 113)",Smart FIFO,raw,explicit,Auto-extracted from OCR normative statement | source_req_id=DDS_STBIO1_89455449 | id_policy=preserve_tagged_source_id | rag_crosscheck=ok:exact_match,Source requirement ID was preserved from the specification text.,Requirement,yes,other,,,
DDS_STBIO1_89455232,DDS_STBIO1_89455232,,tagged_preserve,"As default, the FIFO shall work in Unique FIFO Mode. [TO: IPOS_FIFO_CTRL_89455232]",Digital,"Section 13.2.4.1 FIFO_CTRL Peculiar Requirements (under Section 13.2.4 FIFO_CTRL integration), paragraph 032 (page 113)",Smart FIFO,raw,explicit,Auto-extracted from OCR normative statement | source_req_id=DDS_STBIO1_89455232 | id_policy=preserve_tagged_source_id | rag_crosscheck=ok:exact_match,Source requirement ID was preserved from the specification text.,Requirement,yes,other,,,
DDS_STBIO1_89456975,DDS_STBIO1_89456975,,tagged_preserve,The user shall select the Multiple FIFO mode setting to 1 the first bit into the FIFO_CFG_MODE and 0 for the Unique FIFO mode. [TO: IPOS_FIFO_CTRL_89456975],Digital,"Section 13.2.4.1 FIFO_CTRL Peculiar Requirements (under Section 13.2.4 FIFO_CTRL integration), paragraph 036 (page 113)",Smart FIFO,raw,explicit,Auto-extracted from OCR normative statement | source_req_id=DDS_STBIO1_89456975 | id_policy=preserve_tagged_source_id | rag_crosscheck=ok:exact_match,Source requirement ID was preserved from the specification text.,Requirement,yes,other,,,
DDS_STBIO1_89457435,DDS_STBIO1_89457435,,tagged_preserve,The FIFO Controller shall have a 6 i_depth input of 8 bit to be used in Multiple FIFO Mode to define the depth of each subFIFOs. [TO: IPOS_FIFO_CTRL_89457435],Digital,"Section 13.2.4.1 FIFO_CTRL Peculiar Requirements (under Section 13.2.4 FIFO_CTRL integration), paragraph 041 (page 113)",Smart FIFO,raw,explicit,Auto-extracted from OCR normative statement | source_req_id=DDS_STBIO1_89457435 | id_policy=preserve_tagged_source_id | rag_crosscheck=ok:exact_match,Source requirement ID was preserved from the specification text.,Requirement,yes,other,,,
DDS_STBIO1_89457790,DDS_STBIO1_89457790,,tagged_preserve,"The FIFO 6 memory locations to access each sub-FIFO in Multiple mode are obtained adding multiples of 256 to the memory base address. Example: FIFO Memory Base Address = 0xC4000, then: FIFO 0 memory location 0xC4000 FIFO 1 memory location 0xC4100 FIFO 2 memory location 0xC4200 FIFO 3 memory location 0xC4300 FIFO 4 memory location 0xC4400 FIFO 5 memory location 0xC4500 Table 29: SUB FIFO Memory Address [TO: IPOS_FIFO_CTRL_89457790]",Digital,"Section 13.2.4.1 FIFO_CTRL Peculiar Requirements (under Section 13.2.4 FIFO_CTRL integration), paragraph 004 (page 114)",Smart FIFO,raw,explicit,Auto-extracted from OCR normative statement | source_req_id=DDS_STBIO1_89457790 | id_policy=preserve_tagged_source_id | rag_crosscheck=warn:high_overlap=0.90,Source requirement ID was preserved from the specification text.,Requirement,yes,other,,,
DDS_STBIO1_00000008,DDS_STBIO1_00000008,,tagged_preserve,"If input signal HMASTER is set to 0 or 1, the FIFO Controller shall enter Memory mode. [TO: IPOS_FIFO_CTRL_00000008]",Digital,"Section 13.2.4.1 FIFO_CTRL Peculiar Requirements (under Section 13.2.4 FIFO_CTRL integration), paragraph 017 (page 114)",Smart FIFO,raw,explicit,Auto-extracted from OCR normative statement | source_req_id=DDS_STBIO1_00000008 | id_policy=preserve_tagged_source_id | rag_crosscheck=ok:exact_match,Source requirement ID was preserved from the specification text.,Requirement,yes,other,,,
DDS_STBIO1_00000199,DDS_STBIO1_00000199,,tagged_preserve,"If input signal HMASTER is set to 0 or 1, the FIFO Controller shall enter Memory mode. [TO: IPOS_FIFO_CTRL_00000008]",Digital,"Section 13.2.4.1 FIFO_CTRL Peculiar Requirements (under Section 13.2.4 FIFO_CTRL integration), paragraph 020 (page 114)",Smart FIFO,raw,explicit,"Auto-extracted from OCR explicit req-id row sweep | table_line_info=page114:lines[18,19,20] | recovery_mode=header_split | source_req_id=DDS_STBIO1_00000199 | id_policy=preserve_tagged_source_id | rag_crosscheck=ok:exact_match",Source requirement ID was preserved from the specification text.,Requirement,yes,other,,,
DDS_STBIO1_00001199,DDS_STBIO1_00001199,,tagged_preserve,"When in Multiple Fifo, the 6 sub-FIFO offset shall coincide with the following table : FIFO OFFSET DATA TYPE ECG FIFO OFFSET ECG0_AC, ECG0_DC BIA FIFO OFFSET BIA_AC_P, BIA_DC_P, BIA_AC_Q, BIA_DC_Q, ECG1_AC, ECG2_DC GSR FIFO OFFSET GSR, ECG1_DC, ECG2_AC PPG FIFO OFFSET PPG Table 31 : FIFO Offset Data Table",Digital,"Section 13.2.4.1 FIFO_CTRL Peculiar Requirements (under Section 13.2.4 FIFO_CTRL integration), paragraph 009 (page 115)",Smart FIFO,raw,explicit,Auto-extracted from OCR normative statement | source_req_id=DDS_STBIO1_00001199 | id_policy=preserve_tagged_source_id | rag_crosscheck=warn:high_overlap=0.97,Source requirement ID was preserved from the specification text.,Requirement,yes,other,,,
DDS_STBIO1_0501,DDS_STBIO1_0501,DDS_STBIO1_0501,tagged_preserve,The irq_FIFO_U_M_IRQ_STsATUS interrupt shall be connected to FIFO status to bit 29.,Digital,"Section 13.3.1 Requirements (under Section 13.3 ISPU integration), paragraph 007 (page 130)",,interrupt_table_connection,derived-from-structure,"Derived from interrupt table columns Interrupt, bit, Description | table_line_info=page130:lines[7-7] | source_req_id=DDS_STBIO1_0501 | id_policy=preserve_tagged_source_id | rag_crosscheck=warn:structural_table_derivation",Source requirement ID was preserved from the specification text.,Requirement,yes,other,,,
DDS_STBIO1_0502,DDS_STBIO1_0502,DDS_STBIO1_0502,tagged_preserve,The irq_SENSHUB_STS interrupt shall be connected to SENSOR HUB status to bit 28.,Digital,"Section 13.3.1 Requirements (under Section 13.3 ISPU integration), paragraph 008 (page 130)",,interrupt_table_connection,derived-from-structure,"Derived from interrupt table columns Interrupt, bit, Description | table_line_info=page130:lines[8-8] | source_req_id=DDS_STBIO1_0502 | id_policy=preserve_tagged_source_id | rag_crosscheck=warn:structural_table_derivation",Source requirement ID was preserved from the specification text.,Requirement,yes,functional,,,
DDS_STBIO1_0503,DDS_STBIO1_0503,DDS_STBIO1_0503,tagged_preserve,"The irq_ISPU_MC_INTR_STS interrupt shall be connected to ECG, BIA or PPG samples ready for elaboration to bit 27.",Digital,"Section 13.3.1 Requirements (under Section 13.3 ISPU integration), paragraph 009 (page 130)",,interrupt_table_connection,derived-from-structure,"Derived from interrupt table columns Interrupt, bit, Description | table_line_info=page130:lines[9-10] | source_req_id=DDS_STBIO1_0503 | id_policy=preserve_tagged_source_id | rag_crosscheck=warn:structural_table_derivation",Source requirement ID was preserved from the specification text.,Requirement,yes,other,,,
DDS_STBIO1_0504,DDS_STBIO1_0504,DDS_STBIO1_0504,tagged_preserve,The sw_interrupt interrupt shall be connected to sw interrupt used by ADSP or external user to bit 26:11 16.,Digital,"Section 13.3.1 Requirements (under Section 13.3 ISPU integration), paragraph 011 (page 130)",,interrupt_table_connection,derived-from-structure,"Derived from interrupt table columns Interrupt, bit, Description | table_line_info=page130:lines[11-12] | source_req_id=DDS_STBIO1_0504 | id_policy=preserve_tagged_source_id | rag_crosscheck=warn:structural_table_derivation",Source requirement ID was preserved from the specification text.,Requirement,yes,other,,,
DDS_STBIO1_0505,DDS_STBIO1_0505,DDS_STBIO1_0505,tagged_preserve,The irq_timer interrupt shall be connected to Internal timer to bit 1.,Digital,"Section 13.3.1 Requirements (under Section 13.3 ISPU integration), paragraph 013 (page 130)",,interrupt_table_connection,derived-from-structure,"Derived from interrupt table columns Interrupt, bit, Description | table_line_info=page130:lines[13-13] | source_req_id=DDS_STBIO1_0505 | id_policy=preserve_tagged_source_id | rag_crosscheck=warn:structural_table_derivation",Source requirement ID was preserved from the specification text.,Requirement,yes,other,,,
DDS_STBIO1_0509,DDS_STBIO1_0509,,tagged_preserve,"[DDS_STBIO1_0509] Requirement: To put the ISPU into sleep mode, it is necessary to perform a read at address 0x80054.",System,"Section 13.3.1 Requirements (under Section 13.3 ISPU integration), paragraph 023 (page 131)",,raw,explicit,Auto-extracted from OCR functional sentence using ontology rule | source_req_id=DDS_STBIO1_0509 | id_policy=preserve_tagged_source_id | rag_crosscheck=ok:exact_match,Narrative sentence states device behavior classified as a other requirement.,Requirement,yes,other,,,
DDS_STBIO1_05010,DDS_STBIO1_05010,,tagged_preserve,"[DDS_STBIO1_05010] Requirement: To wake up the ISPU, it is necessary to trigger an interrupt.",System,"Section 13.3.1 Requirements (under Section 13.3 ISPU integration), paragraph 027 (page 131)",,raw,explicit,Auto-extracted from OCR functional sentence using ontology rule | source_req_id=DDS_STBIO1_05010 | id_policy=preserve_tagged_source_id | rag_crosscheck=ok:exact_match,Narrative sentence states device behavior classified as a other requirement.,Requirement,yes,other,,,
DDS_STBIO1_05011,DDS_STBIO1_05011,,tagged_preserve,"[DDS_STBIO1_05011] Requirement: When the ISPU is in sleep mode, it is possible to perform reads and writes from the data and code memory by triggering an AHB transition.",System,"Section 13.3.1 Requirements (under Section 13.3 ISPU integration), paragraph 031 (page 131)",,raw,explicit,Auto-extracted from OCR functional sentence using ontology rule | source_req_id=DDS_STBIO1_05011 | id_policy=preserve_tagged_source_id | rag_crosscheck=ok:exact_match,Narrative sentence states device behavior classified as a other requirement.,Requirement,yes,other,,,
DDS_STBIO1_0508,DDS_STBIO1_0508,,tagged_preserve,"To turn off the ISPU shall be: • Disable the power island by writing to regmap POWER CONFIGURATION REGISTER via AHB interface (ADDRESS=0xCA000, DATA=0x00)",Digital,"Section 13.3.1 Requirements (under Section 13.3 ISPU integration), paragraph 017 (page 131)",,raw,explicit,Auto-extracted from OCR normative statement | source_req_id=DDS_STBIO1_0508 | id_policy=preserve_tagged_source_id | rag_crosscheck=ok:exact_match,Source requirement ID was preserved from the specification text.,Requirement,yes,interface,,,
DDS_STBIO1_0507,DDS_STBIO1_0507,,tagged_preserve,"After the initial boot phase, to turn on the ISPU shall be: • Select page 3 of the regmap (ADDRESS=0x04, DATA=0x03) • Enable LDO 1V8 by writing to regmap VIREF_LDO1V8_CLK16M register (ADDRESS=0x0F, DATA=0x02) • Enable clock by writing to regmap VIREF_LDO1V8_CLK16M register (ADDRESS=0x0F, DATA=0x12) • Enable user mode by writing to regmap (ADDRESS=0x5E, DATA=0x01) • Enable the power island by writing to regmap POWER CONFIGURATION REGISTER via AHB interface (ADDRESS=0xCA000, DATA=0x01)",Digital,"Section 13.3.1 Requirements (under Section 13.3 ISPU integration), paragraph 004 (page 131)",,raw,explicit,Auto-extracted from OCR normative statement | source_req_id=DDS_STBIO1_0507 | id_policy=preserve_tagged_source_id | rag_crosscheck=ok:exact_match,Source requirement ID was preserved from the specification text.,Requirement,yes,interface,,,
DDS_STBIO1_3000,DDS_STBIO1_3000,,tagged_preserve,"132 **Update-IR** Run-Test/Idle Select-DR-Scan 13.4. STBIO1 Register Map 13.4.1. STBIO1 Register Map Here is described the list of registers in the register map. The AFE_BLOCK registers are accessible by I2C/SPI direct access and AHB interface, while the others are only by AHB. The I2C/SPI direct access mode is done by the HOST INTF port (I2C/SPI AHB) and the address of the AFE_BLOCK registers are arranged in 4 pages of 64 registers. BASE START ADDRESS ADDRESS BLOCK REGISTER WIDTH BASE END ADDRE VREF_TRIM SS RESET REQ_ID 0xC8000 AFE_BLOCK 8 0xC80EB tst_main_reset_n, regmap_sw_resetn",Digital,"Section 13.4.1 STBIO1 Register Map (under Section 13.4 STBIO1 Register Map), paragraph 028 (page 133)",Regmap,raw,explicit,"Auto-extracted from OCR explicit req-id row sweep | table_line_info=page133:lines[1,3,6,8,9,10,11,12,15,16,17,18,19,20,21,22,23,24,25,26,28] | recovery_mode=header_split | source_req_id=DDS_STBIO1_3000 | id_policy=preserve_tagged_source_id | rag_crosscheck=ok:exact_match",Source requirement ID was preserved from the specification text.,Requirement,yes,mode-behavior,,,
DDS_STBIO1_3001,DDS_STBIO1_3001,,tagged_preserve,"0xC80EC RESERVED 0xC8FFF tst_main_reset_n, regmap_sw_resetn",System,"Section 13.4.1 STBIO1 Register Map (under Section 13.4 STBIO1 Register Map), paragraph 033 (page 133)",Regmap,raw,explicit,"Auto-extracted from OCR explicit req-id row sweep | table_line_info=page133:lines[29,30,31,33] | recovery_mode=header_split | source_req_id=DDS_STBIO1_3001 | id_policy=preserve_tagged_source_id | rag_crosscheck=ok:exact_match",Source requirement ID was preserved from the specification text.,Requirement,yes,other,,,
DDS_STBIO1_3002,DDS_STBIO1_3002,,tagged_preserve,0xC9000 OTP REGISTER 8 0xC902C tst_main_reset_n,Digital,"Section 13.4.1 STBIO1 Register Map (under Section 13.4 STBIO1 Register Map), paragraph 034 (page 133)",Regmap,raw,explicit,Auto-extracted from OCR explicit req-id row sweep | table_line_info=page133:lines[34] | recovery_mode=header_split | source_req_id=DDS_STBIO1_3002 | id_policy=preserve_tagged_source_id | rag_crosscheck=ok:exact_match,Source requirement ID was preserved from the specification text.,Requirement,yes,other,,,
DDS_STBIO1_3003,DDS_STBIO1_3003,,tagged_preserve,"0xC9030 RESERVED 0xC9FFF tst_main_reset_n, regmap_sw_resetn",System,"Section 13.4.1 STBIO1 Register Map (under Section 13.4 STBIO1 Register Map), paragraph 039 (page 133)",Regmap,raw,explicit,"Auto-extracted from OCR explicit req-id row sweep | table_line_info=page133:lines[35,36,37,39] | recovery_mode=header_split | source_req_id=DDS_STBIO1_3003 | id_policy=preserve_tagged_source_id | rag_crosscheck=ok:exact_match",Source requirement ID was preserved from the specification text.,Requirement,yes,other,,,
DDS_STBIO1_3004,DDS_STBIO1_3004,,tagged_preserve,"0xCA000 SYSTEM_REGISTER 32 0xCA140 tst_main_reset_n, regmap_sw_resetn",Digital,"Section 13.4.1 STBIO1 Register Map (under Section 13.4 STBIO1 Register Map), paragraph 044 (page 133)",Regmap,raw,explicit,"Auto-extracted from OCR explicit req-id row sweep | table_line_info=page133:lines[40,41,42,44] | recovery_mode=header_split | source_req_id=DDS_STBIO1_3004 | id_policy=preserve_tagged_source_id | rag_crosscheck=ok:exact_match",Source requirement ID was preserved from the specification text.,Requirement,yes,other,,,
DDS_STBIO1_3005,DDS_STBIO1_3005,,tagged_preserve,"0xCA144 RESERVED 0xCCFFF tst_main_reset_n, regmap_sw_resetn",System,"Section 13.4.1 STBIO1 Register Map (under Section 13.4 STBIO1 Register Map), paragraph 049 (page 133)",Regmap,raw,explicit,"Auto-extracted from OCR explicit req-id row sweep | table_line_info=page133:lines[45,46,47,49] | recovery_mode=header_split | source_req_id=DDS_STBIO1_3005 | id_policy=preserve_tagged_source_id | rag_crosscheck=ok:exact_match",Source requirement ID was preserved from the specification text.,Requirement,yes,other,,,
DDS_STBIO1_3006,DDS_STBIO1_3006,,tagged_preserve,"0xCD000 OTP (TRIMM REGS) 32 0xCD02F tst_main_reset_n, regmap_sw_resetn",Digital,"Section 13.4.1 STBIO1 Register Map (under Section 13.4 STBIO1 Register Map), paragraph 054 (page 133)",Regmap,raw,explicit,"Auto-extracted from OCR explicit req-id row sweep | table_line_info=page133:lines[50,51,52,54] | recovery_mode=header_split | source_req_id=DDS_STBIO1_3006 | id_policy=preserve_tagged_source_id | rag_crosscheck=ok:exact_match",Source requirement ID was preserved from the specification text.,Requirement,yes,other,,,
DDS_STBIO1_1114,DDS_STBIO1_1114,,tagged_preserve,"To perform a SOFT Reset procedure, the user shall perform the following steps: 1. If Mode Operation has been set to 1, shall be reset to 0 2. Set the Soft Reset Main Controller Bit (SW_RESETN_REG[0]) to 0 for at least 1 ms 3. Set the Soft Reset Main Controller Bit (SW_RESETN_REG[0]) to 1 4. Wait for the DEVICE_STATUS_REGISTER to reach the IDLE Value",Digital,"Section 14.1 Main Controller Soft Reset (under Section 14 Soft Reset Procedures), paragraph 009 (page 144)",,raw,explicit,Auto-extracted from OCR normative statement | source_req_id=DDS_STBIO1_1114 | id_policy=preserve_tagged_source_id | rag_crosscheck=ok:exact_match,Source requirement ID was preserved from the specification text.,Requirement,yes,mode-behavior,,,1 ms; at least 1 ms 3
DDS_STBIO1_0114,DDS_STBIO1_0114,,tagged_preserve,"At the release of the POR signal from the analog domain, the PMU shall manage the turn-on of the LDO1V8 and starts clocks Start-Up Sequence (reported in PMU IPOS) [TO: IPOS_PMU]",Digital,"Section 15.1 BOOT Phase (under Section 15 Measurement Cycle Examples), paragraph 005 (page 145)",,raw,explicit,Auto-extracted from OCR normative statement | source_req_id=DDS_STBIO1_0114 | id_policy=preserve_tagged_source_id | rag_crosscheck=ok:exact_match,Source requirement ID was preserved from the specification text.,Requirement,yes,other,,,
DDS_STBIO1_0115,DDS_STBIO1_0115,,tagged_preserve,"After At least 2 ms from the Release of the POR, the reset of the digital domain shall be de- asserted (an overlook on this part is described in the PMU IPOS) and the device shall start the Boot Phase [TO: IPOS_PMU]",Digital,"Section 15.1 BOOT Phase (under Section 15 Measurement Cycle Examples), paragraph 009 (page 145)",,raw,explicit,Auto-extracted from OCR normative statement | source_req_id=DDS_STBIO1_0115 | id_policy=preserve_tagged_source_id | rag_crosscheck=ok:exact_match,Source requirement ID was preserved from the specification text.,Requirement,yes,timing,,,2 ms; At least 2 ms from the Release of the POR
DDS_STBIO1_0116,DDS_STBIO1_0116,,tagged_preserve,"To check the end of the BOOT phase, the user shall read the main_controller_status_register (DEVICE_STATUS_REG register [2:0]) and follow these steps: • Read the DEVICE_STATUS_REG [2:0] • Check if the Value is 1 (BOOT phase still in process) • If the value is 2, then the BOOT phase is ended and the device is in IDLE. [TO: IPOS_MAIN_CTRL]",Digital,"Section 15.1 BOOT Phase (under Section 15 Measurement Cycle Examples), paragraph 013 (page 145)",,raw,explicit,Auto-extracted from OCR normative statement | source_req_id=DDS_STBIO1_0116 | id_policy=preserve_tagged_source_id | rag_crosscheck=ok:exact_match,Source requirement ID was preserved from the specification text.,Requirement,yes,mode-behavior,,,
DDS_STBIO1_0117,DDS_STBIO1_0117,,tagged_preserve,"During the Configuration Phase (IDLE STATE of the Device_FSM), the user shall be able to: • Configure Bio-Channel or Optical Channel, the ADC Calibration and then Start a measurement cycle. • Put the device in Debug-Mode. [TO: IPOS_MAIN_CTRL]",Digital,"Section 15.2 Configuration Phase (under Section 15 Measurement Cycle Examples), paragraph 007 (page 146)",,raw,explicit,Auto-extracted from OCR normative statement | source_req_id=DDS_STBIO1_0117 | id_policy=preserve_tagged_source_id | rag_crosscheck=ok:exact_match,Source requirement ID was preserved from the specification text.,Requirement,yes,mode-behavior,idle state,,
DDS_STBIO1_0118,DDS_STBIO1_0118,,tagged_preserve,• The user shall configure time slot duration in DEVICE_CONFIG_OPERATION register [4:2] [TO: IPOS_MAIN_CTRL],Digital,"Section 1 TIME SLOT LENGTH: (under Section 15.3.1 ECG Only), paragraph 008 (page 148)",,raw,explicit,Auto-extracted from OCR normative statement | source_req_id=DDS_STBIO1_0118 | id_policy=preserve_tagged_source_id | rag_crosscheck=ok:exact_match,Source requirement ID was preserved from the specification text.,Requirement,yes,timing,,,
DDS_STBIO1_0119,DDS_STBIO1_0119,,tagged_preserve,"• The user shall select active channel, in this case only ECG0_SEL and DS_SEL (Data Storage Mode) in DEVICE_CONFIG_CHANNEL register writing 0x21. [TO: IPOS_MAIN_CTRL]",Digital,"Section 2 SELECT CHANNEL: (under Section 15.3.1 ECG Only), paragraph 012 (page 148)",,raw,explicit,Auto-extracted from OCR normative statement | source_req_id=DDS_STBIO1_0119 | id_policy=preserve_tagged_source_id | rag_crosscheck=ok:exact_match,Source requirement ID was preserved from the specification text.,Requirement,yes,other,,,
DDS_STBIO1_0120,DDS_STBIO1_0120,,tagged_preserve,"• The user shall select a division index for ECG, configuring M_ECG_l and M_ECG_h in SET_ECG_FREQ_l register and SET_ECG_FREQ_h register. [TO: IPOS_MAIN_CTRL]",Digital,"Section 3 SELECT DIVISION INDEX FOR CONFIGURED CHANNELS: (under Section 15.3.1 ECG Only), paragraph 017 (page 148)",,raw,explicit,Auto-extracted from OCR normative statement | source_req_id=DDS_STBIO1_0120 | id_policy=preserve_tagged_source_id | rag_crosscheck=ok:exact_match,Source requirement ID was preserved from the specification text.,Requirement,yes,other,,,
DDS_STBIO1_0121,DDS_STBIO1_0121,,tagged_preserve,• The user shall set the number of clocks for sampling ECG data from ADC in ADC_CONFIG_ECG register. [TO: IPOS_MAIN_CTRL],Digital,"Section 4 CONFIGURE ADC SAMPLING PERIOD: (under Section 15.3.1 ECG Only), paragraph 022 (page 148)",,raw,explicit,Auto-extracted from OCR normative statement | source_req_id=DDS_STBIO1_0121 | id_policy=preserve_tagged_source_id | rag_crosscheck=ok:exact_match,Source requirement ID was preserved from the specification text.,Requirement,yes,functional,,,
DDS_STBIO1_0122,DDS_STBIO1_0122,,tagged_preserve,• The User shall set at 1 HC_EN in ECG_CTRL register. [TO: IPOS_MAIN_CTRL],Digital,"Section 5 GENERAL CONFIG: (under Section 15.3.1 ECG Only), paragraph 027 (page 148)",,raw,explicit,Auto-extracted from OCR normative statement | source_req_id=DDS_STBIO1_0122 | id_policy=preserve_tagged_source_id | rag_crosscheck=ok:exact_match,Source requirement ID was preserved from the specification text.,Requirement,yes,other,,,
DDS_STBIO1_0123,DDS_STBIO1_0123,,tagged_preserve,• The user shall start measurement writing register DEVICE_CONFIG_OPERATION [0] at 1. [TO: IPOS_MAIN_CTRL],Digital,"Section 6 SELECT OPERATIVE MODE: (under Section 15.3.1 ECG Only), paragraph 031 (page 148)",,raw,explicit,Auto-extracted from OCR normative statement | source_req_id=DDS_STBIO1_0123 | id_policy=preserve_tagged_source_id | rag_crosscheck=ok:exact_match,Source requirement ID was preserved from the specification text.,Requirement,yes,functional,,,
DDS_STBIO1_0124,DDS_STBIO1_0124,,tagged_preserve,• To check data in unique FIFO (default config) the user shall check the first MSB which will have to be equal to the table in DATA TAG Table. [TO: IPOS_MAIN_CTRL],Digital,"Section 7 CHECK DATA: (under Section 15.3.1 ECG Only), paragraph 036 (page 148)",,raw,explicit,Auto-extracted from OCR normative statement | source_req_id=DDS_STBIO1_0124 | id_policy=preserve_tagged_source_id | rag_crosscheck=ok:exact_match,Source requirement ID was preserved from the specification text.,Requirement,yes,other,,,
DDS_STBIO1_0125,DDS_STBIO1_0125,,tagged_preserve,[DDS_STBIO1_0125] Requirement: • The user shall configure the time slot duration in DEVICE_CONFIG_OPERATION register [4:2].,Digital,"Section 1 TIME SLOT LENGTH: (under Section 15.3.2 ECG and BIA), paragraph 012 (page 150)",,raw,explicit,Auto-extracted from OCR functional sentence using ontology rule | source_req_id=DDS_STBIO1_0125 | id_policy=preserve_tagged_source_id | rag_crosscheck=ok:exact_match,Narrative sentence states device behavior classified as a timing requirement.,Requirement,yes,timing,,,
DDS_STBIO1_0126,DDS_STBIO1_0126,,tagged_preserve,"• The user shall select active channel, in this case ECG0_SEL, BIA_SEL and DS_SEL (Data Storage Mode) in DEVICE_CONFIG_CHANNEL writing 0x23. [TO: IPOS_MAIN_CTRL]",Digital,"Section 2 SELECT CHANNEL: (under Section 15.3.2 ECG and BIA), paragraph 016 (page 150)",,raw,explicit,Auto-extracted from OCR normative statement | source_req_id=DDS_STBIO1_0126 | id_policy=preserve_tagged_source_id | rag_crosscheck=ok:exact_match,Source requirement ID was preserved from the specification text.,Requirement,yes,other,,,
DDS_STBIO1_0127,DDS_STBIO1_0127,,tagged_preserve,"• The user shall select a division index for ECG, configuring M_ECG_l and M_ECG_h in SET_ECG_FREQ_l register and SET_ECG_FREQ_h register. [TO: IPOS_MAIN_CTRL]",Digital,"Section 3 SELECT DIVISION INDEX FOR CONFIGURED CHANNELS: (under Section 15.3.2 ECG and BIA), paragraph 021 (page 150)",,raw,explicit,Auto-extracted from OCR normative statement | source_req_id=DDS_STBIO1_0127 | id_policy=preserve_tagged_source_id | rag_crosscheck=ok:exact_match,Source requirement ID was preserved from the specification text.,Requirement,yes,other,,,
DDS_STBIO1_0128,DDS_STBIO1_0128,,tagged_preserve,"• The user shall select a division index for ECG, configuring M_BIA_l and M_BIA_h in SET_BIA_FREQ_l register and SET_BIA_FREQ_h register. [TO: IPOS_MAIN_CTRL]",Digital,"Section 3 SELECT DIVISION INDEX FOR CONFIGURED CHANNELS: (under Section 15.3.2 ECG and BIA), paragraph 025 (page 150)",,raw,explicit,Auto-extracted from OCR normative statement | source_req_id=DDS_STBIO1_0128 | id_policy=preserve_tagged_source_id | rag_crosscheck=ok:exact_match,Source requirement ID was preserved from the specification text.,Requirement,yes,other,,,
DDS_STBIO1_0129,DDS_STBIO1_0129,,tagged_preserve,• The user shall set number of clocks for sampling ECG and BIA data from ADC in ADC_CONFIG_ECG register. [TO: IPOS_MAIN_CTRL],Digital,"Section 4 CONFIGURE ADC SAMPLING PERIOD: (under Section 15.3.2 ECG and BIA), paragraph 029 (page 150)",,raw,explicit,Auto-extracted from OCR normative statement | source_req_id=DDS_STBIO1_0129 | id_policy=preserve_tagged_source_id | rag_crosscheck=ok:exact_match,Source requirement ID was preserved from the specification text.,Requirement,yes,functional,,,
DDS_STBIO1_0130,DDS_STBIO1_0130,,tagged_preserve,• The user shall set at 1 HC_EN in ECG_CTRL register. [TO: IPOS_MAIN_CTRL],Digital,"Section 5 GENERAL CONFIG: (under Section 15.3.2 ECG and BIA), paragraph 033 (page 150)",,raw,explicit,Auto-extracted from OCR normative statement | source_req_id=DDS_STBIO1_0130 | id_policy=preserve_tagged_source_id | rag_crosscheck=ok:exact_match,Source requirement ID was preserved from the specification text.,Requirement,yes,other,,,
DDS_STBIO1_0140,DDS_STBIO1_0140,,tagged_preserve,• The user shall set at 1 IMP_EN in IMP_CTRL register. [TO: IPOS_MAIN_CTRL],Digital,"Section 5 GENERAL CONFIG: (under Section 15.3.2 ECG and BIA), paragraph 036 (page 150)",,raw,explicit,Auto-extracted from OCR normative statement | source_req_id=DDS_STBIO1_0140 | id_policy=preserve_tagged_source_id | rag_crosscheck=ok:exact_match,Source requirement ID was preserved from the specification text.,Requirement,yes,other,,,
DDS_STBIO1_0141,DDS_STBIO1_0141,,tagged_preserve,• The user shall start measurement writing register DEVICE_CONFIG_OPERATION [0] at 1. [TO: IPOS_MAIN_CTRL],Digital,"Section 6 SELECT OPERATIVE MODE: (under Section 15.3.2 ECG and BIA), paragraph 040 (page 150)",,raw,explicit,Auto-extracted from OCR normative statement | source_req_id=DDS_STBIO1_0141 | id_policy=preserve_tagged_source_id | rag_crosscheck=ok:exact_match,Source requirement ID was preserved from the specification text.,Requirement,yes,functional,,,
DDS_STBIO1_0142,DDS_STBIO1_0142,,tagged_preserve,• To check data in unique FIFO (default config) the user shall check the first MSB which will have to be equal to the one described in the DATA TAG Table. [TO: IPOS_MAIN_CTRL],Digital,"Section 7 CHECK DATA: (under Section 15.3.2 ECG and BIA), paragraph 044 (page 150)",,raw,explicit,Auto-extracted from OCR normative statement | source_req_id=DDS_STBIO1_0142 | id_policy=preserve_tagged_source_id | rag_crosscheck=ok:exact_match,Source requirement ID was preserved from the specification text.,Requirement,yes,other,,,
DDS_STBIO1_0143,DDS_STBIO1_0143,,tagged_preserve,[DDS_STBIO1_0143] Requirement: • The User shall configure time slot duration in DEVICE_CONFIG_OPERATION register [4:2].,Digital,"Section 1 TIME SLOT LENGTH: (under Section 15.3.3 PPG Only), paragraph 010 (page 152)",,raw,explicit,Auto-extracted from OCR functional sentence using ontology rule | source_req_id=DDS_STBIO1_0143 | id_policy=preserve_tagged_source_id | rag_crosscheck=ok:exact_match,Narrative sentence states device behavior classified as a timing requirement.,Requirement,yes,timing,,,
DDS_STBIO1_0145,DDS_STBIO1_0145,,tagged_preserve,"[DDS_STBIO1_0145] Requirement: • The user shall configure a division index PPG, writing M_PPG_l and M_PPG_h in SET_PPG_FREQ_l register and SET_PPG_FREQ_h register.",Digital,"Section 3 SELECT DIVISION INDEX FOR CONFIGURED CHANNELS: (under Section 15.3.3 PPG Only), paragraph 018 (page 152)",,raw,explicit,Auto-extracted from OCR functional sentence using ontology rule | source_req_id=DDS_STBIO1_0145 | id_policy=preserve_tagged_source_id | rag_crosscheck=ok:exact_match,Narrative sentence states device behavior classified as a other requirement.,Requirement,yes,other,,,
DDS_STBIO1_0146,DDS_STBIO1_0146,,tagged_preserve,[DDS_STBIO1_0146] Requirement: • The user shall configure the number of clocks for sampling PPG data from ADC in ADC_CONFIG_PPG register.,Digital,"Section 4 CONFIGURE ADC SAMPLING PERIOD: (under Section 15.3.3 PPG Only), paragraph 022 (page 152)",,raw,explicit,Auto-extracted from OCR functional sentence using ontology rule | source_req_id=DDS_STBIO1_0146 | id_policy=preserve_tagged_source_id | rag_crosscheck=ok:exact_match,Narrative sentence states device behavior classified as a functional requirement.,Requirement,yes,functional,,,
DDS_STBIO1_0144,DDS_STBIO1_0144,,tagged_preserve,"• The user shall select active channel, in this case only PPG_SEL and DS_SEL (data Storage) in DEVICE_CONFIG_CHANNEL register shall be set to 0x30.",Digital,"Section 2 SELECT CHANNEL: (under Section 15.3.3 PPG Only), paragraph 014 (page 152)",,raw,explicit,Auto-extracted from OCR normative statement | source_req_id=DDS_STBIO1_0144 | id_policy=preserve_tagged_source_id | rag_crosscheck=ok:exact_match,Source requirement ID was preserved from the specification text.,Requirement,yes,other,,,
DDS_STBIO1_0147,DDS_STBIO1_0147,,tagged_preserve,"The user shall configure each frame following these steps: 5.1 ALC PARAMETERS: • T1 in PPG_ALC_CONFIG_PARAM_1 register. • T2, GAIN_START_SET, GAIN_MAX_SET in PPG_ALC_CONFIG_PARAM_2 register. 5.2 DIGITAL RAMP PARAMETERS: • N_MAX, T_DELTA in DIGITAL_RAMP_CONFIG_PARAM_1 register. • DELTA, T_DELTA1 in DIGITAL_RAMP_CONFIG_PARAM_2 register. • DELTA1 in DIGITAL_RAMP_CONFIG_PARAM_3 register. 5.3 GENERAL PPG PARAMETERS: • N_PPG_FRAME, WAVE_VELOCITY_MODE, SEL_PPG_ELAB in GENERAL_PPG_PARAMETERS_1 register. • T_TX_STARTUP in GENERAL_PPG_PARAMETERS_2 register. • T_RX_SET, PPG_START_UP_TIME_l in GENERAL_PPG_PARAMETERS_3 register. • PPG_START_UP_TIME_h in GENERAL_PPG_PARAMETERS_4 register. 5.4 PARAMETERS FOR EACH FRAME CONFIGURED BY USER: • RX_CH_FRAME_{n}, FRAME_{n}_SAMPLES, FRAME_{n}_REPETITION in FRAME_n_PARAMETERS_1 register. • BTIA_GAIN_FRAME_{n}, TX_LEDSET_FRAME_l_{n} in FRAME_n_PARAMETERS_2 register. • TX_LEDSET_FRAME_h_{n}, TX_LEDOFF_FRAME_l_{n} in FRAME_n_PARAMETERS_3 register. • TX_LEDOFF_FRAME_h_{n} in FRAME_n_PARAMETERS_4 register. • IDAC_DC_PPG_FRAME_{n} in FRAME_n_PARAMETERS_5 register. • EN_TX_i in FRAME_n_PARAMETERS_6 register. • CURR_SEL_TX_FRAME{n} in FRAME_n_PARAMETERS_7 register. • TX1_OUTAB_SEL_FRAME_{n}, TX2_OUTAB_SEL_FRAME_{n}, TX3_OUTAB_SEL_FRAME_{n}, TX4_OUTAB_SEL_FRAME_{n} in FRAME_n_PARAMETERS_10 register.",Digital,"Section 5 PPG FRAMES CONFIG: (under Section 15.3.3 PPG Only), paragraph 026 (page 152)",,raw,explicit,Auto-extracted from OCR normative statement | source_req_id=DDS_STBIO1_0147 | id_policy=preserve_tagged_source_id | rag_crosscheck=warn:partial_overlap=0.76,Source requirement ID was preserved from the specification text.,Requirement,yes,other,,LED,
DDS_STBIO1_0148,DDS_STBIO1_0148,,tagged_preserve,[DDS_STBIO1_0148] Requirement: • The user shall write DEVICE_CONFIG_OPERATION register [0] at 1.,Digital,"Section 6 SELECT OPERATIVE MODE: (under Section 15.3.3 PPG Only), paragraph 008 (page 153)",,raw,explicit,Auto-extracted from OCR functional sentence using ontology rule | source_req_id=DDS_STBIO1_0148 | id_policy=preserve_tagged_source_id | rag_crosscheck=ok:exact_match,Narrative sentence states device behavior classified as a other requirement.,Requirement,yes,other,,,
DDS_STBIO1_0149,DDS_STBIO1_0149,,tagged_preserve,"• To check data in unique FIFO (default config) the user shall check the first MSB. PPG DATA has 20 bits of data and 4 of TAG. The 4 bits, from 0 to 11, are used to identify the frame (as described in the table in DATA TAG table).",Digital,"Section 7 CHECK DATA: (under Section 15.3.3 PPG Only), paragraph 011 (page 153)",,raw,explicit,Auto-extracted from OCR normative statement | source_req_id=DDS_STBIO1_0149 | id_policy=preserve_tagged_source_id | rag_crosscheck=ok:exact_match,Source requirement ID was preserved from the specification text.,Requirement,yes,other,,,20 bits; 4 bits
DDS_STBIO1_0699,DDS_STBIO1_0699,,tagged_preserve,"After the initial boot phase, only with SPI interface, to turn on the Scan mode shall be: • Select page 3 of the regmap (ADDRESS=0x40, DATA=0x03) • Enable LDO 1V8 by writing to regmap VIREF_LDO1V8_CLK16M register (ADDRESS=0x0F, DATA=0x02) • Enable clock by writing to regmap VIREF_LDO1V8_CLK16M register (ADDRESS=0x0F, DATA=0x12) • Enable debug mode by writing to regmap (ADDRESS=0x3E, DATA=0x01) Figure 26 scan mode activation timing",Digital,"Section 18.1 Scan mode (under Section 18 Digital DFT), paragraph 011 (page 159)",,raw,explicit,Auto-extracted from OCR normative statement | source_req_id=DDS_STBIO1_0699 | id_policy=preserve_tagged_source_id | rag_crosscheck=warn:high_overlap=0.90,Source requirement ID was preserved from the specification text.,Requirement,yes,interface,,,
DDS_STBIO1_0700,DDS_STBIO1_0700,,tagged_preserve,"After the initial boot phase, to turn on the Debug mode shall be: • Select page 3 of the regmap (ADDRESS=0x40, DATA=0x03) • Enable LDO 1V8 by writing to regmap VIREF_LDO1V8_CLK16M register (ADDRESS=0x0F, DATA=0x02) • Enable clock by writing to regmap VIREF_LDO1V8_CLK16M register (ADDRESS=0x0F, DATA=0x12) • Enable debug mode by writing to regmap (ADDRESS=0x3E, DATA=0x08)",Digital,"Section 18.2 Debug mode (under Section 18 Digital DFT), paragraph 024 (page 159)",,raw,explicit,Auto-extracted from OCR normative statement | source_req_id=DDS_STBIO1_0700 | id_policy=preserve_tagged_source_id | rag_crosscheck=ok:exact_match,Source requirement ID was preserved from the specification text.,Requirement,yes,other,,,
DDS_STBIO1_0701,DDS_STBIO1_0701,,tagged_preserve,"To turn on the ADC TEST LOW NOISE mode shall be: • Select page 3 of the regmap (ADDRESS=0x40, DATA=0x03) • Enable LDO 1V8 by writing to regmap VIREF_LDO1V8_CLK16M register (ADDRESS=0xF, DATA=0x02) • Enable clock by writing to regmap VIREF_LDO1V8_CLK16M register (ADDRESS=0x0F, DATA=0x12) • Enable ADC in debug mode (ADDRESS=0x09, DATA=0x06) • Select page 2 of the regmap (ADDRESS=0x40, DATA=0x02) • Enable ADC TEST LOW NOISE and input of ADC from GPIO (ADDRESS=0x0A, DATA=0x14) • Select page 3 of the regmap (ADDRESS=0x40, DATA=0x02) • Enable debug mode by writing to regmap (ADDRESS=0x3E, DATA=0x08)",Digital,"Section 18.3 ADC TEST LOW NOISE (under Section 18 Digital DFT), paragraph 006 (page 160)",,raw,explicit,Auto-extracted from OCR normative statement | source_req_id=DDS_STBIO1_0701 | id_policy=preserve_tagged_source_id | rag_crosscheck=ok:exact_match,Source requirement ID was preserved from the specification text.,Requirement,yes,functional,,,
DDS_STBIO1_0702,DDS_STBIO1_0702,,tagged_preserve,"To turn on the ADC TEST LOW NOISE mode shall be: • Select page 3 of the regmap (ADDRESS=0x40, DATA=0x03) • Enable LDO 1V8 by writing to regmap VIREF_LDO1V8_CLK16M register (ADDRESS=0xF, DATA=0x02) • Enable clock by writing to regmap VIREF_LDO1V8_CLK16M register (ADDRESS=0x0F, DATA=0x12) • Enable ADC in debug mode (ADDRESS=0x09, DATA=0x06) • Select page 2 of the regmap (ADDRESS=0x40, DATA=0x02) • Enable ADC TEST LOW NOISE and input of ADC from GPIO (ADDRESS=0x0A, DATA=0x14) • Select page 3 of the regmap (ADDRESS=0x40, DATA=0x02) • Enable debug mode by writing to regmap (ADDRESS=0x3E, DATA=0x08)",Digital,"Section 18.3 ADC TEST LOW NOISE (under Section 18 Digital DFT), paragraph 023 (page 160)",,raw,explicit,Auto-extracted from OCR normative statement | source_req_id=DDS_STBIO1_0702 | id_policy=preserve_tagged_source_id | rag_crosscheck=ok:exact_match,Source requirement ID was preserved from the specification text.,Requirement,yes,functional,,,
DDS_STBIO1_1507,DDS_STBIO1_1507,,tagged_preserve,"To turn on the ADC TEST LOW NOISE mode shall be: • Select page 3 of the regmap (ADDRESS=0x40, DATA=0x03) • Enable LDO 1V8 by writing to regmap VIREF_LDO1V8_CLK16M register (ADDRESS=0xF, DATA=0x02) • Enable clock by writing to regmap VIREF_LDO1V8_CLK16M register (ADDRESS=0x0F, DATA=0x12) • Enable ADC in debug mode (ADDRESS=0x09, DATA=0x06) • Select page 2 of the regmap (ADDRESS=0x40, DATA=0x02) • Enable ADC TEST LOW NOISE and input of ADC from GPIO (ADDRESS=0x0A, DATA=0x0C) • Select page 3 of the regmap (ADDRESS=0x40, DATA=0x02) • Enable debug mode by writing to regmap (ADDRESS=0x3E, DATA=0x08)",Digital,"Section 18.4 ADC TEST FAST (under Section 18 Digital DFT), paragraph 010 (page 161)",,raw,explicit,Auto-extracted from OCR normative statement | source_req_id=DDS_STBIO1_1507 | id_policy=preserve_tagged_source_id | rag_crosscheck=ok:exact_match,Source requirement ID was preserved from the specification text.,Requirement,yes,functional,,,
DDS_STBIO1_2507,DDS_STBIO1_2507,,tagged_preserve,"After the initial boot phase, to turn on the Debug mode shall be: • Select page 3 of the regmap (ADDRESS=0x40, DATA=0x03) • Enable LDO 1V8 by writing to regmap VIREF_LDO1V8_CLK16M register (ADDRESS=0x0F, DATA=0x02) • Enable clock by writing to regmap VIREF_LDO1V8_CLK16M register (ADDRESS=0x0F, DATA=0x12) • Enable the power island [DDS_STBIO1_0507] • Enable bist mode by writing to regmap (ADDRESS=0x3E, DATA=0x04)",Digital,"Section 18.5 BIST MODE (under Section 18 Digital DFT), paragraph 030 (page 161)",,raw,explicit,Auto-extracted from OCR normative statement | source_req_id=DDS_STBIO1_2507 | id_policy=preserve_tagged_source_id | rag_crosscheck=warn:high_overlap=0.89,Source requirement ID was preserved from the specification text.,Requirement,yes,electrical,,,
DDS_STBIO1_0013,DDS_STBIO1_0013,,tagged_preserve,"To move OTP signal, ADSP shall write a new value in a regbank by AHB protocol.",Digital,"Section 13.2.1.1.2 Requirements (under Section 13.2.1.1 ADSP Peculiar Requirements), paragraph 039 (page 89)",ADSP,raw,explicit,User-approved recovery of source-tagged requirement omitted by OCR table parsing. | table_line_info=page89:lines[039] | source_req_id=DDS_STBIO1_0013 | id_policy=preserve_tagged_source_id | rag_crosscheck=warn:high_overlap=1.00,Source requirement ID was preserved from the specification text.,Requirement,yes,other,,,
DDS_STBIO1_395,DDS_STBIO1_395,,tagged_preserve,"The DCC feature consists of two stages that detect whether one of six electrode inputs is in the range 0 to 1.5V; thresholds have a 100mV step, and continuous current from 25nA to 200nA flows from the stages into the electrodes.",Analog,"Section 13.1.2.2 Requirements (under Section 13.1.2 PAD Mux), paragraph 033 (page 71)",PAD MUX,raw,explicit,User-approved recovery of source-tagged requirement omitted by OCR table parsing. | table_line_info=page71:lines[033] | source_req_id=DDS_STBIO1_395 | id_policy=preserve_tagged_source_id | rag_crosscheck=warn:partial_overlap=0.79,Source requirement ID was preserved from the specification text.,Requirement,yes,electrical,,,1.5V
