req_id,source_type,spec_level,immediate_parent_req_ids,lineage_candidate_parent_req_ids,source_origin_req_ids,owning_block,owning_domain,hierarchy_or_coverage_class,owning_target,valid_downstream_targets,allowed_contextual_targets,forbidden_upward_targets,required_downstream_targets,actual_downstream_targets,rendered_in_specs,direct_source_to_ipos,snapshot_id,coverage_status,lineage_mode,abstraction_level,integration_or_block_local,scope,topic_family,split_parent_req_id,approved,policy_rationale
DDS_STBIO1_00000008,primary,Digital IPOS,,,DDS_STBIO1_00000008,Smart FIFO,Digital,block_local_digital,Digital IPOS,Digital IPOS,,SRS;DRS,Digital IPOS,,,false,snap-b2e8101b00dc6909feaed885,orphaned,normal_hierarchical,block_local,block_local,Digital,local_fifo_buffering,,true,Digital behavior local to the approved block; owned by Digital IPOS.
DDS_STBIO1_00000102,primary,Digital IPOS,,,DDS_STBIO1_00000102,Smart FIFO,Digital,block_local_digital,Digital IPOS,Digital IPOS,,SRS;DRS,Digital IPOS,,,false,snap-b2e8101b00dc6909feaed885,orphaned,normal_hierarchical,block_local,block_local,Digital,local_fifo_buffering,,true,Digital behavior local to the approved block; owned by Digital IPOS.
DDS_STBIO1_00000199,primary,Digital IPOS,,,DDS_STBIO1_00000199,Smart FIFO,Digital,block_local_digital,Digital IPOS,Digital IPOS,,SRS;DRS,Digital IPOS,,,false,snap-b2e8101b00dc6909feaed885,orphaned,normal_hierarchical,block_local,block_local,Digital,local_fifo_buffering,,true,Digital behavior local to the approved block; owned by Digital IPOS.
DDS_STBIO1_00000202,primary,Digital IPOS,,,DDS_STBIO1_00000202,Smart FIFO,Digital,block_local_digital,Digital IPOS,Digital IPOS,,SRS;DRS,Digital IPOS,,,false,snap-b2e8101b00dc6909feaed885,orphaned,normal_hierarchical,block_local,block_local,Digital,local_register_access,,true,Digital behavior local to the approved block; owned by Digital IPOS.
DDS_STBIO1_00001199,primary,Digital IPOS,,,DDS_STBIO1_00001199,Smart FIFO,Digital,block_local_digital,Digital IPOS,Digital IPOS,,SRS;DRS,Digital IPOS,,,false,snap-b2e8101b00dc6909feaed885,orphaned,normal_hierarchical,block_local,block_local,Digital,local_fifo_buffering,,true,Digital behavior local to the approved block; owned by Digital IPOS.
DDS_STBIO1_0013,primary,Digital IPOS,,,DDS_STBIO1_0013,ADSP,Digital,block_local_digital,Digital IPOS,Digital IPOS,,SRS;DRS,Digital IPOS,,,false,snap-b2e8101b00dc6909feaed885,orphaned,normal_hierarchical,block_local,block_local,Digital,local_timing_protocol,,true,Requirement is explicitly defined in the approved block-specific requirements section; owned by Digital IPOS.
DDS_STBIO1_0014,primary,Digital IPOS,,,DDS_STBIO1_0014,ADSP,Digital,block_local_digital,Digital IPOS,Digital IPOS,,SRS;DRS,Digital IPOS,,,false,snap-b2e8101b00dc6909feaed885,orphaned,normal_hierarchical,block_local,block_local,Digital,,,true,Requirement is explicitly defined in the approved block-specific requirements section; owned by Digital IPOS.
DDS_STBIO1_0015,primary,Digital IPOS,,,DDS_STBIO1_0015,ADSP,Digital,block_local_digital,Digital IPOS,Digital IPOS,,SRS;DRS,Digital IPOS,,,false,snap-b2e8101b00dc6909feaed885,orphaned,normal_hierarchical,block_local,block_local,Digital,local_register_access,,true,Requirement is explicitly defined in the approved block-specific requirements section; owned by Digital IPOS.
DDS_STBIO1_0016,primary,Digital IPOS,,,DDS_STBIO1_0016,ADSP,Digital,block_local_digital,Digital IPOS,Digital IPOS,,SRS;DRS,Digital IPOS,,,false,snap-b2e8101b00dc6909feaed885,orphaned,normal_hierarchical,block_local,block_local,Digital,local_register_access,,true,Requirement is explicitly defined in the approved block-specific requirements section; owned by Digital IPOS.
DDS_STBIO1_0017,primary,Digital IPOS,,,DDS_STBIO1_0017,ADSP,Digital,block_local_digital,Digital IPOS,Digital IPOS,,SRS;DRS,Digital IPOS,,,false,snap-b2e8101b00dc6909feaed885,orphaned,normal_hierarchical,block_local,block_local,Digital,,,true,Requirement is explicitly defined in the approved block-specific requirements section; owned by Digital IPOS.
DDS_STBIO1_0018,primary,Digital IPOS,,,DDS_STBIO1_0018,ADSP,Digital,block_local_digital,Digital IPOS,Digital IPOS,,SRS;DRS,Digital IPOS,,,false,snap-b2e8101b00dc6909feaed885,orphaned,normal_hierarchical,block_local,block_local,Digital,,,true,Requirement is explicitly defined in the approved block-specific requirements section; owned by Digital IPOS.
DDS_STBIO1_0019,primary,Digital IPOS,,,DDS_STBIO1_0019,ADSP,Digital,block_local_digital,Digital IPOS,Digital IPOS,,SRS;DRS,Digital IPOS,,,false,snap-b2e8101b00dc6909feaed885,orphaned,normal_hierarchical,block_local,block_local,Digital,local_register_access,,true,Requirement is explicitly defined in the approved block-specific requirements section; owned by Digital IPOS.
DDS_STBIO1_0020,primary,Digital IPOS,,,DDS_STBIO1_0020,ADSP,Digital,block_local_digital,Digital IPOS,Digital IPOS,,SRS;DRS,Digital IPOS,,,false,snap-b2e8101b00dc6909feaed885,orphaned,normal_hierarchical,block_local,block_local,Digital,local_register_access,,true,Requirement is explicitly defined in the approved block-specific requirements section; owned by Digital IPOS.
DDS_STBIO1_0021,primary,Digital IPOS,,,DDS_STBIO1_0021,ADSP,Digital,block_local_digital,Digital IPOS,Digital IPOS,,SRS;DRS,Digital IPOS,,,false,snap-b2e8101b00dc6909feaed885,orphaned,normal_hierarchical,block_local,block_local,Digital,local_register_access,,true,Requirement is explicitly defined in the approved block-specific requirements section; owned by Digital IPOS.
DDS_STBIO1_0022,primary,Digital IPOS,,,DDS_STBIO1_0022,ADSP,Digital,block_local_digital,Digital IPOS,Digital IPOS,,SRS;DRS,Digital IPOS,,,false,snap-b2e8101b00dc6909feaed885,orphaned,normal_hierarchical,block_local,block_local,Digital,,,true,Requirement is explicitly defined in the approved block-specific requirements section; owned by Digital IPOS.
DDS_STBIO1_0023,primary,Digital IPOS,,,DDS_STBIO1_0023,ADSP,Digital,block_local_digital,Digital IPOS,Digital IPOS,,SRS;DRS,Digital IPOS,,,false,snap-b2e8101b00dc6909feaed885,orphaned,normal_hierarchical,block_local,block_local,Digital,,,true,Requirement is explicitly defined in the approved block-specific requirements section; owned by Digital IPOS.
DDS_STBIO1_0024,primary,Digital IPOS,,,DDS_STBIO1_0024,ADSP,Digital,block_local_digital,Digital IPOS,Digital IPOS,,SRS;DRS,Digital IPOS,,,false,snap-b2e8101b00dc6909feaed885,orphaned,normal_hierarchical,block_local,block_local,Digital,system_power_wakeup,,true,Requirement is explicitly defined in the approved block-specific requirements section; owned by Digital IPOS.
DDS_STBIO1_0025,primary,Digital IPOS,,,DDS_STBIO1_0025,ADSP,Digital,block_local_digital,Digital IPOS,Digital IPOS,,SRS;DRS,Digital IPOS,,,false,snap-b2e8101b00dc6909feaed885,orphaned,normal_hierarchical,block_local,block_local,Digital,system_power_wakeup,,true,Requirement is explicitly defined in the approved block-specific requirements section; owned by Digital IPOS.
DDS_STBIO1_0026,primary,Digital IPOS,,,DDS_STBIO1_0026,ADSP,System,block_local_digital,Digital IPOS,Digital IPOS,,SRS;DRS,Digital IPOS,,,false,snap-b2e8101b00dc6909feaed885,orphaned,normal_hierarchical,block_local,block_local,System,,,true,Digital behavior local to the approved block; owned by Digital IPOS.
DDS_STBIO1_0027,primary,Digital IPOS,,,DDS_STBIO1_0027,ADSP,Digital,block_local_digital,Digital IPOS,Digital IPOS,,SRS;DRS,Digital IPOS,,,false,snap-b2e8101b00dc6909feaed885,orphaned,normal_hierarchical,block_local,block_local,Digital,,,true,Requirement is explicitly defined in the approved block-specific requirements section; owned by Digital IPOS.
DDS_STBIO1_0028,primary,Digital IPOS,,,DDS_STBIO1_0028,ADSP,Digital,block_local_digital,Digital IPOS,Digital IPOS,,SRS;DRS,Digital IPOS,,,false,snap-b2e8101b00dc6909feaed885,orphaned,normal_hierarchical,block_local,block_local,Digital,local_register_access,,true,Requirement is explicitly defined in the approved block-specific requirements section; owned by Digital IPOS.
DDS_STBIO1_0032,primary,DRS,,,DDS_STBIO1_0032,ADSP,System,top_digital_architecture,DRS,DRS;SRS,SRS,Digital IPOS,DRS,,,false,snap-b2e8101b00dc6909feaed885,orphaned,normal_hierarchical,architecture,integration,System,local_register_access,,true,Top-level digital architecture or inter-block digital coordination; owned by DRS.
DDS_STBIO1_0033,primary,Digital IPOS,,,DDS_STBIO1_0033,ADSP,Digital,block_local_digital,Digital IPOS,Digital IPOS,,SRS;DRS,Digital IPOS,,,false,snap-b2e8101b00dc6909feaed885,orphaned,normal_hierarchical,block_local,block_local,Digital,local_register_access,,true,Requirement is explicitly defined in the approved block-specific requirements section; owned by Digital IPOS.
DDS_STBIO1_0034,primary,Digital IPOS,,,DDS_STBIO1_0034,ADSP,System,block_local_digital,Digital IPOS,Digital IPOS,,SRS;DRS,Digital IPOS,,,false,snap-b2e8101b00dc6909feaed885,orphaned,normal_hierarchical,block_local,block_local,System,local_register_access,,true,Digital behavior local to the approved block; owned by Digital IPOS.
DDS_STBIO1_0035,primary,Digital IPOS,,,DDS_STBIO1_0035,ADSP,Digital,block_local_digital,Digital IPOS,Digital IPOS,,SRS;DRS,Digital IPOS,,,false,snap-b2e8101b00dc6909feaed885,orphaned,normal_hierarchical,block_local,block_local,Digital,local_clock_reset,,true,Requirement is explicitly defined in the approved block-specific requirements section; owned by Digital IPOS.
DDS_STBIO1_0036,primary,DRS,,,DDS_STBIO1_0036,OTP,Digital,top_digital_architecture,DRS,DRS;SRS,SRS,Digital IPOS,DRS,,,false,snap-b2e8101b00dc6909feaed885,orphaned,normal_hierarchical,architecture,integration,Digital,local_register_access,,true,Top-level digital architecture or inter-block digital coordination; owned by DRS.
DDS_STBIO1_0104,primary,Digital IPOS,,,DDS_STBIO1_0104,PMU,Digital,block_local_digital,Digital IPOS,Digital IPOS,,SRS;DRS,Digital IPOS,,,false,snap-b2e8101b00dc6909feaed885,orphaned,normal_hierarchical,block_local,block_local,Digital,local_clock_reset,,true,Digital behavior local to the approved block; owned by Digital IPOS.
DDS_STBIO1_0105,primary,Digital IPOS,,,DDS_STBIO1_0105,PMU,Digital,block_local_digital,Digital IPOS,Digital IPOS,,SRS;DRS,Digital IPOS,,,false,snap-b2e8101b00dc6909feaed885,orphaned,normal_hierarchical,block_local,block_local,Digital,local_clock_reset,,true,Digital behavior local to the approved block; owned by Digital IPOS.
DDS_STBIO1_0106,primary,Digital IPOS,,,DDS_STBIO1_0106,PMU,Digital,block_local_digital,Digital IPOS,Digital IPOS,,SRS;DRS,Digital IPOS,,,false,snap-b2e8101b00dc6909feaed885,orphaned,normal_hierarchical,block_local,block_local,Digital,local_clock_reset,,true,Digital behavior local to the approved block; owned by Digital IPOS.
DDS_STBIO1_0107,primary,Digital IPOS,,,DDS_STBIO1_0107,PMU,Digital,block_local_digital,Digital IPOS,Digital IPOS,,SRS;DRS,Digital IPOS,,,false,snap-b2e8101b00dc6909feaed885,orphaned,normal_hierarchical,block_local,block_local,Digital,local_clock_reset,,true,Digital behavior local to the approved block; owned by Digital IPOS.
DDS_STBIO1_0108,primary,Digital IPOS,,,DDS_STBIO1_0108,PMU,Digital,block_local_digital,Digital IPOS,Digital IPOS,,SRS;DRS,Digital IPOS,,,false,snap-b2e8101b00dc6909feaed885,orphaned,normal_hierarchical,block_local,block_local,Digital,local_clock_reset,,true,Digital behavior local to the approved block; owned by Digital IPOS.
DDS_STBIO1_0109,primary,Digital IPOS,,,DDS_STBIO1_0109,PMU,Digital,block_local_digital,Digital IPOS,Digital IPOS,,SRS;DRS,Digital IPOS,,,false,snap-b2e8101b00dc6909feaed885,orphaned,normal_hierarchical,block_local,block_local,Digital,local_clock_reset,,true,Digital behavior local to the approved block; owned by Digital IPOS.
DDS_STBIO1_0110,primary,Digital IPOS,,,DDS_STBIO1_0110,PMU,Digital,block_local_digital,Digital IPOS,Digital IPOS,,SRS;DRS,Digital IPOS,,,false,snap-b2e8101b00dc6909feaed885,orphaned,normal_hierarchical,block_local,block_local,Digital,,,true,Digital behavior local to the approved block; owned by Digital IPOS.
DDS_STBIO1_0111,primary,Digital IPOS,,,DDS_STBIO1_0111,PMU,Digital,block_local_digital,Digital IPOS,Digital IPOS,,SRS;DRS,Digital IPOS,,,false,snap-b2e8101b00dc6909feaed885,orphaned,normal_hierarchical,block_local,block_local,Digital,,,true,Digital behavior local to the approved block; owned by Digital IPOS.
DDS_STBIO1_0112,primary,Digital IPOS,,,DDS_STBIO1_0112,PMU,Digital,block_local_digital,Digital IPOS,Digital IPOS,,SRS;DRS,Digital IPOS,,,false,snap-b2e8101b00dc6909feaed885,orphaned,normal_hierarchical,block_local,block_local,Digital,,,true,Digital behavior local to the approved block; owned by Digital IPOS.
DDS_STBIO1_0113,primary,Digital IPOS,,,DDS_STBIO1_0113,PMU,Digital,block_local_digital,Digital IPOS,Digital IPOS,,SRS;DRS,Digital IPOS,,,false,snap-b2e8101b00dc6909feaed885,orphaned,normal_hierarchical,block_local,block_local,Digital,local_clock_reset,,true,Digital behavior local to the approved block; owned by Digital IPOS.
DDS_STBIO1_0114,primary,Digital IPOS,,,DDS_STBIO1_0114,PMU,Digital,block_local_digital,Digital IPOS,Digital IPOS,,SRS;DRS,Digital IPOS,,,false,snap-b2e8101b00dc6909feaed885,orphaned,normal_hierarchical,block_local,block_local,Digital,exact_io_port_definition,,true,Digital behavior local to the approved block; owned by Digital IPOS.
DDS_STBIO1_0115,primary,Digital IPOS,,,DDS_STBIO1_0115,PMU,Digital,block_local_digital,Digital IPOS,Digital IPOS,,SRS;DRS,Digital IPOS,,,false,snap-b2e8101b00dc6909feaed885,orphaned,normal_hierarchical,block_local,block_local,Digital,local_clock_reset,,true,Digital behavior local to the approved block; owned by Digital IPOS.
DDS_STBIO1_0116,primary,DRS,,,DDS_STBIO1_0116,OTP,Digital,top_digital_architecture,DRS,DRS;SRS,SRS,Digital IPOS,DRS,,,false,snap-b2e8101b00dc6909feaed885,orphaned,normal_hierarchical,architecture,integration,Digital,local_register_access,,true,Top-level digital architecture or inter-block digital coordination; owned by DRS.
DDS_STBIO1_0117,primary,Digital IPOS,,,DDS_STBIO1_0117,Main Controller,Digital,block_local_digital,Digital IPOS,Digital IPOS,,SRS;DRS,Digital IPOS,,,false,snap-b2e8101b00dc6909feaed885,orphaned,normal_hierarchical,block_local,block_local,Digital,,,true,Digital behavior local to the approved block; owned by Digital IPOS.
DDS_STBIO1_0118,primary,Digital IPOS,,,DDS_STBIO1_0118,Main Controller,Digital,block_local_digital,Digital IPOS,Digital IPOS,,SRS;DRS,Digital IPOS,,,false,snap-b2e8101b00dc6909feaed885,orphaned,normal_hierarchical,block_local,block_local,Digital,local_register_access,,true,Digital behavior local to the approved block; owned by Digital IPOS.
DDS_STBIO1_0119,primary,Digital IPOS,,,DDS_STBIO1_0119,Main Controller,Digital,block_local_digital,Digital IPOS,Digital IPOS,,SRS;DRS,Digital IPOS,,,false,snap-b2e8101b00dc6909feaed885,orphaned,normal_hierarchical,block_local,block_local,Digital,local_register_access,,true,Digital behavior local to the approved block; owned by Digital IPOS.
DDS_STBIO1_0120,primary,Digital IPOS,,,DDS_STBIO1_0120,Main Controller,Digital,block_local_digital,Digital IPOS,Digital IPOS,,SRS;DRS,Digital IPOS,,,false,snap-b2e8101b00dc6909feaed885,orphaned,normal_hierarchical,block_local,block_local,Digital,local_register_access,,true,Digital behavior local to the approved block; owned by Digital IPOS.
DDS_STBIO1_0121,primary,Digital IPOS,,,DDS_STBIO1_0121,Main Controller,Digital,block_local_digital,Digital IPOS,Digital IPOS,,SRS;DRS,Digital IPOS,,,false,snap-b2e8101b00dc6909feaed885,orphaned,normal_hierarchical,block_local,block_local,Digital,local_register_access,,true,Digital behavior local to the approved block; owned by Digital IPOS.
DDS_STBIO1_0122,primary,Digital IPOS,,,DDS_STBIO1_0122,Main Controller,Digital,block_local_digital,Digital IPOS,Digital IPOS,,SRS;DRS,Digital IPOS,,,false,snap-b2e8101b00dc6909feaed885,orphaned,normal_hierarchical,block_local,block_local,Digital,local_register_access,,true,Digital behavior local to the approved block; owned by Digital IPOS.
DDS_STBIO1_0123,primary,Digital IPOS,,,DDS_STBIO1_0123,Main Controller,Digital,block_local_digital,Digital IPOS,Digital IPOS,,SRS;DRS,Digital IPOS,,,false,snap-b2e8101b00dc6909feaed885,orphaned,normal_hierarchical,block_local,block_local,Digital,local_register_access,,true,Digital behavior local to the approved block; owned by Digital IPOS.
DDS_STBIO1_0124,primary,Digital IPOS,,,DDS_STBIO1_0124,Main Controller,Digital,block_local_digital,Digital IPOS,Digital IPOS,,SRS;DRS,Digital IPOS,,,false,snap-b2e8101b00dc6909feaed885,orphaned,normal_hierarchical,block_local,block_local,Digital,local_fifo_buffering,,true,Digital behavior local to the approved block; owned by Digital IPOS.
DDS_STBIO1_0125,primary,Digital IPOS,,,DDS_STBIO1_0125,Main Controller,Digital,block_local_digital,Digital IPOS,Digital IPOS,,SRS;DRS,Digital IPOS,,,false,snap-b2e8101b00dc6909feaed885,orphaned,normal_hierarchical,block_local,block_local,Digital,local_register_access,,true,Digital behavior local to the approved block; owned by Digital IPOS.
DDS_STBIO1_0126,primary,Digital IPOS,,,DDS_STBIO1_0126,Main Controller,Digital,block_local_digital,Digital IPOS,Digital IPOS,,SRS;DRS,Digital IPOS,,,false,snap-b2e8101b00dc6909feaed885,orphaned,normal_hierarchical,block_local,block_local,Digital,,,true,Digital behavior local to the approved block; owned by Digital IPOS.
DDS_STBIO1_0127,primary,Digital IPOS,,,DDS_STBIO1_0127,Main Controller,Digital,block_local_digital,Digital IPOS,Digital IPOS,,SRS;DRS,Digital IPOS,,,false,snap-b2e8101b00dc6909feaed885,orphaned,normal_hierarchical,block_local,block_local,Digital,local_register_access,,true,Digital behavior local to the approved block; owned by Digital IPOS.
DDS_STBIO1_0128,primary,Digital IPOS,,,DDS_STBIO1_0128,Main Controller,Digital,block_local_digital,Digital IPOS,Digital IPOS,,SRS;DRS,Digital IPOS,,,false,snap-b2e8101b00dc6909feaed885,orphaned,normal_hierarchical,block_local,block_local,Digital,local_register_access,,true,Digital behavior local to the approved block; owned by Digital IPOS.
DDS_STBIO1_0129,primary,Digital IPOS,,,DDS_STBIO1_0129,Main Controller,Digital,block_local_digital,Digital IPOS,Digital IPOS,,SRS;DRS,Digital IPOS,,,false,snap-b2e8101b00dc6909feaed885,orphaned,normal_hierarchical,block_local,block_local,Digital,local_register_access,,true,Digital behavior local to the approved block; owned by Digital IPOS.
DDS_STBIO1_0130,primary,Digital IPOS,,,DDS_STBIO1_0130,Main Controller,Digital,block_local_digital,Digital IPOS,Digital IPOS,,SRS;DRS,Digital IPOS,,,false,snap-b2e8101b00dc6909feaed885,orphaned,normal_hierarchical,block_local,block_local,Digital,local_register_access,,true,Digital behavior local to the approved block; owned by Digital IPOS.
DDS_STBIO1_0140,primary,Digital IPOS,,,DDS_STBIO1_0140,Main Controller,Digital,block_local_digital,Digital IPOS,Digital IPOS,,SRS;DRS,Digital IPOS,,,false,snap-b2e8101b00dc6909feaed885,orphaned,normal_hierarchical,block_local,block_local,Digital,local_register_access,,true,Digital behavior local to the approved block; owned by Digital IPOS.
DDS_STBIO1_0141,primary,DRS,,,DDS_STBIO1_0141,Main Controller,Digital,top_digital_architecture,DRS,DRS;SRS,SRS,Digital IPOS,DRS,,,false,snap-b2e8101b00dc6909feaed885,orphaned,normal_hierarchical,architecture,integration,Digital,local_register_access,,true,Top-level digital architecture or inter-block digital coordination; owned by DRS.
DDS_STBIO1_0142,primary,DRS,,,DDS_STBIO1_0142,Main Controller,Digital,top_digital_architecture,DRS,DRS;SRS,SRS,Digital IPOS,DRS,,,false,snap-b2e8101b00dc6909feaed885,orphaned,normal_hierarchical,architecture,integration,Digital,local_fifo_buffering,,true,Top-level digital architecture or inter-block digital coordination; owned by DRS.
DDS_STBIO1_0143,primary,DRS,,,DDS_STBIO1_0143,Digital,Digital,top_digital_architecture,DRS,DRS;SRS,SRS,Digital IPOS,DRS,,,false,snap-b2e8101b00dc6909feaed885,orphaned,normal_hierarchical,architecture,integration,Digital,local_register_access,,true,Top-level digital architecture or inter-block digital coordination; owned by DRS.
DDS_STBIO1_0144,primary,DRS,,,DDS_STBIO1_0144,Digital,Digital,top_digital_architecture,DRS,DRS;SRS,SRS,Digital IPOS,DRS,,,false,snap-b2e8101b00dc6909feaed885,orphaned,normal_hierarchical,architecture,integration,Digital,local_register_access,,true,Top-level digital architecture or inter-block digital coordination; owned by DRS.
DDS_STBIO1_0145,primary,DRS,,,DDS_STBIO1_0145,Digital,Digital,top_digital_architecture,DRS,DRS;SRS,SRS,Digital IPOS,DRS,,,false,snap-b2e8101b00dc6909feaed885,orphaned,normal_hierarchical,architecture,integration,Digital,local_register_access,,true,Top-level digital architecture or inter-block digital coordination; owned by DRS.
DDS_STBIO1_0146,primary,DRS,,,DDS_STBIO1_0146,Digital,Digital,top_digital_architecture,DRS,DRS;SRS,SRS,Digital IPOS,DRS,,,false,snap-b2e8101b00dc6909feaed885,orphaned,normal_hierarchical,architecture,integration,Digital,local_register_access,,true,Top-level digital architecture or inter-block digital coordination; owned by DRS.
DDS_STBIO1_0147,primary,DRS,,,DDS_STBIO1_0147,Digital,Digital,top_digital_architecture,DRS,DRS;SRS,SRS,Digital IPOS,DRS,,,false,snap-b2e8101b00dc6909feaed885,orphaned,normal_hierarchical,architecture,integration,Digital,local_register_access,,true,Top-level digital architecture or inter-block digital coordination; owned by DRS.
DDS_STBIO1_0148,primary,DRS,,,DDS_STBIO1_0148,Digital,Digital,top_digital_architecture,DRS,DRS;SRS,SRS,Digital IPOS,DRS,,,false,snap-b2e8101b00dc6909feaed885,orphaned,normal_hierarchical,architecture,integration,Digital,local_register_access,,true,Top-level digital architecture or inter-block digital coordination; owned by DRS.
DDS_STBIO1_0149,primary,DRS,,,DDS_STBIO1_0149,Digital,Digital,top_digital_architecture,DRS,DRS;SRS,SRS,Digital IPOS,DRS,,,false,snap-b2e8101b00dc6909feaed885,orphaned,normal_hierarchical,architecture,integration,Digital,local_fifo_buffering,,true,Top-level digital architecture or inter-block digital coordination; owned by DRS.
DDS_STBIO1_0201,primary,DRS,,,DDS_STBIO1_0201,Digital,Digital,top_digital_architecture,DRS,DRS;SRS,SRS,Digital IPOS,DRS,,,false,snap-b2e8101b00dc6909feaed885,orphaned,normal_hierarchical,architecture,integration,Digital,local_register_access,,true,Digital source-to-destination connection contract between architectural blocks; owned by DRS.
DDS_STBIO1_0202,primary,DRS,,,DDS_STBIO1_0202,Digital,Digital,top_digital_architecture,DRS,DRS;SRS,SRS,Digital IPOS,DRS,,,false,snap-b2e8101b00dc6909feaed885,orphaned,normal_hierarchical,architecture,integration,Digital,local_register_access,,true,Digital source-to-destination connection contract between architectural blocks; owned by DRS.
DDS_STBIO1_0203,primary,DRS,,,DDS_STBIO1_0203,Digital,System,top_digital_architecture,DRS,DRS;SRS,SRS,Digital IPOS,DRS,,,false,snap-b2e8101b00dc6909feaed885,orphaned,normal_hierarchical,architecture,integration,System,,,true,Digital source-to-destination connection contract between architectural blocks; owned by DRS.
DDS_STBIO1_0204,primary,DRS,,,DDS_STBIO1_0204,Digital,System,top_digital_architecture,DRS,DRS;SRS,SRS,Digital IPOS,DRS,,,false,snap-b2e8101b00dc6909feaed885,orphaned,normal_hierarchical,architecture,integration,System,,,true,Digital source-to-destination connection contract between architectural blocks; owned by DRS.
DDS_STBIO1_0206,primary,DRS,,,DDS_STBIO1_0206,Digital,System,top_digital_architecture,DRS,DRS;SRS,SRS,Digital IPOS,DRS,,,false,snap-b2e8101b00dc6909feaed885,orphaned,normal_hierarchical,architecture,integration,System,,,true,Digital source-to-destination connection contract between architectural blocks; owned by DRS.
DDS_STBIO1_0207,primary,DRS,,,DDS_STBIO1_0207,Digital,Digital,top_digital_architecture,DRS,DRS;SRS,SRS,Digital IPOS,DRS,,,false,snap-b2e8101b00dc6909feaed885,orphaned,normal_hierarchical,architecture,integration,Digital,,,true,Digital source-to-destination connection contract between architectural blocks; owned by DRS.
DDS_STBIO1_0208,primary,DRS,,,DDS_STBIO1_0208,Digital,Digital,top_digital_architecture,DRS,DRS;SRS,SRS,Digital IPOS,DRS,,,false,snap-b2e8101b00dc6909feaed885,orphaned,normal_hierarchical,architecture,integration,Digital,,,true,Digital source-to-destination connection contract between architectural blocks; owned by DRS.
DDS_STBIO1_0209,primary,DRS,,,DDS_STBIO1_0209,Digital,Digital,top_digital_architecture,DRS,DRS;SRS,SRS,Digital IPOS,DRS,,,false,snap-b2e8101b00dc6909feaed885,orphaned,normal_hierarchical,architecture,integration,Digital,,,true,Digital source-to-destination connection contract between architectural blocks; owned by DRS.
DDS_STBIO1_0210,primary,DRS,,,DDS_STBIO1_0210,Digital,Digital,top_digital_architecture,DRS,DRS;SRS,SRS,Digital IPOS,DRS,,,false,snap-b2e8101b00dc6909feaed885,orphaned,normal_hierarchical,architecture,integration,Digital,,,true,Digital source-to-destination connection contract between architectural blocks; owned by DRS.
DDS_STBIO1_0211,primary,DRS,,,DDS_STBIO1_0211,Digital,System,top_digital_architecture,DRS,DRS;SRS,SRS,Digital IPOS,DRS,,,false,snap-b2e8101b00dc6909feaed885,orphaned,normal_hierarchical,architecture,integration,System,,,true,Digital source-to-destination connection contract between architectural blocks; owned by DRS.
DDS_STBIO1_0212,primary,DRS,,,DDS_STBIO1_0212,Digital,System,top_digital_architecture,DRS,DRS;SRS,SRS,Digital IPOS,DRS,,,false,snap-b2e8101b00dc6909feaed885,orphaned,normal_hierarchical,architecture,integration,System,,,true,Digital source-to-destination connection contract between architectural blocks; owned by DRS.
DDS_STBIO1_0213,primary,DRS,,,DDS_STBIO1_0213,Digital,System,top_digital_architecture,DRS,DRS;SRS,SRS,Digital IPOS,DRS,,,false,snap-b2e8101b00dc6909feaed885,orphaned,normal_hierarchical,architecture,integration,System,,,true,Digital source-to-destination connection contract between architectural blocks; owned by DRS.
DDS_STBIO1_0215,primary,DRS,,,DDS_STBIO1_0215,Digital,System,top_digital_architecture,DRS,DRS;SRS,SRS,Digital IPOS,DRS,,,false,snap-b2e8101b00dc6909feaed885,orphaned,normal_hierarchical,architecture,integration,System,,,true,Digital source-to-destination connection contract between architectural blocks; owned by DRS.
DDS_STBIO1_0216,primary,DRS,,,DDS_STBIO1_0216,Digital,System,top_digital_architecture,DRS,DRS;SRS,SRS,Digital IPOS,DRS,,,false,snap-b2e8101b00dc6909feaed885,orphaned,normal_hierarchical,architecture,integration,System,,,true,Digital source-to-destination connection contract between architectural blocks; owned by DRS.
DDS_STBIO1_0217,primary,DRS,,,DDS_STBIO1_0217,Digital,System,top_digital_architecture,DRS,DRS;SRS,SRS,Digital IPOS,DRS,,,false,snap-b2e8101b00dc6909feaed885,orphaned,normal_hierarchical,architecture,integration,System,,,true,Digital source-to-destination connection contract between architectural blocks; owned by DRS.
DDS_STBIO1_0218,primary,DRS,,,DDS_STBIO1_0218,Digital,System,top_digital_architecture,DRS,DRS;SRS,SRS,Digital IPOS,DRS,,,false,snap-b2e8101b00dc6909feaed885,orphaned,normal_hierarchical,architecture,integration,System,,,true,Digital source-to-destination connection contract between architectural blocks; owned by DRS.
DDS_STBIO1_0219,primary,DRS,,,DDS_STBIO1_0219,Digital,Digital,top_digital_architecture,DRS,DRS;SRS,SRS,Digital IPOS,DRS,,,false,snap-b2e8101b00dc6909feaed885,orphaned,normal_hierarchical,architecture,integration,Digital,local_register_access,,true,Digital source-to-destination connection contract between architectural blocks; owned by DRS.
DDS_STBIO1_0220,primary,DRS,,,DDS_STBIO1_0220,Digital,System,top_digital_architecture,DRS,DRS;SRS,SRS,Digital IPOS,DRS,,,false,snap-b2e8101b00dc6909feaed885,orphaned,normal_hierarchical,architecture,integration,System,,,true,Digital source-to-destination connection contract between architectural blocks; owned by DRS.
DDS_STBIO1_0221,primary,DRS,,,DDS_STBIO1_0221,Digital,Digital,top_digital_architecture,DRS,DRS;SRS,SRS,Digital IPOS,DRS,,,false,snap-b2e8101b00dc6909feaed885,orphaned,normal_hierarchical,architecture,integration,Digital,,,true,Digital source-to-destination connection contract between architectural blocks; owned by DRS.
DDS_STBIO1_0222,primary,DRS,,,DDS_STBIO1_0222,Digital,System,top_digital_architecture,DRS,DRS;SRS,SRS,Digital IPOS,DRS,,,false,snap-b2e8101b00dc6909feaed885,orphaned,normal_hierarchical,architecture,integration,System,,,true,Digital source-to-destination connection contract between architectural blocks; owned by DRS.
DDS_STBIO1_0223,primary,DRS,,,DDS_STBIO1_0223,Digital,System,top_digital_architecture,DRS,DRS;SRS,SRS,Digital IPOS,DRS,,,false,snap-b2e8101b00dc6909feaed885,orphaned,normal_hierarchical,architecture,integration,System,,,true,Digital source-to-destination connection contract between architectural blocks; owned by DRS.
DDS_STBIO1_0501,primary,DRS,,,DDS_STBIO1_0501,Digital,Digital,top_digital_architecture,DRS,DRS;SRS,SRS,Digital IPOS,DRS,,,false,snap-b2e8101b00dc6909feaed885,orphaned,normal_hierarchical,architecture,integration,Digital,local_fifo_buffering,,true,Top-level digital architecture or inter-block digital coordination; owned by DRS.
DDS_STBIO1_05010,primary,DRS,,,DDS_STBIO1_05010,Digital,System,top_digital_architecture,DRS,DRS;SRS,SRS,Digital IPOS,DRS,,,false,snap-b2e8101b00dc6909feaed885,orphaned,normal_hierarchical,architecture,integration,System,local_interrupt_event_status,,true,Top-level digital architecture or inter-block digital coordination; owned by DRS.
DDS_STBIO1_05011,primary,DRS,,,DDS_STBIO1_05011,Digital,System,top_digital_architecture,DRS,DRS;SRS,SRS,Digital IPOS,DRS,,,false,snap-b2e8101b00dc6909feaed885,orphaned,normal_hierarchical,architecture,integration,System,,,true,Top-level digital architecture or inter-block digital coordination; owned by DRS.
DDS_STBIO1_0502,primary,DRS,,,DDS_STBIO1_0502,Digital,Digital,top_digital_architecture,DRS,DRS;SRS,SRS,Digital IPOS,DRS,,,false,snap-b2e8101b00dc6909feaed885,orphaned,normal_hierarchical,architecture,integration,Digital,local_interrupt_event_status,,true,Top-level digital architecture or inter-block digital coordination; owned by DRS.
DDS_STBIO1_0503,primary,DRS,,,DDS_STBIO1_0503,Digital,Digital,top_digital_architecture,DRS,DRS;SRS,SRS,Digital IPOS,DRS,,,false,snap-b2e8101b00dc6909feaed885,orphaned,normal_hierarchical,architecture,integration,Digital,local_interrupt_event_status,,true,Top-level digital architecture or inter-block digital coordination; owned by DRS.
DDS_STBIO1_0504,primary,DRS,,,DDS_STBIO1_0504,Digital,Digital,top_digital_architecture,DRS,DRS;SRS,SRS,Digital IPOS,DRS,,,false,snap-b2e8101b00dc6909feaed885,orphaned,normal_hierarchical,architecture,integration,Digital,local_interrupt_event_status,,true,Top-level digital architecture or inter-block digital coordination; owned by DRS.
DDS_STBIO1_0505,primary,DRS,,,DDS_STBIO1_0505,Digital,Digital,top_digital_architecture,DRS,DRS;SRS,SRS,Digital IPOS,DRS,,,false,snap-b2e8101b00dc6909feaed885,orphaned,normal_hierarchical,architecture,integration,Digital,local_interrupt_event_status,,true,Top-level digital architecture or inter-block digital coordination; owned by DRS.
DDS_STBIO1_0507,primary,DRS,,,DDS_STBIO1_0507,Regmap,Digital,top_digital_architecture,DRS,DRS;SRS,SRS,Digital IPOS,DRS,,,false,snap-b2e8101b00dc6909feaed885,orphaned,normal_hierarchical,architecture,integration,Digital,local_register_access,,true,Top-level digital architecture or inter-block digital coordination; owned by DRS.
DDS_STBIO1_0508,primary,DRS,,,DDS_STBIO1_0508,Regmap,Digital,top_digital_architecture,DRS,DRS;SRS,SRS,Digital IPOS,DRS,,,false,snap-b2e8101b00dc6909feaed885,orphaned,normal_hierarchical,architecture,integration,Digital,local_register_access,,true,Top-level digital architecture or inter-block digital coordination; owned by DRS.
DDS_STBIO1_0509,primary,DRS,,,DDS_STBIO1_0509,Digital,System,top_digital_architecture,DRS,DRS;SRS,SRS,Digital IPOS,DRS,,,false,snap-b2e8101b00dc6909feaed885,orphaned,normal_hierarchical,architecture,integration,System,local_register_access,,true,Top-level digital architecture or inter-block digital coordination; owned by DRS.
DDS_STBIO1_0699,primary,DRS,,,DDS_STBIO1_0699,Digital,Digital,top_digital_architecture,DRS,DRS;SRS,SRS,Digital IPOS,DRS,,,false,snap-b2e8101b00dc6909feaed885,orphaned,normal_hierarchical,architecture,integration,Digital,local_register_access,,true,Top-level digital architecture or inter-block digital coordination; owned by DRS.
DDS_STBIO1_0700,primary,DRS,,,DDS_STBIO1_0700,Digital,Digital,top_digital_architecture,DRS,DRS;SRS,SRS,Digital IPOS,DRS,,,false,snap-b2e8101b00dc6909feaed885,orphaned,normal_hierarchical,architecture,integration,Digital,local_register_access,,true,Top-level digital architecture or inter-block digital coordination; owned by DRS.
DDS_STBIO1_0701,primary,DRS,,,DDS_STBIO1_0701,Digital,Digital,top_digital_architecture,DRS,DRS;SRS,SRS,Digital IPOS,DRS,,,false,snap-b2e8101b00dc6909feaed885,orphaned,normal_hierarchical,architecture,integration,Digital,local_register_access,,true,Top-level digital architecture or inter-block digital coordination; owned by DRS.
DDS_STBIO1_0702,primary,DRS,,,DDS_STBIO1_0702,Digital,Digital,top_digital_architecture,DRS,DRS;SRS,SRS,Digital IPOS,DRS,,,false,snap-b2e8101b00dc6909feaed885,orphaned,normal_hierarchical,architecture,integration,Digital,local_register_access,,true,Top-level digital architecture or inter-block digital coordination; owned by DRS.
DDS_STBIO1_1020,primary,Digital IPOS,,,DDS_STBIO1_1020,PMU,Digital,block_local_digital,Digital IPOS,Digital IPOS,,SRS;DRS,Digital IPOS,,,false,snap-b2e8101b00dc6909feaed885,orphaned,normal_hierarchical,block_local,block_local,Digital,local_clock_reset,,true,Digital behavior local to the approved block; owned by Digital IPOS.
DDS_STBIO1_1021,primary,Digital IPOS,,,DDS_STBIO1_1021,PMU,Digital,block_local_digital,Digital IPOS,Digital IPOS,,SRS;DRS,Digital IPOS,,,false,snap-b2e8101b00dc6909feaed885,orphaned,normal_hierarchical,block_local,block_local,Digital,local_clock_reset,,true,Digital behavior local to the approved block; owned by Digital IPOS.
DDS_STBIO1_1022,primary,Digital IPOS,,,DDS_STBIO1_1022,PMU,Digital,block_local_digital,Digital IPOS,Digital IPOS,,SRS;DRS,Digital IPOS,,,false,snap-b2e8101b00dc6909feaed885,orphaned,normal_hierarchical,block_local,block_local,Digital,local_clock_reset,,true,Digital behavior local to the approved block; owned by Digital IPOS.
DDS_STBIO1_1023,primary,Digital IPOS,,,DDS_STBIO1_1023,PMU,Digital,block_local_digital,Digital IPOS,Digital IPOS,,SRS;DRS,Digital IPOS,,,false,snap-b2e8101b00dc6909feaed885,orphaned,normal_hierarchical,block_local,block_local,Digital,local_clock_reset,,true,Digital behavior local to the approved block; owned by Digital IPOS.
DDS_STBIO1_1024,primary,Digital IPOS,,,DDS_STBIO1_1024,PMU,Digital,block_local_digital,Digital IPOS,Digital IPOS,,SRS;DRS,Digital IPOS,,,false,snap-b2e8101b00dc6909feaed885,orphaned,normal_hierarchical,block_local,block_local,Digital,local_clock_reset,,true,Digital behavior local to the approved block; owned by Digital IPOS.
DDS_STBIO1_1025,primary,Digital IPOS,,,DDS_STBIO1_1025,PMU,Digital,block_local_digital,Digital IPOS,Digital IPOS,,SRS;DRS,Digital IPOS,,,false,snap-b2e8101b00dc6909feaed885,orphaned,normal_hierarchical,block_local,block_local,Digital,local_clock_reset,,true,Digital behavior local to the approved block; owned by Digital IPOS.
DDS_STBIO1_1026,primary,Digital IPOS,,,DDS_STBIO1_1026,PMU,Digital,block_local_digital,Digital IPOS,Digital IPOS,,SRS;DRS,Digital IPOS,,,false,snap-b2e8101b00dc6909feaed885,orphaned,normal_hierarchical,block_local,block_local,Digital,local_clock_reset,,true,Digital behavior local to the approved block; owned by Digital IPOS.
DDS_STBIO1_1027,primary,Digital IPOS,,,DDS_STBIO1_1027,PMU,Digital,block_local_digital,Digital IPOS,Digital IPOS,,SRS;DRS,Digital IPOS,,,false,snap-b2e8101b00dc6909feaed885,orphaned,normal_hierarchical,block_local,block_local,Digital,local_clock_reset,,true,Digital behavior local to the approved block; owned by Digital IPOS.
DDS_STBIO1_1050,primary,Digital IPOS,,,DDS_STBIO1_1050,PMU,Digital,block_local_digital,Digital IPOS,Digital IPOS,,SRS;DRS,Digital IPOS,,,false,snap-b2e8101b00dc6909feaed885,orphaned,normal_hierarchical,block_local,block_local,Digital,local_clock_reset,,true,Digital behavior local to the approved block; owned by Digital IPOS.
DDS_STBIO1_1051,primary,Digital IPOS,,,DDS_STBIO1_1051,PMU,Digital,block_local_digital,Digital IPOS,Digital IPOS,,SRS;DRS,Digital IPOS,,,false,snap-b2e8101b00dc6909feaed885,orphaned,normal_hierarchical,block_local,block_local,Digital,local_clock_reset,,true,Digital behavior local to the approved block; owned by Digital IPOS.
DDS_STBIO1_1052,primary,Digital IPOS,,,DDS_STBIO1_1052,PMU,Digital,block_local_digital,Digital IPOS,Digital IPOS,,SRS;DRS,Digital IPOS,,,false,snap-b2e8101b00dc6909feaed885,orphaned,normal_hierarchical,block_local,block_local,Digital,local_register_access,,true,Digital behavior local to the approved block; owned by Digital IPOS.
DDS_STBIO1_1053,primary,Digital IPOS,,,DDS_STBIO1_1053,PMU,Digital,block_local_digital,Digital IPOS,Digital IPOS,,SRS;DRS,Digital IPOS,,,false,snap-b2e8101b00dc6909feaed885,orphaned,normal_hierarchical,block_local,block_local,Digital,local_fifo_buffering,,true,Digital behavior local to the approved block; owned by Digital IPOS.
DDS_STBIO1_1054,primary,Digital IPOS,,,DDS_STBIO1_1054,PMU,Digital,block_local_digital,Digital IPOS,Digital IPOS,,SRS;DRS,Digital IPOS,,,false,snap-b2e8101b00dc6909feaed885,orphaned,normal_hierarchical,block_local,block_local,Digital,local_clock_reset,,true,Digital behavior local to the approved block; owned by Digital IPOS.
DDS_STBIO1_1114,primary,DRS,,,DDS_STBIO1_1114,Main Controller,Digital,top_digital_architecture,DRS,DRS;SRS,SRS,Digital IPOS,DRS,,,false,snap-b2e8101b00dc6909feaed885,orphaned,normal_hierarchical,architecture,integration,Digital,local_register_access,,true,Top-level digital architecture or inter-block digital coordination; owned by DRS.
DDS_STBIO1_1507,primary,DRS,,,DDS_STBIO1_1507,Digital,Digital,top_digital_architecture,DRS,DRS;SRS,SRS,Digital IPOS,DRS,,,false,snap-b2e8101b00dc6909feaed885,orphaned,normal_hierarchical,architecture,integration,Digital,local_register_access,,true,Top-level digital architecture or inter-block digital coordination; owned by DRS.
DDS_STBIO1_2024,primary,Digital IPOS,,,DDS_STBIO1_2024,PMU,Digital,block_local_digital,Digital IPOS,Digital IPOS,,SRS;DRS,Digital IPOS,,,false,snap-b2e8101b00dc6909feaed885,orphaned,normal_hierarchical,block_local,block_local,Digital,local_fifo_buffering,,true,Digital behavior local to the approved block; owned by Digital IPOS.
DDS_STBIO1_2025,primary,Digital IPOS,,,DDS_STBIO1_2025,PMU,Digital,block_local_digital,Digital IPOS,Digital IPOS,,SRS;DRS,Digital IPOS,,,false,snap-b2e8101b00dc6909feaed885,orphaned,normal_hierarchical,block_local,block_local,Digital,local_clock_reset,,true,Digital behavior local to the approved block; owned by Digital IPOS.
DDS_STBIO1_2026,primary,Digital IPOS,,,DDS_STBIO1_2026,PMU,Digital,block_local_digital,Digital IPOS,Digital IPOS,,SRS;DRS,Digital IPOS,,,false,snap-b2e8101b00dc6909feaed885,orphaned,normal_hierarchical,block_local,block_local,Digital,local_register_access,,true,Digital behavior local to the approved block; owned by Digital IPOS.
DDS_STBIO1_2052,primary,Digital IPOS,,,DDS_STBIO1_2052,PMU,Digital,block_local_digital,Digital IPOS,Digital IPOS,,SRS;DRS,Digital IPOS,,,false,snap-b2e8101b00dc6909feaed885,orphaned,normal_hierarchical,block_local,block_local,Digital,local_clock_reset,,true,Digital behavior local to the approved block; owned by Digital IPOS.
DDS_STBIO1_2053,primary,Digital IPOS,,,DDS_STBIO1_2053,PMU,Digital,block_local_digital,Digital IPOS,Digital IPOS,,SRS;DRS,Digital IPOS,,,false,snap-b2e8101b00dc6909feaed885,orphaned,normal_hierarchical,block_local,block_local,Digital,local_register_access,,true,Digital behavior local to the approved block; owned by Digital IPOS.
DDS_STBIO1_2054,primary,Digital IPOS,,,DDS_STBIO1_2054,PMU,Digital,block_local_digital,Digital IPOS,Digital IPOS,,SRS;DRS,Digital IPOS,,,false,snap-b2e8101b00dc6909feaed885,orphaned,normal_hierarchical,block_local,block_local,Digital,local_clock_reset,,true,Digital behavior local to the approved block; owned by Digital IPOS.
DDS_STBIO1_2507,primary,DRS,,,DDS_STBIO1_2507,Digital,Digital,top_digital_architecture,DRS,DRS;SRS,SRS,Digital IPOS,DRS,,,false,snap-b2e8101b00dc6909feaed885,orphaned,normal_hierarchical,architecture,integration,Digital,local_register_access,,true,Top-level digital architecture or inter-block digital coordination; owned by DRS.
DDS_STBIO1_3000,primary,Digital IPOS,,,DDS_STBIO1_3000,Regmap,Digital,block_local_digital,Digital IPOS,Digital IPOS,,SRS;DRS,Digital IPOS,,,false,snap-b2e8101b00dc6909feaed885,orphaned,normal_hierarchical,block_local,block_local,Digital,exact_io_port_definition,,true,Digital behavior local to the approved block; owned by Digital IPOS.
DDS_STBIO1_3001,primary,Digital IPOS,,,DDS_STBIO1_3001,Regmap,System,block_local_digital,Digital IPOS,Digital IPOS,,SRS;DRS,Digital IPOS,,,false,snap-b2e8101b00dc6909feaed885,orphaned,normal_hierarchical,block_local,block_local,System,local_register_access,,true,Digital behavior local to the approved block; owned by Digital IPOS.
DDS_STBIO1_3002,primary,Digital IPOS,,,DDS_STBIO1_3002,Regmap,Digital,block_local_digital,Digital IPOS,Digital IPOS,,SRS;DRS,Digital IPOS,,,false,snap-b2e8101b00dc6909feaed885,orphaned,normal_hierarchical,block_local,block_local,Digital,local_register_access,,true,Digital behavior local to the approved block; owned by Digital IPOS.
DDS_STBIO1_3003,primary,Digital IPOS,,,DDS_STBIO1_3003,Regmap,System,block_local_digital,Digital IPOS,Digital IPOS,,SRS;DRS,Digital IPOS,,,false,snap-b2e8101b00dc6909feaed885,orphaned,normal_hierarchical,block_local,block_local,System,local_register_access,,true,Digital behavior local to the approved block; owned by Digital IPOS.
DDS_STBIO1_3004,primary,Digital IPOS,,,DDS_STBIO1_3004,Regmap,Digital,block_local_digital,Digital IPOS,Digital IPOS,,SRS;DRS,Digital IPOS,,,false,snap-b2e8101b00dc6909feaed885,orphaned,normal_hierarchical,block_local,block_local,Digital,local_register_access,,true,Digital behavior local to the approved block; owned by Digital IPOS.
DDS_STBIO1_3005,primary,Digital IPOS,,,DDS_STBIO1_3005,Regmap,System,block_local_digital,Digital IPOS,Digital IPOS,,SRS;DRS,Digital IPOS,,,false,snap-b2e8101b00dc6909feaed885,orphaned,normal_hierarchical,block_local,block_local,System,local_register_access,,true,Digital behavior local to the approved block; owned by Digital IPOS.
DDS_STBIO1_3006,primary,Digital IPOS,,,DDS_STBIO1_3006,Regmap,Digital,block_local_digital,Digital IPOS,Digital IPOS,,SRS;DRS,Digital IPOS,,,false,snap-b2e8101b00dc6909feaed885,orphaned,normal_hierarchical,block_local,block_local,Digital,local_register_access,,true,Digital behavior local to the approved block; owned by Digital IPOS.
DDS_STBIO1_302,primary,Digital IPOS,,,DDS_STBIO1_302,PAD MUX,System,block_local_digital,Digital IPOS,Digital IPOS,,SRS;DRS,Digital IPOS,,,false,snap-b2e8101b00dc6909feaed885,orphaned,normal_hierarchical,block_local,block_local,System,local_register_access,,true,Digital behavior local to the approved block; owned by Digital IPOS.
DDS_STBIO1_303,primary,Digital IPOS,,,DDS_STBIO1_303,PAD MUX,System,block_local_digital,Digital IPOS,Digital IPOS,,SRS;DRS,Digital IPOS,,,false,snap-b2e8101b00dc6909feaed885,orphaned,normal_hierarchical,block_local,block_local,System,local_register_access,,true,Digital behavior local to the approved block; owned by Digital IPOS.
DDS_STBIO1_304,primary,Digital IPOS,,,DDS_STBIO1_304,PAD MUX,System,block_local_digital,Digital IPOS,Digital IPOS,,SRS;DRS,Digital IPOS,,,false,snap-b2e8101b00dc6909feaed885,orphaned,normal_hierarchical,block_local,block_local,System,local_register_access,,true,Digital behavior local to the approved block; owned by Digital IPOS.
DDS_STBIO1_305,primary,Digital IPOS,,,DDS_STBIO1_305,PAD MUX,System,block_local_digital,Digital IPOS,Digital IPOS,,SRS;DRS,Digital IPOS,,,false,snap-b2e8101b00dc6909feaed885,orphaned,normal_hierarchical,block_local,block_local,System,local_register_access,,true,Digital behavior local to the approved block; owned by Digital IPOS.
DDS_STBIO1_306,primary,Digital IPOS,,,DDS_STBIO1_306,PAD MUX,System,block_local_digital,Digital IPOS,Digital IPOS,,SRS;DRS,Digital IPOS,,,false,snap-b2e8101b00dc6909feaed885,orphaned,normal_hierarchical,block_local,block_local,System,local_register_access,,true,Digital behavior local to the approved block; owned by Digital IPOS.
DDS_STBIO1_307,primary,Digital IPOS,,,DDS_STBIO1_307,PAD MUX,System,block_local_digital,Digital IPOS,Digital IPOS,,SRS;DRS,Digital IPOS,,,false,snap-b2e8101b00dc6909feaed885,orphaned,normal_hierarchical,block_local,block_local,System,local_register_access,,true,Digital behavior local to the approved block; owned by Digital IPOS.
DDS_STBIO1_308,primary,Digital IPOS,,,DDS_STBIO1_308,PAD MUX,System,block_local_digital,Digital IPOS,Digital IPOS,,SRS;DRS,Digital IPOS,,,false,snap-b2e8101b00dc6909feaed885,orphaned,normal_hierarchical,block_local,block_local,System,local_register_access,,true,Digital behavior local to the approved block; owned by Digital IPOS.
DDS_STBIO1_309,primary,Digital IPOS,,,DDS_STBIO1_309,PAD MUX,Digital,block_local_digital,Digital IPOS,Digital IPOS,,SRS;DRS,Digital IPOS,,,false,snap-b2e8101b00dc6909feaed885,orphaned,normal_hierarchical,block_local,block_local,Digital,local_fifo_buffering,,true,Digital behavior local to the approved block; owned by Digital IPOS.
DDS_STBIO1_310,primary,Digital IPOS,,,DDS_STBIO1_310,PAD MUX,System,block_local_digital,Digital IPOS,Digital IPOS,,SRS;DRS,Digital IPOS,,,false,snap-b2e8101b00dc6909feaed885,orphaned,normal_hierarchical,block_local,block_local,System,local_interrupt_event_status,,true,Digital behavior local to the approved block; owned by Digital IPOS.
DDS_STBIO1_311,primary,Digital IPOS,,,DDS_STBIO1_311,PAD MUX,System,block_local_digital,Digital IPOS,Digital IPOS,,SRS;DRS,Digital IPOS,,,false,snap-b2e8101b00dc6909feaed885,orphaned,normal_hierarchical,block_local,block_local,System,local_interrupt_event_status,,true,Digital behavior local to the approved block; owned by Digital IPOS.
DDS_STBIO1_312,primary,Digital IPOS,,,DDS_STBIO1_312,PAD MUX,System,block_local_digital,Digital IPOS,Digital IPOS,,SRS;DRS,Digital IPOS,,,false,snap-b2e8101b00dc6909feaed885,orphaned,normal_hierarchical,block_local,block_local,System,local_interrupt_event_status,,true,Digital behavior local to the approved block; owned by Digital IPOS.
DDS_STBIO1_313,primary,Digital IPOS,,,DDS_STBIO1_313,PAD MUX,System,block_local_digital,Digital IPOS,Digital IPOS,,SRS;DRS,Digital IPOS,,,false,snap-b2e8101b00dc6909feaed885,orphaned,normal_hierarchical,block_local,block_local,System,local_interrupt_event_status,,true,Digital behavior local to the approved block; owned by Digital IPOS.
DDS_STBIO1_314,primary,Digital IPOS,,,DDS_STBIO1_314,PAD MUX,System,block_local_digital,Digital IPOS,Digital IPOS,,SRS;DRS,Digital IPOS,,,false,snap-b2e8101b00dc6909feaed885,orphaned,normal_hierarchical,block_local,block_local,System,local_interrupt_event_status,,true,Digital behavior local to the approved block; owned by Digital IPOS.
DDS_STBIO1_392,primary,Digital IPOS,,,DDS_STBIO1_392,PAD MUX,Digital,block_local_digital,Digital IPOS,Digital IPOS,,SRS;DRS,Digital IPOS,,,false,snap-b2e8101b00dc6909feaed885,orphaned,normal_hierarchical,block_local,block_local,Digital,local_register_access,,true,Digital behavior local to the approved block; owned by Digital IPOS.
DDS_STBIO1_393,primary,Digital IPOS,,,DDS_STBIO1_393,PAD MUX,Digital,block_local_digital,Digital IPOS,Digital IPOS,,SRS;DRS,Digital IPOS,,,false,snap-b2e8101b00dc6909feaed885,orphaned,normal_hierarchical,block_local,block_local,Digital,local_register_access,,true,Digital behavior local to the approved block; owned by Digital IPOS.
DDS_STBIO1_394,primary,Digital IPOS,,,DDS_STBIO1_394,PAD MUX,Digital,block_local_digital,Digital IPOS,Digital IPOS,,SRS;DRS,Digital IPOS,,,false,snap-b2e8101b00dc6909feaed885,orphaned,normal_hierarchical,block_local,block_local,Digital,local_register_access,,true,Digital behavior local to the approved block; owned by Digital IPOS.
DDS_STBIO1_395,primary,Digital IPOS,,,DDS_STBIO1_395,PAD MUX,Analog,block_local_digital,Digital IPOS,Digital IPOS,,SRS;DRS,Digital IPOS,,,false,snap-b2e8101b00dc6909feaed885,orphaned,normal_hierarchical,block_local,block_local,Analog,,,true,Digital behavior local to the approved block; owned by Digital IPOS.
DDS_STBIO1_4000,primary,Digital IPOS,,,DDS_STBIO1_4000,Regmap,Digital,block_local_digital,Digital IPOS,Digital IPOS,,SRS;DRS,Digital IPOS,,,false,snap-b2e8101b00dc6909feaed885,orphaned,normal_hierarchical,block_local,block_local,Digital,local_register_access,,true,Digital behavior local to the approved block; owned by Digital IPOS.
DDS_STBIO1_8000,primary,Digital IPOS,,,DDS_STBIO1_8000,I2C_SPI_AHB,Digital,block_local_digital,Digital IPOS,Digital IPOS,,SRS;DRS,Digital IPOS,,,false,snap-b2e8101b00dc6909feaed885,orphaned,normal_hierarchical,block_local,block_local,Digital,exact_io_port_definition,,true,Requirement is explicitly defined in the approved block-specific requirements section; owned by Digital IPOS.
DDS_STBIO1_8001,primary,Digital IPOS,,,DDS_STBIO1_8001,I2C_SPI_AHB,Digital,block_local_digital,Digital IPOS,Digital IPOS,,SRS;DRS,Digital IPOS,,,false,snap-b2e8101b00dc6909feaed885,orphaned,normal_hierarchical,block_local,block_local,Digital,local_clock_reset,,true,Requirement is explicitly defined in the approved block-specific requirements section; owned by Digital IPOS.
DDS_STBIO1_8002,primary,Digital IPOS,,,DDS_STBIO1_8002,I2C_SPI_AHB,Digital,block_local_digital,Digital IPOS,Digital IPOS,,SRS;DRS,Digital IPOS,,,false,snap-b2e8101b00dc6909feaed885,orphaned,normal_hierarchical,block_local,block_local,Digital,,,true,Requirement is explicitly defined in the approved block-specific requirements section; owned by Digital IPOS.
DDS_STBIO1_8003,primary,Digital IPOS,,,DDS_STBIO1_8003,I2C_SPI_AHB,Digital,block_local_digital,Digital IPOS,Digital IPOS,,SRS;DRS,Digital IPOS,,,false,snap-b2e8101b00dc6909feaed885,orphaned,normal_hierarchical,block_local,block_local,Digital,local_register_access,,true,Requirement is explicitly defined in the approved block-specific requirements section; owned by Digital IPOS.
DDS_STBIO1_8004,primary,Digital IPOS,,,DDS_STBIO1_8004,I2C_SPI_AHB,Digital,block_local_digital,Digital IPOS,Digital IPOS,,SRS;DRS,Digital IPOS,,,false,snap-b2e8101b00dc6909feaed885,orphaned,normal_hierarchical,block_local,block_local,Digital,local_register_access,,true,Requirement is explicitly defined in the approved block-specific requirements section; owned by Digital IPOS.
DDS_STBIO1_8005,primary,Digital IPOS,,,DDS_STBIO1_8005,I2C_SPI_AHB,Digital,block_local_digital,Digital IPOS,Digital IPOS,,SRS;DRS,Digital IPOS,,,false,snap-b2e8101b00dc6909feaed885,orphaned,normal_hierarchical,block_local,block_local,Digital,local_register_access,,true,Requirement is explicitly defined in the approved block-specific requirements section; owned by Digital IPOS.
DDS_STBIO1_8006,primary,Digital IPOS,,,DDS_STBIO1_8006,I2C_SPI_AHB,Digital,block_local_digital,Digital IPOS,Digital IPOS,,SRS;DRS,Digital IPOS,,,false,snap-b2e8101b00dc6909feaed885,orphaned,normal_hierarchical,block_local,block_local,Digital,,,true,Requirement is explicitly defined in the approved block-specific requirements section; owned by Digital IPOS.
DDS_STBIO1_8007,primary,Digital IPOS,,,DDS_STBIO1_8007,I2C_SPI_AHB,Digital,block_local_digital,Digital IPOS,Digital IPOS,,SRS;DRS,Digital IPOS,,,false,snap-b2e8101b00dc6909feaed885,orphaned,normal_hierarchical,block_local,block_local,Digital,exact_io_port_definition,,true,Requirement is explicitly defined in the approved block-specific requirements section; owned by Digital IPOS.
DDS_STBIO1_8100,primary,Digital IPOS,,,DDS_STBIO1_8100,I2C_SPI_AHB,Digital,block_local_digital,Digital IPOS,Digital IPOS,,SRS;DRS,Digital IPOS,,,false,snap-b2e8101b00dc6909feaed885,orphaned,normal_hierarchical,block_local,block_local,Digital,local_fifo_buffering,,true,Digital behavior local to the approved block; owned by Digital IPOS.
DDS_STBIO1_8101,primary,Digital IPOS,,,DDS_STBIO1_8101,I2C_SPI_AHB,System,block_local_digital,Digital IPOS,Digital IPOS,,SRS;DRS,Digital IPOS,,,false,snap-b2e8101b00dc6909feaed885,orphaned,normal_hierarchical,block_local,block_local,System,,,true,Digital behavior local to the approved block; owned by Digital IPOS.
DDS_STBIO1_8102,primary,Digital IPOS,,,DDS_STBIO1_8102,I2C_SPI_AHB,Digital,block_local_digital,Digital IPOS,Digital IPOS,,SRS;DRS,Digital IPOS,,,false,snap-b2e8101b00dc6909feaed885,orphaned,normal_hierarchical,block_local,block_local,Digital,,,true,Digital behavior local to the approved block; owned by Digital IPOS.
DDS_STBIO1_8103,primary,Digital IPOS,,,DDS_STBIO1_8103,I2C_SPI_AHB,Digital,block_local_digital,Digital IPOS,Digital IPOS,,SRS;DRS,Digital IPOS,,,false,snap-b2e8101b00dc6909feaed885,orphaned,normal_hierarchical,block_local,block_local,Digital,,,true,Digital behavior local to the approved block; owned by Digital IPOS.
DDS_STBIO1_8104,primary,Digital IPOS,,,DDS_STBIO1_8104,I2C_SPI_AHB,Digital,block_local_digital,Digital IPOS,Digital IPOS,,SRS;DRS,Digital IPOS,,,false,snap-b2e8101b00dc6909feaed885,orphaned,normal_hierarchical,block_local,block_local,Digital,,,true,Digital behavior local to the approved block; owned by Digital IPOS.
DDS_STBIO1_8105,primary,Digital IPOS,,,DDS_STBIO1_8105,I2C_SPI_AHB,System,block_local_digital,Digital IPOS,Digital IPOS,,SRS;DRS,Digital IPOS,,,false,snap-b2e8101b00dc6909feaed885,orphaned,normal_hierarchical,block_local,block_local,System,,,true,Digital behavior local to the approved block; owned by Digital IPOS.
DDS_STBIO1_8106,primary,Digital IPOS,,,DDS_STBIO1_8106,I2C_SPI_AHB,Digital,block_local_digital,Digital IPOS,Digital IPOS,,SRS;DRS,Digital IPOS,,,false,snap-b2e8101b00dc6909feaed885,orphaned,normal_hierarchical,block_local,block_local,Digital,local_register_access,,true,Digital behavior local to the approved block; owned by Digital IPOS.
DDS_STBIO1_89455232,primary,Digital IPOS,,,DDS_STBIO1_89455232,Smart FIFO,Digital,block_local_digital,Digital IPOS,Digital IPOS,,SRS;DRS,Digital IPOS,,,false,snap-b2e8101b00dc6909feaed885,orphaned,normal_hierarchical,block_local,block_local,Digital,local_fifo_buffering,,true,Digital behavior local to the approved block; owned by Digital IPOS.
DDS_STBIO1_89455261,primary,Digital IPOS,,,DDS_STBIO1_89455261,Smart FIFO,Digital,block_local_digital,Digital IPOS,Digital IPOS,,SRS;DRS,Digital IPOS,,,false,snap-b2e8101b00dc6909feaed885,orphaned,normal_hierarchical,block_local,block_local,Digital,local_fifo_buffering,,true,Digital behavior local to the approved block; owned by Digital IPOS.
DDS_STBIO1_89455449,primary,Digital IPOS,,,DDS_STBIO1_89455449,Smart FIFO,Digital,block_local_digital,Digital IPOS,Digital IPOS,,SRS;DRS,Digital IPOS,,,false,snap-b2e8101b00dc6909feaed885,orphaned,normal_hierarchical,block_local,block_local,Digital,local_fifo_buffering,,true,Digital behavior local to the approved block; owned by Digital IPOS.
DDS_STBIO1_89456557,primary,Digital IPOS,,,DDS_STBIO1_89456557,Smart FIFO,Digital,block_local_digital,Digital IPOS,Digital IPOS,,SRS;DRS,Digital IPOS,,,false,snap-b2e8101b00dc6909feaed885,orphaned,normal_hierarchical,block_local,block_local,Digital,local_register_access,,true,Digital behavior local to the approved block; owned by Digital IPOS.
DDS_STBIO1_89456975,primary,Digital IPOS,,,DDS_STBIO1_89456975,Smart FIFO,Digital,block_local_digital,Digital IPOS,Digital IPOS,,SRS;DRS,Digital IPOS,,,false,snap-b2e8101b00dc6909feaed885,orphaned,normal_hierarchical,block_local,block_local,Digital,local_fifo_buffering,,true,Digital behavior local to the approved block; owned by Digital IPOS.
DDS_STBIO1_89457435,primary,Digital IPOS,,,DDS_STBIO1_89457435,Smart FIFO,Digital,block_local_digital,Digital IPOS,Digital IPOS,,SRS;DRS,Digital IPOS,,,false,snap-b2e8101b00dc6909feaed885,orphaned,normal_hierarchical,block_local,block_local,Digital,local_fifo_buffering,,true,Digital behavior local to the approved block; owned by Digital IPOS.
DDS_STBIO1_89457790,primary,Digital IPOS,,,DDS_STBIO1_89457790,Smart FIFO,Digital,block_local_digital,Digital IPOS,Digital IPOS,,SRS;DRS,Digital IPOS,,,false,snap-b2e8101b00dc6909feaed885,orphaned,normal_hierarchical,block_local,block_local,Digital,local_register_access,,true,Digital behavior local to the approved block; owned by Digital IPOS.
DDS_STBIO1_89459082,primary,Digital IPOS,,,DDS_STBIO1_89459082,Smart FIFO,Digital,block_local_digital,Digital IPOS,Digital IPOS,,SRS;DRS,Digital IPOS,,,false,snap-b2e8101b00dc6909feaed885,orphaned,normal_hierarchical,block_local,block_local,Digital,local_fifo_buffering,,true,Digital behavior local to the approved block; owned by Digital IPOS.
DDS_STBIO1_9004,primary,DRS,,,DDS_STBIO1_9004,Sensor-Hub,Digital,top_digital_architecture,DRS,DRS;SRS,SRS,Digital IPOS,DRS,,,false,snap-b2e8101b00dc6909feaed885,orphaned,normal_hierarchical,architecture,integration,Digital,local_clock_reset,,true,Top-level digital architecture or inter-block digital coordination; owned by DRS.
DDS_STBIO1_9011,primary,DRS,,,DDS_STBIO1_9011,Sensor-Hub,Digital,top_digital_architecture,DRS,DRS;SRS,SRS,Digital IPOS,DRS,,,false,snap-b2e8101b00dc6909feaed885,orphaned,normal_hierarchical,architecture,integration,Digital,local_fifo_buffering,,true,Top-level digital architecture or inter-block digital coordination; owned by DRS.
DDS_STBIO1_9012,primary,DRS,,,DDS_STBIO1_9012,Sensor-Hub,Digital,top_digital_architecture,DRS,DRS;SRS,SRS,Digital IPOS,DRS,,,false,snap-b2e8101b00dc6909feaed885,orphaned,normal_hierarchical,architecture,integration,Digital,local_fifo_buffering,,true,Top-level digital architecture or inter-block digital coordination; owned by DRS.
DDS_STBIO1_9013,primary,DRS,,,DDS_STBIO1_9013,Sensor-Hub,Digital,top_digital_architecture,DRS,DRS;SRS,SRS,Digital IPOS,DRS,,,false,snap-b2e8101b00dc6909feaed885,orphaned,normal_hierarchical,architecture,integration,Digital,local_fifo_buffering,,true,Top-level digital architecture or inter-block digital coordination; owned by DRS.
DDS_STBIO1_9014,primary,DRS,,,DDS_STBIO1_9014,Sensor-Hub,Digital,top_digital_architecture,DRS,DRS;SRS,SRS,Digital IPOS,DRS,,,false,snap-b2e8101b00dc6909feaed885,orphaned,normal_hierarchical,architecture,integration,Digital,local_fifo_buffering,,true,Top-level digital architecture or inter-block digital coordination; owned by DRS.
DDS_STBIO1_9017,primary,Digital IPOS,,,DDS_STBIO1_9017,Sensor-Hub,Digital,block_local_digital,Digital IPOS,Digital IPOS,,SRS;DRS,Digital IPOS,,,false,snap-b2e8101b00dc6909feaed885,orphaned,normal_hierarchical,block_local,block_local,Digital,exact_io_port_definition,,true,Digital behavior local to the approved block; owned by Digital IPOS.
DDS_STBIO1_9018,primary,Digital IPOS,,,DDS_STBIO1_9018,Sensor-Hub,Digital,block_local_digital,Digital IPOS,Digital IPOS,,SRS;DRS,Digital IPOS,,,false,snap-b2e8101b00dc6909feaed885,orphaned,normal_hierarchical,block_local,block_local,Digital,local_register_access,,true,Digital behavior local to the approved block; owned by Digital IPOS.
DDS_STBIO1_9024,primary,Digital IPOS,,,DDS_STBIO1_9024,Sensor-Hub,Digital,block_local_digital,Digital IPOS,Digital IPOS,,SRS;DRS,Digital IPOS,,,false,snap-b2e8101b00dc6909feaed885,orphaned,normal_hierarchical,block_local,block_local,Digital,local_register_access,,true,Digital behavior local to the approved block; owned by Digital IPOS.
DDS_STBIO1_9027,primary,Digital IPOS,,,DDS_STBIO1_9027,Sensor-Hub,Digital,block_local_digital,Digital IPOS,Digital IPOS,,SRS;DRS,Digital IPOS,,,false,snap-b2e8101b00dc6909feaed885,orphaned,normal_hierarchical,block_local,block_local,Digital,local_register_access,,true,Digital behavior local to the approved block; owned by Digital IPOS.
DDS_STBIO1_9029,primary,Digital IPOS,,,DDS_STBIO1_9029,Sensor-Hub,Digital,block_local_digital,Digital IPOS,Digital IPOS,,SRS;DRS,Digital IPOS,,,false,snap-b2e8101b00dc6909feaed885,orphaned,normal_hierarchical,block_local,block_local,Digital,exact_io_port_definition,,true,Digital behavior local to the approved block; owned by Digital IPOS.
DDS_STBIO1_9030,primary,Digital IPOS,,,DDS_STBIO1_9030,Sensor-Hub,Digital,block_local_digital,Digital IPOS,Digital IPOS,,SRS;DRS,Digital IPOS,,,false,snap-b2e8101b00dc6909feaed885,orphaned,normal_hierarchical,block_local,block_local,Digital,local_register_access,,true,Digital behavior local to the approved block; owned by Digital IPOS.
DDS_STBIO1_9031,primary,Digital IPOS,,,DDS_STBIO1_9031,Sensor-Hub,Digital,block_local_digital,Digital IPOS,Digital IPOS,,SRS;DRS,Digital IPOS,,,false,snap-b2e8101b00dc6909feaed885,orphaned,normal_hierarchical,block_local,block_local,Digital,local_register_access,,true,Digital behavior local to the approved block; owned by Digital IPOS.
DDS_STBIO1_9032,primary,Digital IPOS,,,DDS_STBIO1_9032,Sensor-Hub,Digital,block_local_digital,Digital IPOS,Digital IPOS,,SRS;DRS,Digital IPOS,,,false,snap-b2e8101b00dc6909feaed885,orphaned,normal_hierarchical,block_local,block_local,Digital,,,true,Digital behavior local to the approved block; owned by Digital IPOS.
DDS_STBIO1_9033,primary,Digital IPOS,,,DDS_STBIO1_9033,Sensor-Hub,Digital,block_local_digital,Digital IPOS,Digital IPOS,,SRS;DRS,Digital IPOS,,,false,snap-b2e8101b00dc6909feaed885,orphaned,normal_hierarchical,block_local,block_local,Digital,local_register_access,,true,Digital behavior local to the approved block; owned by Digital IPOS.
DDS_STBIO1_9034,primary,Digital IPOS,,,DDS_STBIO1_9034,Sensor-Hub,Digital,block_local_digital,Digital IPOS,Digital IPOS,,SRS;DRS,Digital IPOS,,,false,snap-b2e8101b00dc6909feaed885,orphaned,normal_hierarchical,block_local,block_local,Digital,local_register_access,,true,Digital behavior local to the approved block; owned by Digital IPOS.
DDS_STBIO1_9035,primary,Digital IPOS,,,DDS_STBIO1_9035,Sensor-Hub,Digital,block_local_digital,Digital IPOS,Digital IPOS,,SRS;DRS,Digital IPOS,,,false,snap-b2e8101b00dc6909feaed885,orphaned,normal_hierarchical,block_local,block_local,Digital,,,true,Digital behavior local to the approved block; owned by Digital IPOS.
DDS_STBIO1_9260,primary,Digital IPOS,,,DDS_STBIO1_9260,Sensor-Hub,Digital,block_local_digital,Digital IPOS,Digital IPOS,,SRS;DRS,Digital IPOS,,,false,snap-b2e8101b00dc6909feaed885,orphaned,normal_hierarchical,block_local,block_local,Digital,local_fifo_buffering,,true,Digital behavior local to the approved block; owned by Digital IPOS.
DDS_STBIO1_9261,primary,Digital IPOS,,,DDS_STBIO1_9261,Sensor-Hub,Digital,block_local_digital,Digital IPOS,Digital IPOS,,SRS;DRS,Digital IPOS,,,false,snap-b2e8101b00dc6909feaed885,orphaned,normal_hierarchical,block_local,block_local,Digital,local_fifo_buffering,,true,Digital behavior local to the approved block; owned by Digital IPOS.
DDS_STBIO1_9262,primary,Digital IPOS,,,DDS_STBIO1_9262,Sensor-Hub,Digital,block_local_digital,Digital IPOS,Digital IPOS,,SRS;DRS,Digital IPOS,,,false,snap-b2e8101b00dc6909feaed885,orphaned,normal_hierarchical,block_local,block_local,Digital,local_fifo_buffering,,true,Digital behavior local to the approved block; owned by Digital IPOS.
DDS_STBIO1_9263,primary,Digital IPOS,,,DDS_STBIO1_9263,Sensor-Hub,Digital,block_local_digital,Digital IPOS,Digital IPOS,,SRS;DRS,Digital IPOS,,,false,snap-b2e8101b00dc6909feaed885,orphaned,normal_hierarchical,block_local,block_local,Digital,local_fifo_buffering,,true,Digital behavior local to the approved block; owned by Digital IPOS.
DDS_STBIO1_9300,primary,Digital IPOS,,,DDS_STBIO1_9300,Sensor-Hub,Digital,block_local_digital,Digital IPOS,Digital IPOS,,SRS;DRS,Digital IPOS,,,false,snap-b2e8101b00dc6909feaed885,orphaned,normal_hierarchical,block_local,block_local,Digital,local_register_access,,true,Digital behavior local to the approved block; owned by Digital IPOS.
DDS_STBIO1_9317,primary,Digital IPOS,,,DDS_STBIO1_9317,Sensor-Hub,Digital,block_local_digital,Digital IPOS,Digital IPOS,,SRS;DRS,Digital IPOS,,,false,snap-b2e8101b00dc6909feaed885,orphaned,normal_hierarchical,block_local,block_local,Digital,,,true,Digital behavior local to the approved block; owned by Digital IPOS.
DDS_STBIO1_9500,primary,Digital IPOS,,,DDS_STBIO1_9500,Sensor-Hub,Digital,block_local_digital,Digital IPOS,Digital IPOS,,SRS;DRS,Digital IPOS,,,false,snap-b2e8101b00dc6909feaed885,orphaned,normal_hierarchical,block_local,block_local,Digital,local_fifo_buffering,,true,Digital behavior local to the approved block; owned by Digital IPOS.
IPOS_STBIO1_MAIN_CONTROLLER_002,primary,Digital IPOS,,,IPOS_STBIO1_MAIN_CONTROLLER_002,Main Controller,Block,block_local_digital,Digital IPOS,Digital IPOS,,SRS;DRS,Digital IPOS,,,false,snap-b2e8101b00dc6909feaed885,orphaned,normal_hierarchical,block_local,block_local,Block,local_register_access,,true,Digital behavior local to the approved block; owned by Digital IPOS.
IPOS_STBIO1_MAIN_CONTROLLER_004,primary,Digital IPOS,,,IPOS_STBIO1_MAIN_CONTROLLER_004,Main Controller,Block,block_local_digital,Digital IPOS,Digital IPOS,,SRS;DRS,Digital IPOS,,,false,snap-b2e8101b00dc6909feaed885,orphaned,normal_hierarchical,block_local,block_local,Block,local_register_access,,true,Digital behavior local to the approved block; owned by Digital IPOS.
IPOS_STBIO1_MAIN_CONTROLLER_008,primary,Digital IPOS,,,IPOS_STBIO1_MAIN_CONTROLLER_008,Main Controller,Digital,block_local_digital,Digital IPOS,Digital IPOS,,SRS;DRS,Digital IPOS,,,false,snap-b2e8101b00dc6909feaed885,orphaned,normal_hierarchical,block_local,block_local,Digital,local_fifo_buffering,,true,Digital behavior local to the approved block; owned by Digital IPOS.
IPOS_STBIO1_MAIN_CONTROLLER_009,primary,Digital IPOS,,,IPOS_STBIO1_MAIN_CONTROLLER_009,Main Controller,Block,block_local_digital,Digital IPOS,Digital IPOS,,SRS;DRS,Digital IPOS,,,false,snap-b2e8101b00dc6909feaed885,orphaned,normal_hierarchical,block_local,block_local,Block,local_register_access,,true,Digital behavior local to the approved block; owned by Digital IPOS.
IPOS_STBIO1_MAIN_CONTROLLER_010,primary,Digital IPOS,,,IPOS_STBIO1_MAIN_CONTROLLER_010,Main Controller,Block,block_local_digital,Digital IPOS,Digital IPOS,,SRS;DRS,Digital IPOS,,,false,snap-b2e8101b00dc6909feaed885,orphaned,normal_hierarchical,block_local,block_local,Block,local_register_access,,true,Digital behavior local to the approved block; owned by Digital IPOS.
IPOS_STBIO1_MAIN_CONTROLLER_011,primary,Digital IPOS,,,IPOS_STBIO1_MAIN_CONTROLLER_011,Main Controller,Block,block_local_digital,Digital IPOS,Digital IPOS,,SRS;DRS,Digital IPOS,,,false,snap-b2e8101b00dc6909feaed885,orphaned,normal_hierarchical,block_local,block_local,Block,local_register_access,,true,Digital behavior local to the approved block; owned by Digital IPOS.
IPOS_STBIO1_MAIN_CONTROLLER_0152,primary,Digital IPOS,,,IPOS_STBIO1_MAIN_CONTROLLER_0152,Main Controller,Block,block_local_digital,Digital IPOS,Digital IPOS,,SRS;DRS,Digital IPOS,,,false,snap-b2e8101b00dc6909feaed885,orphaned,normal_hierarchical,block_local,block_local,Block,local_clock_reset,,true,Digital behavior local to the approved block; owned by Digital IPOS.
IPOS_STBIO1_MAIN_CONTROLLER_016,primary,Digital IPOS,,,IPOS_STBIO1_MAIN_CONTROLLER_016,Main Controller,Block,block_local_digital,Digital IPOS,Digital IPOS,,SRS;DRS,Digital IPOS,,,false,snap-b2e8101b00dc6909feaed885,orphaned,normal_hierarchical,block_local,block_local,Block,local_register_access,,true,Digital behavior local to the approved block; owned by Digital IPOS.
IPOS_STBIO1_MAIN_CONTROLLER_017,primary,Digital IPOS,,,IPOS_STBIO1_MAIN_CONTROLLER_017,Main Controller,Block,block_local_digital,Digital IPOS,Digital IPOS,,SRS;DRS,Digital IPOS,,,false,snap-b2e8101b00dc6909feaed885,orphaned,normal_hierarchical,block_local,block_local,Block,local_register_access,,true,Digital behavior local to the approved block; owned by Digital IPOS.
IPOS_STBIO1_MAIN_CONTROLLER_018,primary,Digital IPOS,,,IPOS_STBIO1_MAIN_CONTROLLER_018,Main Controller,Block,block_local_digital,Digital IPOS,Digital IPOS,,SRS;DRS,Digital IPOS,,,false,snap-b2e8101b00dc6909feaed885,orphaned,normal_hierarchical,block_local,block_local,Block,local_register_access,,true,Digital behavior local to the approved block; owned by Digital IPOS.
IPOS_STBIO1_MAIN_CONTROLLER_019,primary,Digital IPOS,,,IPOS_STBIO1_MAIN_CONTROLLER_019,Main Controller,Block,block_local_digital,Digital IPOS,Digital IPOS,,SRS;DRS,Digital IPOS,,,false,snap-b2e8101b00dc6909feaed885,orphaned,normal_hierarchical,block_local,block_local,Block,local_register_access,,true,Digital behavior local to the approved block; owned by Digital IPOS.
IPOS_STBIO1_MAIN_CONTROLLER_021,primary,Digital IPOS,,,IPOS_STBIO1_MAIN_CONTROLLER_021,Main Controller,Block,block_local_digital,Digital IPOS,Digital IPOS,,SRS;DRS,Digital IPOS,,,false,snap-b2e8101b00dc6909feaed885,orphaned,normal_hierarchical,block_local,block_local,Block,local_register_access,,true,Digital behavior local to the approved block; owned by Digital IPOS.
IPOS_STBIO1_MAIN_CONTROLLER_023,primary,Digital IPOS,,,IPOS_STBIO1_MAIN_CONTROLLER_023,Main Controller,Block,block_local_digital,Digital IPOS,Digital IPOS,,SRS;DRS,Digital IPOS,,,false,snap-b2e8101b00dc6909feaed885,orphaned,normal_hierarchical,block_local,block_local,Block,local_register_access,,true,Digital behavior local to the approved block; owned by Digital IPOS.
IPOS_STBIO1_MAIN_CONTROLLER_024,primary,Digital IPOS,,,IPOS_STBIO1_MAIN_CONTROLLER_024,Main Controller,Block,block_local_digital,Digital IPOS,Digital IPOS,,SRS;DRS,Digital IPOS,,,false,snap-b2e8101b00dc6909feaed885,orphaned,normal_hierarchical,block_local,block_local,Block,local_register_access,,true,Digital behavior local to the approved block; owned by Digital IPOS.
IPOS_STBIO1_MAIN_CONTROLLER_026,primary,Digital IPOS,,,IPOS_STBIO1_MAIN_CONTROLLER_026,Main Controller,Block,block_local_digital,Digital IPOS,Digital IPOS,,SRS;DRS,Digital IPOS,,,false,snap-b2e8101b00dc6909feaed885,orphaned,normal_hierarchical,block_local,block_local,Block,local_register_access,,true,Digital behavior local to the approved block; owned by Digital IPOS.
IPOS_STBIO1_MAIN_CONTROLLER_028,primary,Digital IPOS,,,IPOS_STBIO1_MAIN_CONTROLLER_028,Main Controller,Block,block_local_digital,Digital IPOS,Digital IPOS,,SRS;DRS,Digital IPOS,,,false,snap-b2e8101b00dc6909feaed885,orphaned,normal_hierarchical,block_local,block_local,Block,local_register_access,,true,Digital behavior local to the approved block; owned by Digital IPOS.
IPOS_STBIO1_MAIN_CONTROLLER_029,primary,Digital IPOS,,,IPOS_STBIO1_MAIN_CONTROLLER_029,Main Controller,Block,block_local_digital,Digital IPOS,Digital IPOS,,SRS;DRS,Digital IPOS,,,false,snap-b2e8101b00dc6909feaed885,orphaned,normal_hierarchical,block_local,block_local,Block,local_register_access,,true,Digital behavior local to the approved block; owned by Digital IPOS.
IPOS_STBIO1_MAIN_CONTROLLER_030,primary,Digital IPOS,,,IPOS_STBIO1_MAIN_CONTROLLER_030,Main Controller,Block,block_local_digital,Digital IPOS,Digital IPOS,,SRS;DRS,Digital IPOS,,,false,snap-b2e8101b00dc6909feaed885,orphaned,normal_hierarchical,block_local,block_local,Block,local_register_access,,true,Digital behavior local to the approved block; owned by Digital IPOS.
IPOS_STBIO1_MAIN_CONTROLLER_031,primary,Digital IPOS,,,IPOS_STBIO1_MAIN_CONTROLLER_031,Main Controller,Block,block_local_digital,Digital IPOS,Digital IPOS,,SRS;DRS,Digital IPOS,,,false,snap-b2e8101b00dc6909feaed885,orphaned,normal_hierarchical,block_local,block_local,Block,local_register_access,,true,Digital behavior local to the approved block; owned by Digital IPOS.
IPOS_STBIO1_MAIN_CONTROLLER_032,primary,Digital IPOS,,,IPOS_STBIO1_MAIN_CONTROLLER_032,Main Controller,Block,block_local_digital,Digital IPOS,Digital IPOS,,SRS;DRS,Digital IPOS,,,false,snap-b2e8101b00dc6909feaed885,orphaned,normal_hierarchical,block_local,block_local,Block,local_register_access,,true,Digital behavior local to the approved block; owned by Digital IPOS.
IPOS_STBIO1_MAIN_CONTROLLER_033,primary,Digital IPOS,,,IPOS_STBIO1_MAIN_CONTROLLER_033,Main Controller,Block,block_local_digital,Digital IPOS,Digital IPOS,,SRS;DRS,Digital IPOS,,,false,snap-b2e8101b00dc6909feaed885,orphaned,normal_hierarchical,block_local,block_local,Block,local_register_access,,true,Digital behavior local to the approved block; owned by Digital IPOS.
IPOS_STBIO1_MAIN_CONTROLLER_034,primary,Digital IPOS,,,IPOS_STBIO1_MAIN_CONTROLLER_034,Main Controller,Block,block_local_digital,Digital IPOS,Digital IPOS,,SRS;DRS,Digital IPOS,,,false,snap-b2e8101b00dc6909feaed885,orphaned,normal_hierarchical,block_local,block_local,Block,local_register_access,,true,Digital behavior local to the approved block; owned by Digital IPOS.
IPOS_STBIO1_MAIN_CONTROLLER_035,primary,Digital IPOS,,,IPOS_STBIO1_MAIN_CONTROLLER_035,Main Controller,Block,block_local_digital,Digital IPOS,Digital IPOS,,SRS;DRS,Digital IPOS,,,false,snap-b2e8101b00dc6909feaed885,orphaned,normal_hierarchical,block_local,block_local,Block,local_register_access,,true,Digital behavior local to the approved block; owned by Digital IPOS.
IPOS_STBIO1_MAIN_CONTROLLER_036,primary,Digital IPOS,,,IPOS_STBIO1_MAIN_CONTROLLER_036,Main Controller,Block,block_local_digital,Digital IPOS,Digital IPOS,,SRS;DRS,Digital IPOS,,,false,snap-b2e8101b00dc6909feaed885,orphaned,normal_hierarchical,block_local,block_local,Block,local_interrupt_event_status,,true,Digital behavior local to the approved block; owned by Digital IPOS.
IPOS_STBIO1_MAIN_CONTROLLER_037,primary,Digital IPOS,,,IPOS_STBIO1_MAIN_CONTROLLER_037,Main Controller,Block,block_local_digital,Digital IPOS,Digital IPOS,,SRS;DRS,Digital IPOS,,,false,snap-b2e8101b00dc6909feaed885,orphaned,normal_hierarchical,block_local,block_local,Block,,,true,Digital behavior local to the approved block; owned by Digital IPOS.
IPOS_STBIO1_MAIN_CONTROLLER_038,primary,Digital IPOS,,,IPOS_STBIO1_MAIN_CONTROLLER_038,Main Controller,Block,block_local_digital,Digital IPOS,Digital IPOS,,SRS;DRS,Digital IPOS,,,false,snap-b2e8101b00dc6909feaed885,orphaned,normal_hierarchical,block_local,block_local,Block,,,true,Digital behavior local to the approved block; owned by Digital IPOS.
IPOS_STBIO1_MAIN_CONTROLLER_039,primary,Digital IPOS,,,IPOS_STBIO1_MAIN_CONTROLLER_039,Main Controller,Block,block_local_digital,Digital IPOS,Digital IPOS,,SRS;DRS,Digital IPOS,,,false,snap-b2e8101b00dc6909feaed885,orphaned,normal_hierarchical,block_local,block_local,Block,local_register_access,,true,Digital behavior local to the approved block; owned by Digital IPOS.
IPOS_STBIO1_MAIN_CONTROLLER_044,primary,Digital IPOS,,,IPOS_STBIO1_MAIN_CONTROLLER_044,Main Controller,Block,block_local_digital,Digital IPOS,Digital IPOS,,SRS;DRS,Digital IPOS,,,false,snap-b2e8101b00dc6909feaed885,orphaned,normal_hierarchical,block_local,block_local,Block,,,true,Digital behavior local to the approved block; owned by Digital IPOS.
IPOS_STBIO1_MAIN_CONTROLLER_045,primary,Digital IPOS,,,IPOS_STBIO1_MAIN_CONTROLLER_045,Main Controller,Block,block_local_digital,Digital IPOS,Digital IPOS,,SRS;DRS,Digital IPOS,,,false,snap-b2e8101b00dc6909feaed885,orphaned,normal_hierarchical,block_local,block_local,Block,,,true,Digital behavior local to the approved block; owned by Digital IPOS.
IPOS_STBIO1_MAIN_CONTROLLER_047,primary,Digital IPOS,,,IPOS_STBIO1_MAIN_CONTROLLER_047,Main Controller,Block,block_local_digital,Digital IPOS,Digital IPOS,,SRS;DRS,Digital IPOS,,,false,snap-b2e8101b00dc6909feaed885,orphaned,normal_hierarchical,block_local,block_local,Block,,,true,Digital behavior local to the approved block; owned by Digital IPOS.
IPOS_STBIO1_MAIN_CONTROLLER_049,primary,Digital IPOS,,,IPOS_STBIO1_MAIN_CONTROLLER_049,Main Controller,Block,block_local_digital,Digital IPOS,Digital IPOS,,SRS;DRS,Digital IPOS,,,false,snap-b2e8101b00dc6909feaed885,orphaned,normal_hierarchical,block_local,block_local,Block,,,true,Digital behavior local to the approved block; owned by Digital IPOS.
IPOS_STBIO1_MAIN_CONTROLLER_051,primary,Digital IPOS,,,IPOS_STBIO1_MAIN_CONTROLLER_051,Main Controller,Block,block_local_digital,Digital IPOS,Digital IPOS,,SRS;DRS,Digital IPOS,,,false,snap-b2e8101b00dc6909feaed885,orphaned,normal_hierarchical,block_local,block_local,Block,,,true,Digital behavior local to the approved block; owned by Digital IPOS.
IPOS_STBIO1_MAIN_CONTROLLER_052,primary,Digital IPOS,,,IPOS_STBIO1_MAIN_CONTROLLER_052,Main Controller,Block,block_local_digital,Digital IPOS,Digital IPOS,,SRS;DRS,Digital IPOS,,,false,snap-b2e8101b00dc6909feaed885,orphaned,normal_hierarchical,block_local,block_local,Block,,,true,Digital behavior local to the approved block; owned by Digital IPOS.
IPOS_STBIO1_MAIN_CONTROLLER_053,primary,Digital IPOS,,,IPOS_STBIO1_MAIN_CONTROLLER_053,Main Controller,Block,block_local_digital,Digital IPOS,Digital IPOS,,SRS;DRS,Digital IPOS,,,false,snap-b2e8101b00dc6909feaed885,orphaned,normal_hierarchical,block_local,block_local,Block,local_clock_reset,,true,Digital behavior local to the approved block; owned by Digital IPOS.
IPOS_STBIO1_MAIN_CONTROLLER_054,primary,Digital IPOS,,,IPOS_STBIO1_MAIN_CONTROLLER_054,Main Controller,Block,block_local_digital,Digital IPOS,Digital IPOS,,SRS;DRS,Digital IPOS,,,false,snap-b2e8101b00dc6909feaed885,orphaned,normal_hierarchical,block_local,block_local,Block,,,true,Digital behavior local to the approved block; owned by Digital IPOS.
IPOS_STBIO1_MAIN_CONTROLLER_055,primary,Digital IPOS,,,IPOS_STBIO1_MAIN_CONTROLLER_055,Main Controller,Block,block_local_digital,Digital IPOS,Digital IPOS,,SRS;DRS,Digital IPOS,,,false,snap-b2e8101b00dc6909feaed885,orphaned,normal_hierarchical,block_local,block_local,Block,,,true,Digital behavior local to the approved block; owned by Digital IPOS.
IPOS_STBIO1_MAIN_CONTROLLER_058,primary,Digital IPOS,,,IPOS_STBIO1_MAIN_CONTROLLER_058,Main Controller,Block,block_local_digital,Digital IPOS,Digital IPOS,,SRS;DRS,Digital IPOS,,,false,snap-b2e8101b00dc6909feaed885,orphaned,normal_hierarchical,block_local,block_local,Block,,,true,Digital behavior local to the approved block; owned by Digital IPOS.
IPOS_STBIO1_MAIN_CONTROLLER_059,primary,Digital IPOS,,,IPOS_STBIO1_MAIN_CONTROLLER_059,Main Controller,Block,block_local_digital,Digital IPOS,Digital IPOS,,SRS;DRS,Digital IPOS,,,false,snap-b2e8101b00dc6909feaed885,orphaned,normal_hierarchical,block_local,block_local,Block,,,true,Digital behavior local to the approved block; owned by Digital IPOS.
IPOS_STBIO1_MAIN_CONTROLLER_060,primary,Digital IPOS,,,IPOS_STBIO1_MAIN_CONTROLLER_060,Main Controller,Block,block_local_digital,Digital IPOS,Digital IPOS,,SRS;DRS,Digital IPOS,,,false,snap-b2e8101b00dc6909feaed885,orphaned,normal_hierarchical,block_local,block_local,Block,,,true,Digital behavior local to the approved block; owned by Digital IPOS.
IPOS_STBIO1_MAIN_CONTROLLER_061,primary,Digital IPOS,,,IPOS_STBIO1_MAIN_CONTROLLER_061,Main Controller,Block,block_local_digital,Digital IPOS,Digital IPOS,,SRS;DRS,Digital IPOS,,,false,snap-b2e8101b00dc6909feaed885,orphaned,normal_hierarchical,block_local,block_local,Block,,,true,Digital behavior local to the approved block; owned by Digital IPOS.
IPOS_STBIO1_MAIN_CONTROLLER_062,primary,Digital IPOS,,,IPOS_STBIO1_MAIN_CONTROLLER_062,Main Controller,Block,block_local_digital,Digital IPOS,Digital IPOS,,SRS;DRS,Digital IPOS,,,false,snap-b2e8101b00dc6909feaed885,orphaned,normal_hierarchical,block_local,block_local,Block,,,true,Digital behavior local to the approved block; owned by Digital IPOS.
IPOS_STBIO1_MAIN_CONTROLLER_063,primary,Digital IPOS,,,IPOS_STBIO1_MAIN_CONTROLLER_063,Main Controller,Block,block_local_digital,Digital IPOS,Digital IPOS,,SRS;DRS,Digital IPOS,,,false,snap-b2e8101b00dc6909feaed885,orphaned,normal_hierarchical,block_local,block_local,Block,local_register_access,,true,Digital behavior local to the approved block; owned by Digital IPOS.
IPOS_STBIO1_MAIN_CONTROLLER_064,primary,Digital IPOS,,,IPOS_STBIO1_MAIN_CONTROLLER_064,Main Controller,Block,block_local_digital,Digital IPOS,Digital IPOS,,SRS;DRS,Digital IPOS,,,false,snap-b2e8101b00dc6909feaed885,orphaned,normal_hierarchical,block_local,block_local,Block,local_register_access,,true,Digital behavior local to the approved block; owned by Digital IPOS.
IPOS_STBIO1_MAIN_CONTROLLER_073,primary,Digital IPOS,,,IPOS_STBIO1_MAIN_CONTROLLER_073,Main Controller,Block,block_local_digital,Digital IPOS,Digital IPOS,,SRS;DRS,Digital IPOS,,,false,snap-b2e8101b00dc6909feaed885,orphaned,normal_hierarchical,block_local,block_local,Block,,,true,Digital behavior local to the approved block; owned by Digital IPOS.
IPOS_STBIO1_MAIN_CONTROLLER_074,primary,Digital IPOS,,,IPOS_STBIO1_MAIN_CONTROLLER_074,Main Controller,Block,block_local_digital,Digital IPOS,Digital IPOS,,SRS;DRS,Digital IPOS,,,false,snap-b2e8101b00dc6909feaed885,orphaned,normal_hierarchical,block_local,block_local,Block,,,true,Digital behavior local to the approved block; owned by Digital IPOS.
IPOS_STBIO1_MAIN_CONTROLLER_077,primary,Digital IPOS,,,IPOS_STBIO1_MAIN_CONTROLLER_077,Main Controller,Block,block_local_digital,Digital IPOS,Digital IPOS,,SRS;DRS,Digital IPOS,,,false,snap-b2e8101b00dc6909feaed885,orphaned,normal_hierarchical,block_local,block_local,Block,local_clock_reset,,true,Digital behavior local to the approved block; owned by Digital IPOS.
IPOS_STBIO1_MAIN_CONTROLLER_078,primary,Digital IPOS,,,IPOS_STBIO1_MAIN_CONTROLLER_078,Main Controller,Block,block_local_digital,Digital IPOS,Digital IPOS,,SRS;DRS,Digital IPOS,,,false,snap-b2e8101b00dc6909feaed885,orphaned,normal_hierarchical,block_local,block_local,Block,,,true,Digital behavior local to the approved block; owned by Digital IPOS.
IPOS_STBIO1_MAIN_CONTROLLER_080,primary,Digital IPOS,,,IPOS_STBIO1_MAIN_CONTROLLER_080,Main Controller,Block,block_local_digital,Digital IPOS,Digital IPOS,,SRS;DRS,Digital IPOS,,,false,snap-b2e8101b00dc6909feaed885,orphaned,normal_hierarchical,block_local,block_local,Block,,,true,Digital behavior local to the approved block; owned by Digital IPOS.
IPOS_STBIO1_MAIN_CONTROLLER_082,primary,Digital IPOS,,,IPOS_STBIO1_MAIN_CONTROLLER_082,Main Controller,Block,block_local_digital,Digital IPOS,Digital IPOS,,SRS;DRS,Digital IPOS,,,false,snap-b2e8101b00dc6909feaed885,orphaned,normal_hierarchical,block_local,block_local,Block,,,true,Digital behavior local to the approved block; owned by Digital IPOS.
IPOS_STBIO1_MAIN_CONTROLLER_083,primary,Digital IPOS,,,IPOS_STBIO1_MAIN_CONTROLLER_083,Main Controller,Block,block_local_digital,Digital IPOS,Digital IPOS,,SRS;DRS,Digital IPOS,,,false,snap-b2e8101b00dc6909feaed885,orphaned,normal_hierarchical,block_local,block_local,Block,local_clock_reset,,true,Digital behavior local to the approved block; owned by Digital IPOS.
IPOS_STBIO1_MAIN_CONTROLLER_085,primary,Digital IPOS,,,IPOS_STBIO1_MAIN_CONTROLLER_085,Main Controller,Block,block_local_digital,Digital IPOS,Digital IPOS,,SRS;DRS,Digital IPOS,,,false,snap-b2e8101b00dc6909feaed885,orphaned,normal_hierarchical,block_local,block_local,Block,local_clock_reset,,true,Digital behavior local to the approved block; owned by Digital IPOS.
IPOS_STBIO1_MAIN_CONTROLLER_087,primary,Digital IPOS,,,IPOS_STBIO1_MAIN_CONTROLLER_087,Main Controller,Block,block_local_digital,Digital IPOS,Digital IPOS,,SRS;DRS,Digital IPOS,,,false,snap-b2e8101b00dc6909feaed885,orphaned,normal_hierarchical,block_local,block_local,Block,,,true,Digital behavior local to the approved block; owned by Digital IPOS.
IPOS_STBIO1_MAIN_CONTROLLER_088,primary,Digital IPOS,,,IPOS_STBIO1_MAIN_CONTROLLER_088,Main Controller,Block,block_local_digital,Digital IPOS,Digital IPOS,,SRS;DRS,Digital IPOS,,,false,snap-b2e8101b00dc6909feaed885,orphaned,normal_hierarchical,block_local,block_local,Block,,,true,Digital behavior local to the approved block; owned by Digital IPOS.
IPOS_STBIO1_MAIN_CONTROLLER_089,primary,Digital IPOS,,,IPOS_STBIO1_MAIN_CONTROLLER_089,Main Controller,Block,block_local_digital,Digital IPOS,Digital IPOS,,SRS;DRS,Digital IPOS,,,false,snap-b2e8101b00dc6909feaed885,orphaned,normal_hierarchical,block_local,block_local,Block,,,true,Digital behavior local to the approved block; owned by Digital IPOS.
IPOS_STBIO1_MAIN_CONTROLLER_092,primary,Digital IPOS,,,IPOS_STBIO1_MAIN_CONTROLLER_092,Main Controller,Block,block_local_digital,Digital IPOS,Digital IPOS,,SRS;DRS,Digital IPOS,,,false,snap-b2e8101b00dc6909feaed885,orphaned,normal_hierarchical,block_local,block_local,Block,,,true,Digital behavior local to the approved block; owned by Digital IPOS.
IPOS_STBIO1_MAIN_CONTROLLER_093,primary,Digital IPOS,,,IPOS_STBIO1_MAIN_CONTROLLER_093,Main Controller,Block,block_local_digital,Digital IPOS,Digital IPOS,,SRS;DRS,Digital IPOS,,,false,snap-b2e8101b00dc6909feaed885,orphaned,normal_hierarchical,block_local,block_local,Block,,,true,Digital behavior local to the approved block; owned by Digital IPOS.
IPOS_STBIO1_MAIN_CONTROLLER_094,primary,Digital IPOS,,,IPOS_STBIO1_MAIN_CONTROLLER_094,Main Controller,Block,block_local_digital,Digital IPOS,Digital IPOS,,SRS;DRS,Digital IPOS,,,false,snap-b2e8101b00dc6909feaed885,orphaned,normal_hierarchical,block_local,block_local,Block,,,true,Digital behavior local to the approved block; owned by Digital IPOS.
IPOS_STBIO1_MAIN_CONTROLLER_095,primary,Digital IPOS,,,IPOS_STBIO1_MAIN_CONTROLLER_095,Main Controller,Block,block_local_digital,Digital IPOS,Digital IPOS,,SRS;DRS,Digital IPOS,,,false,snap-b2e8101b00dc6909feaed885,orphaned,normal_hierarchical,block_local,block_local,Block,,,true,Digital behavior local to the approved block; owned by Digital IPOS.
IPOS_STBIO1_MAIN_CONTROLLER_096,primary,Digital IPOS,,,IPOS_STBIO1_MAIN_CONTROLLER_096,Main Controller,Block,block_local_digital,Digital IPOS,Digital IPOS,,SRS;DRS,Digital IPOS,,,false,snap-b2e8101b00dc6909feaed885,orphaned,normal_hierarchical,block_local,block_local,Block,local_register_access,,true,Digital behavior local to the approved block; owned by Digital IPOS.
IPOS_STBIO1_MAIN_CONTROLLER_098,primary,Digital IPOS,,,IPOS_STBIO1_MAIN_CONTROLLER_098,Main Controller,Block,block_local_digital,Digital IPOS,Digital IPOS,,SRS;DRS,Digital IPOS,,,false,snap-b2e8101b00dc6909feaed885,orphaned,normal_hierarchical,block_local,block_local,Block,,,true,Digital behavior local to the approved block; owned by Digital IPOS.
IPOS_STBIO1_MAIN_CONTROLLER_099,primary,Digital IPOS,,,IPOS_STBIO1_MAIN_CONTROLLER_099,Main Controller,Block,block_local_digital,Digital IPOS,Digital IPOS,,SRS;DRS,Digital IPOS,,,false,snap-b2e8101b00dc6909feaed885,orphaned,normal_hierarchical,block_local,block_local,Block,,,true,Digital behavior local to the approved block; owned by Digital IPOS.
IPOS_STBIO1_MAIN_CONTROLLER_100,primary,Digital IPOS,,,IPOS_STBIO1_MAIN_CONTROLLER_100,Main Controller,Block,block_local_digital,Digital IPOS,Digital IPOS,,SRS;DRS,Digital IPOS,,,false,snap-b2e8101b00dc6909feaed885,orphaned,normal_hierarchical,block_local,block_local,Block,local_clock_reset,,true,Digital behavior local to the approved block; owned by Digital IPOS.
IPOS_STBIO1_MAIN_CONTROLLER_1004,primary,Digital IPOS,,,IPOS_STBIO1_MAIN_CONTROLLER_1004,Main Controller,Block,block_local_digital,Digital IPOS,Digital IPOS,,SRS;DRS,Digital IPOS,,,false,snap-b2e8101b00dc6909feaed885,orphaned,normal_hierarchical,block_local,block_local,Block,local_register_access,,true,Digital behavior local to the approved block; owned by Digital IPOS.
IPOS_STBIO1_MAIN_CONTROLLER_1005,primary,Digital IPOS,,,IPOS_STBIO1_MAIN_CONTROLLER_1005,Main Controller,Block,block_local_digital,Digital IPOS,Digital IPOS,,SRS;DRS,Digital IPOS,,,false,snap-b2e8101b00dc6909feaed885,orphaned,normal_hierarchical,block_local,block_local,Block,,,true,Digital behavior local to the approved block; owned by Digital IPOS.
IPOS_STBIO1_MAIN_CONTROLLER_1007,primary,Digital IPOS,,,IPOS_STBIO1_MAIN_CONTROLLER_1007,Main Controller,Block,block_local_digital,Digital IPOS,Digital IPOS,,SRS;DRS,Digital IPOS,,,false,snap-b2e8101b00dc6909feaed885,orphaned,normal_hierarchical,block_local,block_local,Block,,,true,Digital behavior local to the approved block; owned by Digital IPOS.
IPOS_STBIO1_MAIN_CONTROLLER_1008,primary,Digital IPOS,,,IPOS_STBIO1_MAIN_CONTROLLER_1008,Main Controller,Block,block_local_digital,Digital IPOS,Digital IPOS,,SRS;DRS,Digital IPOS,,,false,snap-b2e8101b00dc6909feaed885,orphaned,normal_hierarchical,block_local,block_local,Block,,,true,Digital behavior local to the approved block; owned by Digital IPOS.
IPOS_STBIO1_MAIN_CONTROLLER_1009,primary,Digital IPOS,,,IPOS_STBIO1_MAIN_CONTROLLER_1009,Main Controller,Block,block_local_digital,Digital IPOS,Digital IPOS,,SRS;DRS,Digital IPOS,,,false,snap-b2e8101b00dc6909feaed885,orphaned,normal_hierarchical,block_local,block_local,Block,,,true,Digital behavior local to the approved block; owned by Digital IPOS.
IPOS_STBIO1_MAIN_CONTROLLER_101,primary,Digital IPOS,,,IPOS_STBIO1_MAIN_CONTROLLER_101,Main Controller,Block,block_local_digital,Digital IPOS,Digital IPOS,,SRS;DRS,Digital IPOS,,,false,snap-b2e8101b00dc6909feaed885,orphaned,normal_hierarchical,block_local,block_local,Block,local_register_access,,true,Digital behavior local to the approved block; owned by Digital IPOS.
IPOS_STBIO1_MAIN_CONTROLLER_1010,primary,Digital IPOS,,,IPOS_STBIO1_MAIN_CONTROLLER_1010,Main Controller,Block,block_local_digital,Digital IPOS,Digital IPOS,,SRS;DRS,Digital IPOS,,,false,snap-b2e8101b00dc6909feaed885,orphaned,normal_hierarchical,block_local,block_local,Block,,,true,Digital behavior local to the approved block; owned by Digital IPOS.
IPOS_STBIO1_MAIN_CONTROLLER_1011,primary,Digital IPOS,,,IPOS_STBIO1_MAIN_CONTROLLER_1011,Main Controller,Block,block_local_digital,Digital IPOS,Digital IPOS,,SRS;DRS,Digital IPOS,,,false,snap-b2e8101b00dc6909feaed885,orphaned,normal_hierarchical,block_local,block_local,Block,,,true,Digital behavior local to the approved block; owned by Digital IPOS.
IPOS_STBIO1_MAIN_CONTROLLER_102,primary,Digital IPOS,,,IPOS_STBIO1_MAIN_CONTROLLER_102,Main Controller,Block,block_local_digital,Digital IPOS,Digital IPOS,,SRS;DRS,Digital IPOS,,,false,snap-b2e8101b00dc6909feaed885,orphaned,normal_hierarchical,block_local,block_local,Block,,,true,Digital behavior local to the approved block; owned by Digital IPOS.
IPOS_STBIO1_MAIN_CONTROLLER_103,primary,Digital IPOS,,,IPOS_STBIO1_MAIN_CONTROLLER_103,Main Controller,Block,block_local_digital,Digital IPOS,Digital IPOS,,SRS;DRS,Digital IPOS,,,false,snap-b2e8101b00dc6909feaed885,orphaned,normal_hierarchical,block_local,block_local,Block,local_clock_reset,,true,Digital behavior local to the approved block; owned by Digital IPOS.
IPOS_STBIO1_MAIN_CONTROLLER_1034,primary,Digital IPOS,,,IPOS_STBIO1_MAIN_CONTROLLER_1034,Main Controller,Block,block_local_digital,Digital IPOS,Digital IPOS,,SRS;DRS,Digital IPOS,,,false,snap-b2e8101b00dc6909feaed885,orphaned,normal_hierarchical,block_local,block_local,Block,,,true,Digital behavior local to the approved block; owned by Digital IPOS.
IPOS_STBIO1_MAIN_CONTROLLER_104,primary,Digital IPOS,,,IPOS_STBIO1_MAIN_CONTROLLER_104,Main Controller,Block,block_local_digital,Digital IPOS,Digital IPOS,,SRS;DRS,Digital IPOS,,,false,snap-b2e8101b00dc6909feaed885,orphaned,normal_hierarchical,block_local,block_local,Block,,,true,Digital behavior local to the approved block; owned by Digital IPOS.
IPOS_STBIO1_MAIN_CONTROLLER_105,primary,Digital IPOS,,,IPOS_STBIO1_MAIN_CONTROLLER_105,Main Controller,Block,block_local_digital,Digital IPOS,Digital IPOS,,SRS;DRS,Digital IPOS,,,false,snap-b2e8101b00dc6909feaed885,orphaned,normal_hierarchical,block_local,block_local,Block,local_register_access,,true,Digital behavior local to the approved block; owned by Digital IPOS.
IPOS_STBIO1_MAIN_CONTROLLER_106,primary,Digital IPOS,,,IPOS_STBIO1_MAIN_CONTROLLER_106,Main Controller,Block,block_local_digital,Digital IPOS,Digital IPOS,,SRS;DRS,Digital IPOS,,,false,snap-b2e8101b00dc6909feaed885,orphaned,normal_hierarchical,block_local,block_local,Block,,,true,Digital behavior local to the approved block; owned by Digital IPOS.
IPOS_STBIO1_MAIN_CONTROLLER_108,primary,Digital IPOS,,,IPOS_STBIO1_MAIN_CONTROLLER_108,Main Controller,Block,block_local_digital,Digital IPOS,Digital IPOS,,SRS;DRS,Digital IPOS,,,false,snap-b2e8101b00dc6909feaed885,orphaned,normal_hierarchical,block_local,block_local,Block,,,true,Digital behavior local to the approved block; owned by Digital IPOS.
IPOS_STBIO1_MAIN_CONTROLLER_109,primary,Digital IPOS,,,IPOS_STBIO1_MAIN_CONTROLLER_109,Main Controller,Block,block_local_digital,Digital IPOS,Digital IPOS,,SRS;DRS,Digital IPOS,,,false,snap-b2e8101b00dc6909feaed885,orphaned,normal_hierarchical,block_local,block_local,Block,,,true,Digital behavior local to the approved block; owned by Digital IPOS.
IPOS_STBIO1_MAIN_CONTROLLER_1095,primary,Digital IPOS,,,IPOS_STBIO1_MAIN_CONTROLLER_1095,Main Controller,Block,block_local_digital,Digital IPOS,Digital IPOS,,SRS;DRS,Digital IPOS,,,false,snap-b2e8101b00dc6909feaed885,orphaned,normal_hierarchical,block_local,block_local,Block,,,true,Digital behavior local to the approved block; owned by Digital IPOS.
IPOS_STBIO1_MAIN_CONTROLLER_110,primary,Digital IPOS,,,IPOS_STBIO1_MAIN_CONTROLLER_110,Main Controller,Block,block_local_digital,Digital IPOS,Digital IPOS,,SRS;DRS,Digital IPOS,,,false,snap-b2e8101b00dc6909feaed885,orphaned,normal_hierarchical,block_local,block_local,Block,,,true,Digital behavior local to the approved block; owned by Digital IPOS.
IPOS_STBIO1_MAIN_CONTROLLER_1102,primary,Digital IPOS,,,IPOS_STBIO1_MAIN_CONTROLLER_1102,Main Controller,Block,block_local_digital,Digital IPOS,Digital IPOS,,SRS;DRS,Digital IPOS,,,false,snap-b2e8101b00dc6909feaed885,orphaned,normal_hierarchical,block_local,block_local,Block,local_clock_reset,,true,Digital behavior local to the approved block; owned by Digital IPOS.
IPOS_STBIO1_MAIN_CONTROLLER_1104,primary,Digital IPOS,,,IPOS_STBIO1_MAIN_CONTROLLER_1104,Main Controller,Block,block_local_digital,Digital IPOS,Digital IPOS,,SRS;DRS,Digital IPOS,,,false,snap-b2e8101b00dc6909feaed885,orphaned,normal_hierarchical,block_local,block_local,Block,local_clock_reset,,true,Digital behavior local to the approved block; owned by Digital IPOS.
IPOS_STBIO1_MAIN_CONTROLLER_111,primary,Digital IPOS,,,IPOS_STBIO1_MAIN_CONTROLLER_111,Main Controller,Block,block_local_digital,Digital IPOS,Digital IPOS,,SRS;DRS,Digital IPOS,,,false,snap-b2e8101b00dc6909feaed885,orphaned,normal_hierarchical,block_local,block_local,Block,,,true,Digital behavior local to the approved block; owned by Digital IPOS.
IPOS_STBIO1_MAIN_CONTROLLER_1116,primary,Digital IPOS,,,IPOS_STBIO1_MAIN_CONTROLLER_1116,Main Controller,Block,block_local_digital,Digital IPOS,Digital IPOS,,SRS;DRS,Digital IPOS,,,false,snap-b2e8101b00dc6909feaed885,orphaned,normal_hierarchical,block_local,block_local,Block,,,true,Digital behavior local to the approved block; owned by Digital IPOS.
IPOS_STBIO1_MAIN_CONTROLLER_112,primary,Digital IPOS,,,IPOS_STBIO1_MAIN_CONTROLLER_112,Main Controller,Block,block_local_digital,Digital IPOS,Digital IPOS,,SRS;DRS,Digital IPOS,,,false,snap-b2e8101b00dc6909feaed885,orphaned,normal_hierarchical,block_local,block_local,Block,,,true,Digital behavior local to the approved block; owned by Digital IPOS.
IPOS_STBIO1_MAIN_CONTROLLER_113,primary,Digital IPOS,,,IPOS_STBIO1_MAIN_CONTROLLER_113,Main Controller,Block,block_local_digital,Digital IPOS,Digital IPOS,,SRS;DRS,Digital IPOS,,,false,snap-b2e8101b00dc6909feaed885,orphaned,normal_hierarchical,block_local,block_local,Block,local_clock_reset,,true,Digital behavior local to the approved block; owned by Digital IPOS.
IPOS_STBIO1_MAIN_CONTROLLER_1139,primary,Digital IPOS,,,IPOS_STBIO1_MAIN_CONTROLLER_1139,Main Controller,Block,block_local_digital,Digital IPOS,Digital IPOS,,SRS;DRS,Digital IPOS,,,false,snap-b2e8101b00dc6909feaed885,orphaned,normal_hierarchical,block_local,block_local,Block,,,true,Digital behavior local to the approved block; owned by Digital IPOS.
IPOS_STBIO1_MAIN_CONTROLLER_1143,primary,Digital IPOS,,,IPOS_STBIO1_MAIN_CONTROLLER_1143,Main Controller,Block,block_local_digital,Digital IPOS,Digital IPOS,,SRS;DRS,Digital IPOS,,,false,snap-b2e8101b00dc6909feaed885,orphaned,normal_hierarchical,block_local,block_local,Block,,,true,Digital behavior local to the approved block; owned by Digital IPOS.
IPOS_STBIO1_MAIN_CONTROLLER_115,primary,Digital IPOS,,,IPOS_STBIO1_MAIN_CONTROLLER_115,Main Controller,Block,block_local_digital,Digital IPOS,Digital IPOS,,SRS;DRS,Digital IPOS,,,false,snap-b2e8101b00dc6909feaed885,orphaned,normal_hierarchical,block_local,block_local,Block,local_register_access,,true,Digital behavior local to the approved block; owned by Digital IPOS.
IPOS_STBIO1_MAIN_CONTROLLER_118,primary,Digital IPOS,,,IPOS_STBIO1_MAIN_CONTROLLER_118,Main Controller,Block,block_local_digital,Digital IPOS,Digital IPOS,,SRS;DRS,Digital IPOS,,,false,snap-b2e8101b00dc6909feaed885,orphaned,normal_hierarchical,block_local,block_local,Block,local_register_access,,true,Digital behavior local to the approved block; owned by Digital IPOS.
IPOS_STBIO1_MAIN_CONTROLLER_120,primary,Digital IPOS,,,IPOS_STBIO1_MAIN_CONTROLLER_120,Main Controller,Block,block_local_digital,Digital IPOS,Digital IPOS,,SRS;DRS,Digital IPOS,,,false,snap-b2e8101b00dc6909feaed885,orphaned,normal_hierarchical,block_local,block_local,Block,local_register_access,,true,Digital behavior local to the approved block; owned by Digital IPOS.
IPOS_STBIO1_MAIN_CONTROLLER_126,primary,Digital IPOS,,,IPOS_STBIO1_MAIN_CONTROLLER_126,Main Controller,Block,block_local_digital,Digital IPOS,Digital IPOS,,SRS;DRS,Digital IPOS,,,false,snap-b2e8101b00dc6909feaed885,orphaned,normal_hierarchical,block_local,block_local,Block,local_register_access,,true,Digital behavior local to the approved block; owned by Digital IPOS.
IPOS_STBIO1_MAIN_CONTROLLER_128,primary,Digital IPOS,,,IPOS_STBIO1_MAIN_CONTROLLER_128,Main Controller,Block,block_local_digital,Digital IPOS,Digital IPOS,,SRS;DRS,Digital IPOS,,,false,snap-b2e8101b00dc6909feaed885,orphaned,normal_hierarchical,block_local,block_local,Block,local_register_access,,true,Digital behavior local to the approved block; owned by Digital IPOS.
IPOS_STBIO1_MAIN_CONTROLLER_134,primary,Digital IPOS,,,IPOS_STBIO1_MAIN_CONTROLLER_134,Main Controller,Block,block_local_digital,Digital IPOS,Digital IPOS,,SRS;DRS,Digital IPOS,,,false,snap-b2e8101b00dc6909feaed885,orphaned,normal_hierarchical,block_local,block_local,Block,local_clock_reset,,true,Digital behavior local to the approved block; owned by Digital IPOS.
IPOS_STBIO1_MAIN_CONTROLLER_137,primary,Digital IPOS,,,IPOS_STBIO1_MAIN_CONTROLLER_137,Main Controller,Block,block_local_digital,Digital IPOS,Digital IPOS,,SRS;DRS,Digital IPOS,,,false,snap-b2e8101b00dc6909feaed885,orphaned,normal_hierarchical,block_local,block_local,Block,,,true,Digital behavior local to the approved block; owned by Digital IPOS.
IPOS_STBIO1_MAIN_CONTROLLER_138,primary,Digital IPOS,,,IPOS_STBIO1_MAIN_CONTROLLER_138,Main Controller,Block,block_local_digital,Digital IPOS,Digital IPOS,,SRS;DRS,Digital IPOS,,,false,snap-b2e8101b00dc6909feaed885,orphaned,normal_hierarchical,block_local,block_local,Block,,,true,Digital behavior local to the approved block; owned by Digital IPOS.
IPOS_STBIO1_MAIN_CONTROLLER_140,primary,Digital IPOS,,,IPOS_STBIO1_MAIN_CONTROLLER_140,Main Controller,Block,block_local_digital,Digital IPOS,Digital IPOS,,SRS;DRS,Digital IPOS,,,false,snap-b2e8101b00dc6909feaed885,orphaned,normal_hierarchical,block_local,block_local,Block,,,true,Digital behavior local to the approved block; owned by Digital IPOS.
IPOS_STBIO1_MAIN_CONTROLLER_2143,primary,Digital IPOS,,,IPOS_STBIO1_MAIN_CONTROLLER_2143,Main Controller,Block,block_local_digital,Digital IPOS,Digital IPOS,,SRS;DRS,Digital IPOS,,,false,snap-b2e8101b00dc6909feaed885,orphaned,normal_hierarchical,block_local,block_local,Block,,,true,Digital behavior local to the approved block; owned by Digital IPOS.
IPOS_STBIO1_MAIN_CONTROLLER_2144,primary,Digital IPOS,,,IPOS_STBIO1_MAIN_CONTROLLER_2144,Main Controller,Digital,block_local_digital,Digital IPOS,Digital IPOS,,SRS;DRS,Digital IPOS,,,false,snap-b2e8101b00dc6909feaed885,orphaned,normal_hierarchical,block_local,block_local,Digital,local_fifo_buffering,,true,Digital behavior local to the approved block; owned by Digital IPOS.
IPOS_STBIO1_MAIN_CONTROLLER_2145,primary,Digital IPOS,,,IPOS_STBIO1_MAIN_CONTROLLER_2145,Main Controller,Block,block_local_digital,Digital IPOS,Digital IPOS,,SRS;DRS,Digital IPOS,,,false,snap-b2e8101b00dc6909feaed885,orphaned,normal_hierarchical,block_local,block_local,Block,,,true,Digital behavior local to the approved block; owned by Digital IPOS.
IPOS_STBIO1_MAIN_CONTROLLER_2146,primary,Digital IPOS,,,IPOS_STBIO1_MAIN_CONTROLLER_2146,Main Controller,Block,block_local_digital,Digital IPOS,Digital IPOS,,SRS;DRS,Digital IPOS,,,false,snap-b2e8101b00dc6909feaed885,orphaned,normal_hierarchical,block_local,block_local,Block,,,true,Digital behavior local to the approved block; owned by Digital IPOS.
IPOS_STBIO1_MAIN_CONTROLLER_3124,primary,Digital IPOS,,,IPOS_STBIO1_MAIN_CONTROLLER_3124,Main Controller,Block,block_local_digital,Digital IPOS,Digital IPOS,,SRS;DRS,Digital IPOS,,,false,snap-b2e8101b00dc6909feaed885,orphaned,normal_hierarchical,block_local,block_local,Block,,,true,Digital behavior local to the approved block; owned by Digital IPOS.
IPOS_STBIO1_MAIN_CONTROLLER_3125,primary,Digital IPOS,,,IPOS_STBIO1_MAIN_CONTROLLER_3125,Main Controller,Block,block_local_digital,Digital IPOS,Digital IPOS,,SRS;DRS,Digital IPOS,,,false,snap-b2e8101b00dc6909feaed885,orphaned,normal_hierarchical,block_local,block_local,Block,,,true,Digital behavior local to the approved block; owned by Digital IPOS.
IPOS_STBIO1_MAIN_CONTROLLER_3126,primary,Digital IPOS,,,IPOS_STBIO1_MAIN_CONTROLLER_3126,Main Controller,Block,block_local_digital,Digital IPOS,Digital IPOS,,SRS;DRS,Digital IPOS,,,false,snap-b2e8101b00dc6909feaed885,orphaned,normal_hierarchical,block_local,block_local,Block,,,true,Digital behavior local to the approved block; owned by Digital IPOS.
IPOS_STBIO1_MAIN_CONTROLLER_3127,primary,Digital IPOS,,,IPOS_STBIO1_MAIN_CONTROLLER_3127,Main Controller,Block,block_local_digital,Digital IPOS,Digital IPOS,,SRS;DRS,Digital IPOS,,,false,snap-b2e8101b00dc6909feaed885,orphaned,normal_hierarchical,block_local,block_local,Block,,,true,Digital behavior local to the approved block; owned by Digital IPOS.
IPOS_STBIO1_MAIN_CONTROLLER_3128,primary,Digital IPOS,,,IPOS_STBIO1_MAIN_CONTROLLER_3128,Main Controller,Block,block_local_digital,Digital IPOS,Digital IPOS,,SRS;DRS,Digital IPOS,,,false,snap-b2e8101b00dc6909feaed885,orphaned,normal_hierarchical,block_local,block_local,Block,local_fifo_buffering,,true,Digital behavior local to the approved block; owned by Digital IPOS.
IPOS_STBIO1_MAIN_CONTROLLER_3129,primary,Digital IPOS,,,IPOS_STBIO1_MAIN_CONTROLLER_3129,Main Controller,Block,block_local_digital,Digital IPOS,Digital IPOS,,SRS;DRS,Digital IPOS,,,false,snap-b2e8101b00dc6909feaed885,orphaned,normal_hierarchical,block_local,block_local,Block,,,true,Digital behavior local to the approved block; owned by Digital IPOS.
IPOS_STBIO1_MAIN_CONTROLLER_4079,primary,Digital IPOS,,,IPOS_STBIO1_MAIN_CONTROLLER_4079,Main Controller,Block,block_local_digital,Digital IPOS,Digital IPOS,,SRS;DRS,Digital IPOS,,,false,snap-b2e8101b00dc6909feaed885,orphaned,normal_hierarchical,block_local,block_local,Block,local_clock_reset,,true,Digital behavior local to the approved block; owned by Digital IPOS.
IPOS_STBIO1_MAIN_CONTROLLER_4080,primary,Digital IPOS,,,IPOS_STBIO1_MAIN_CONTROLLER_4080,Main Controller,Block,block_local_digital,Digital IPOS,Digital IPOS,,SRS;DRS,Digital IPOS,,,false,snap-b2e8101b00dc6909feaed885,orphaned,normal_hierarchical,block_local,block_local,Block,,,true,Digital behavior local to the approved block; owned by Digital IPOS.
IPOS_STBIO1_MAIN_CONTROLLER_4090,primary,Digital IPOS,,,IPOS_STBIO1_MAIN_CONTROLLER_4090,Main Controller,Block,block_local_digital,Digital IPOS,Digital IPOS,,SRS;DRS,Digital IPOS,,,false,snap-b2e8101b00dc6909feaed885,orphaned,normal_hierarchical,block_local,block_local,Block,local_clock_reset,,true,Digital behavior local to the approved block; owned by Digital IPOS.
IPOS_STBIO1_MAIN_CONTROLLER_4091,primary,Digital IPOS,,,IPOS_STBIO1_MAIN_CONTROLLER_4091,Main Controller,Block,block_local_digital,Digital IPOS,Digital IPOS,,SRS;DRS,Digital IPOS,,,false,snap-b2e8101b00dc6909feaed885,orphaned,normal_hierarchical,block_local,block_local,Block,,,true,Digital behavior local to the approved block; owned by Digital IPOS.
IPOS_STBIO1_MAIN_CONTROLLER_436,primary,Digital IPOS,,,IPOS_STBIO1_MAIN_CONTROLLER_436,Main Controller,Block,block_local_digital,Digital IPOS,Digital IPOS,,SRS;DRS,Digital IPOS,,,false,snap-b2e8101b00dc6909feaed885,orphaned,normal_hierarchical,block_local,block_local,Block,local_clock_reset,,true,Digital behavior local to the approved block; owned by Digital IPOS.
IPOS_STBIO1_MAIN_CONTROLLER_5004,primary,Digital IPOS,,,IPOS_STBIO1_MAIN_CONTROLLER_5004,Main Controller,Block,block_local_digital,Digital IPOS,Digital IPOS,,SRS;DRS,Digital IPOS,,,false,snap-b2e8101b00dc6909feaed885,orphaned,normal_hierarchical,block_local,block_local,Block,,,true,Digital behavior local to the approved block; owned by Digital IPOS.
IPOS_STBIO1_MAIN_CONTROLLER_5005,primary,Digital IPOS,,,IPOS_STBIO1_MAIN_CONTROLLER_5005,Main Controller,Block,block_local_digital,Digital IPOS,Digital IPOS,,SRS;DRS,Digital IPOS,,,false,snap-b2e8101b00dc6909feaed885,orphaned,normal_hierarchical,block_local,block_local,Block,,,true,Digital behavior local to the approved block; owned by Digital IPOS.
IPOS_STBIO1_MAIN_CONTROLLER_5015,primary,Digital IPOS,,,IPOS_STBIO1_MAIN_CONTROLLER_5015,Main Controller,Block,block_local_digital,Digital IPOS,Digital IPOS,,SRS;DRS,Digital IPOS,,,false,snap-b2e8101b00dc6909feaed885,orphaned,normal_hierarchical,block_local,block_local,Block,local_interrupt_event_status,,true,Digital behavior local to the approved block; owned by Digital IPOS.
IPOS_STBIO1_MAIN_CONTROLLER_5016,primary,Digital IPOS,,,IPOS_STBIO1_MAIN_CONTROLLER_5016,Main Controller,Block,block_local_digital,Digital IPOS,Digital IPOS,,SRS;DRS,Digital IPOS,,,false,snap-b2e8101b00dc6909feaed885,orphaned,normal_hierarchical,block_local,block_local,Block,local_register_access,,true,Digital behavior local to the approved block; owned by Digital IPOS.
IPOS_STBIO1_MAIN_CONTROLLER_5092,primary,Digital IPOS,,,IPOS_STBIO1_MAIN_CONTROLLER_5092,Main Controller,Block,block_local_digital,Digital IPOS,Digital IPOS,,SRS;DRS,Digital IPOS,,,false,snap-b2e8101b00dc6909feaed885,orphaned,normal_hierarchical,block_local,block_local,Block,local_clock_reset,,true,Digital behavior local to the approved block; owned by Digital IPOS.
IPOS_STBIO1_MAIN_CONTROLLER_6070,primary,Digital IPOS,,,IPOS_STBIO1_MAIN_CONTROLLER_6070,Main Controller,Block,block_local_digital,Digital IPOS,Digital IPOS,,SRS;DRS,Digital IPOS,,,false,snap-b2e8101b00dc6909feaed885,orphaned,normal_hierarchical,block_local,block_local,Block,,,true,Digital behavior local to the approved block; owned by Digital IPOS.
IPOS_STBIO1_MAIN_CONTROLLER_6098,primary,Digital IPOS,,,IPOS_STBIO1_MAIN_CONTROLLER_6098,Main Controller,Block,block_local_digital,Digital IPOS,Digital IPOS,,SRS;DRS,Digital IPOS,,,false,snap-b2e8101b00dc6909feaed885,orphaned,normal_hierarchical,block_local,block_local,Block,,,true,Digital behavior local to the approved block; owned by Digital IPOS.
IPOS_STBIO1_MAIN_CONTROLLER_6129,primary,Digital IPOS,,,IPOS_STBIO1_MAIN_CONTROLLER_6129,Main Controller,Block,block_local_digital,Digital IPOS,Digital IPOS,,SRS;DRS,Digital IPOS,,,false,snap-b2e8101b00dc6909feaed885,orphaned,normal_hierarchical,block_local,block_local,Block,,,true,Digital behavior local to the approved block; owned by Digital IPOS.
IPOS_STBIO1_MAIN_CONTROLLER_7095,primary,Digital IPOS,,,IPOS_STBIO1_MAIN_CONTROLLER_7095,Main Controller,Block,block_local_digital,Digital IPOS,Digital IPOS,,SRS;DRS,Digital IPOS,,,false,snap-b2e8101b00dc6909feaed885,orphaned,normal_hierarchical,block_local,block_local,Block,local_register_access,,true,Digital behavior local to the approved block; owned by Digital IPOS.
IPOS_STBIO1_MAIN_CONTROLLER_728,primary,Digital IPOS,,,IPOS_STBIO1_MAIN_CONTROLLER_728,Main Controller,Block,block_local_digital,Digital IPOS,Digital IPOS,,SRS;DRS,Digital IPOS,,,false,snap-b2e8101b00dc6909feaed885,orphaned,normal_hierarchical,block_local,block_local,Block,,,true,Digital behavior local to the approved block; owned by Digital IPOS.
IPOS_STBIO1_MAIN_CONTROLLER_8106,primary,Digital IPOS,,,IPOS_STBIO1_MAIN_CONTROLLER_8106,Main Controller,Block,block_local_digital,Digital IPOS,Digital IPOS,,SRS;DRS,Digital IPOS,,,false,snap-b2e8101b00dc6909feaed885,orphaned,normal_hierarchical,block_local,block_local,Block,local_clock_reset,,true,Digital behavior local to the approved block; owned by Digital IPOS.
