section,statement,source,scope,rendered_summary,decision,reason,profile,fact_id,fact_json,contributor_ids,profile_version,profile_fingerprint,projection_adapter,source_record_id,normalized_record_json,unit_id,semantic_unit_json
,"Aim of this document is to explain main features of the ASIC STBIO1, electronic interface of ECG, Bio-impedance, EDA and PPG (Photoplethysmography) embedded in a single die.","Stage 1 OCR page 12, lines 4-5",system,,rejected,projection_gap: no supported functional construction,srs-overview-v1,,,[],1,a55473f28a24d83c9554f6c5dddb0c91bb8addcd2cf92beeecbb7dc0d050cacd,srs-overview,,,,
,ISPU 32-bit processor.,"Stage 1 OCR page 12, lines 35-35",block_local,,rejected,not a provenanced system/architecture descriptive record,srs-overview-v1,,,[],1,a55473f28a24d83c9554f6c5dddb0c91bb8addcd2cf92beeecbb7dc0d050cacd,srs-overview,,,,
,Smart FIFO data collector.,"Stage 1 OCR page 12, lines 36-36",block_local,,rejected,not a provenanced system/architecture descriptive record,srs-overview-v1,,,[],1,a55473f28a24d83c9554f6c5dddb0c91bb8addcd2cf92beeecbb7dc0d050cacd,srs-overview,,,,
,"ADSP is an embedded IP able to elaborate ultra-low-power custom DSP functions. The main purpose of ADSP is to reduce the computation workload on both ISPU and host processor, while saving power through the optimization of both hardware and algorithm.","Stage 1 OCR page 12, lines 38-40",system,,rejected,projection_gap: no supported functional construction,srs-overview-v1,,,[],1,a55473f28a24d83c9554f6c5dddb0c91bb8addcd2cf92beeecbb7dc0d050cacd,srs-overview,,,,
,"ADSP is an embedded IP able to elaborate ultra-low-power custom DSP functions. The main purpose of ADSP is to reduce the computation workload on both ISPU and host processor, while saving power through the optimization of both hardware and algorithm.","Stage 1 OCR page 12, lines 38-40",system,,rejected,named block text not eligible for direct narrative,srs-overview-v1,,,[],1,a55473f28a24d83c9554f6c5dddb0c91bb8addcd2cf92beeecbb7dc0d050cacd,srs-overview,,,,
,"Sensor hub IP can read external sensors by means of an I2C master protocol, enabling data collection in FIFO and embedded elaboration also on external data domain. The data collected by sensor hub is accessible from the Advanced DSP and ISPU, for sensor fusion algorithm elaboration.","Stage 1 OCR page 12, lines 42-45",system,,rejected,named block text not eligible for direct narrative,srs-overview-v1,,,[],1,a55473f28a24d83c9554f6c5dddb0c91bb8addcd2cf92beeecbb7dc0d050cacd,srs-overview,,,,
,Sensor Hub and Elaboration results). The depth of each Sub-FIFO is configurable by regmap. Each Sub-FIFO behavior as a Classic FIFO.,"Stage 1 OCR page 13, lines 17-18",system,,rejected,projection_gap: no supported functional construction,srs-overview-v1,,,[],1,a55473f28a24d83c9554f6c5dddb0c91bb8addcd2cf92beeecbb7dc0d050cacd,srs-overview,,,,
,Sensor Hub and Elaboration results). The depth of each Sub-FIFO is configurable by regmap. Each Sub-FIFO behavior as a Classic FIFO.,"Stage 1 OCR page 13, lines 17-18",system,,rejected,raw/implementation text not eligible for direct narrative,srs-overview-v1,,,[],1,a55473f28a24d83c9554f6c5dddb0c91bb8addcd2cf92beeecbb7dc0d050cacd,srs-overview,,,,
,"PD_TOP1V2: Included block(s): ADSP,, multi_channel_fifo, i2c_spi_slave, main_controller_top, senshub_mst_i2c, pad_mux, pmu, stbio1_regmap, scan_out_mux, xbar_afe. Domain type: Always-On. Control mode: HW. Notes: Always active. • Function: Ensures continuity of critical functions (Data Storage Mode, Sensor-Hub acquisition, FIFO read and write data, Elaboration Mode with ADSP only). • Characteristics: Never powered down. • Control: Managed by hardware.",Stage 1 OCR power-domain table/description (PD_TOP1V2),architecture,,rejected,not a provenanced system/architecture descriptive record,srs-overview-v1,,,[],1,a55473f28a24d83c9554f6c5dddb0c91bb8addcd2cf92beeecbb7dc0d050cacd,srs-overview,,,,
,PD_STREDL: Included block(s): STREDL. Domain type: Switchable. Control mode: SW. Notes: Can be powered down in idle. • Function: Powers the STREDL core and associated cache. • Characteristics: Can be powered down when STREDL is not in use. • Control: Managed via software (power management driver)(see 12.3.1),Stage 1 OCR power-domain table/description (PD_STREDL),architecture,,rejected,not a provenanced system/architecture descriptive record,srs-overview-v1,,,[],1,a55473f28a24d83c9554f6c5dddb0c91bb8addcd2cf92beeecbb7dc0d050cacd,srs-overview,,,,
,PD_TOP3V3: Included block(s): H9A_MEM_OTP_ PUMP_85AL05_2. Domain type: Always-On. Voltage: 3A. Control mode: HW. Notes: Always active. • Function: power supply to the OTP memory block. • Characteristics: Never powered down. It provides 4.7V of power supply to the OTP memory block during programming (write) operations • Control: Managed by hardware.,Stage 1 OCR power-domain table/description (PD_TOP3V3),architecture,,rejected,not a provenanced system/architecture descriptive record,srs-overview-v1,,,[],1,a55473f28a24d83c9554f6c5dddb0c91bb8addcd2cf92beeecbb7dc0d050cacd,srs-overview,,,,
,PD_TOPIO: Included block(s): level_shifter_sel. Domain type: Always-On. Control mode: HW. Notes: Always active 32 10.4.. • Function: Powers communication PAD • Characteristics: Never powered down. • Control: Managed by hardware.,Stage 1 OCR power-domain table/description (PD_TOPIO),architecture,,rejected,not a provenanced system/architecture descriptive record,srs-overview-v1,,,[],1,a55473f28a24d83c9554f6c5dddb0c91bb8addcd2cf92beeecbb7dc0d050cacd,srs-overview,,,,
,STBIO1 is an Analog Front End Device with embedded process capabilities.,"Section 5 STBIO1 toplevel overview, paragraph 007 (page 12)",architecture,,rejected,projection_gap: no supported functional construction,srs-overview-v1,,,[],1,a55473f28a24d83c9554f6c5dddb0c91bb8addcd2cf92beeecbb7dc0d050cacd,srs-overview,,,,
,STBIO1 is an Analog Front End Device with embedded process capabilities.,"Section 5 STBIO1 toplevel overview, paragraph 007 (page 12)",architecture,STBIO1 is an Analog Front End Device with embedded process capabilities.,candidate_only,candidate retained; not rendered in this overview,srs-overview-v1,,,[],1,a55473f28a24d83c9554f6c5dddb0c91bb8addcd2cf92beeecbb7dc0d050cacd,srs-overview,,,,
,"The ECG signal chain has several complementary features supporting ECG measurement, such as driven reference for common-mode rejection and lead off detection to identify a fallen electrode.","Section 5 STBIO1 toplevel overview, paragraph 017 (page 12)",architecture,,rejected,projection_gap: no supported functional construction,srs-overview-v1,,,[],1,a55473f28a24d83c9554f6c5dddb0c91bb8addcd2cf92beeecbb7dc0d050cacd,srs-overview,,,,
,"The ECG signal chain has several complementary features supporting ECG measurement, such as driven reference for common-mode rejection and lead off detection to identify a fallen electrode.","Section 5 STBIO1 toplevel overview, paragraph 017 (page 12)",architecture,"The ECG signal chain has several complementary features supporting ECG measurement, such as driven reference for common-mode rejection and lead off detection to identify a fallen electrode.",candidate_only,candidate retained; not rendered in this overview,srs-overview-v1,,,[],1,a55473f28a24d83c9554f6c5dddb0c91bb8addcd2cf92beeecbb7dc0d050cacd,srs-overview,,,,
,"Sensor hub IP can read external sensors by means of an I2C master protocol, enabling data collection in FIFO and embedded elaboration also on external data domain.","Section 5 STBIO1 toplevel overview, paragraph 042 (page 12)",architecture,,rejected,named block text not eligible for direct narrative,srs-overview-v1,,,[],1,a55473f28a24d83c9554f6c5dddb0c91bb8addcd2cf92beeecbb7dc0d050cacd,srs-overview,,,,
,"The advanced ISPU (32bit proprietary core) is an ultra-low-power, high-performance programmable core which can execute signal processing and AI algorithms in the edge. The","Section 5 STBIO1 toplevel overview, paragraph 047 (page 12)",architecture,,rejected,projection_gap: no supported functional construction,srs-overview-v1,,,[],1,a55473f28a24d83c9554f6c5dddb0c91bb8addcd2cf92beeecbb7dc0d050cacd,srs-overview,,,,
,"Aim of this document is to explain main features of the ASIC STBIO1, electronic interface of ECG, Bio-impedance, EDA and PPG (Photoplethysmography) embedded in a single die.","Section 5 STBIO1 toplevel overview, paragraph 004 (page 12)",architecture,,rejected,projection_gap: no supported functional construction,srs-overview-v1,,,[],1,a55473f28a24d83c9554f6c5dddb0c91bb8addcd2cf92beeecbb7dc0d050cacd,srs-overview,,,,
,The BIA signal chain is designed for body impedance and human breathing measurements with a configurable excitation path and measurement path. BIA channel delivers both the real and the imaginary parts of the body and the breathing impedance.,"Section 5 STBIO1 toplevel overview, paragraph 020 (page 12)",architecture,,rejected,projection_gap: unsupported descriptive clause requires explicit projection,srs-overview-v1,,,[],1,a55473f28a24d83c9554f6c5dddb0c91bb8addcd2cf92beeecbb7dc0d050cacd,srs-overview,,,,
,The BIA signal chain is designed for body impedance and human breathing measurements with a configurable excitation path and measurement path. BIA channel delivers both the real and the imaginary parts of the body and the breathing impedance.,"Section 5 STBIO1 toplevel overview, paragraph 020 (page 12)",architecture,The BIA signal chain is designed for body impedance and human breathing measurements with a configurable excitation path and measurement path. BIA channel delivers both the real and the imaginary parts of the body and the breathing impedance.,candidate_only,candidate retained; not rendered in this overview,srs-overview-v1,,,[],1,a55473f28a24d83c9554f6c5dddb0c91bb8addcd2cf92beeecbb7dc0d050cacd,srs-overview,,,,
,ADSP is an embedded IP able to elaborate ultra-low-power custom DSP functions. The main,"Section 5 STBIO1 toplevel overview, paragraph 038 (page 12)",architecture,,rejected,projection_gap: no supported functional construction,srs-overview-v1,,,[],1,a55473f28a24d83c9554f6c5dddb0c91bb8addcd2cf92beeecbb7dc0d050cacd,srs-overview,,,,
,"FIFO digital IPs oversees data collecting from multiple sources: internal and external data read by sensor hub, meta-data generated from both ADSP and ISPU.","Section 5 STBIO1 toplevel overview, paragraph 006 (page 13)",architecture,,rejected,projection_gap: no supported functional construction,srs-overview-v1,,,[],1,a55473f28a24d83c9554f6c5dddb0c91bb8addcd2cf92beeecbb7dc0d050cacd,srs-overview,,,,
,"FIFO digital IPs oversees data collecting from multiple sources: internal and external data read by sensor hub, meta-data generated from both ADSP and ISPU.","Section 5 STBIO1 toplevel overview, paragraph 006 (page 13)",architecture,,rejected,named block text not eligible for direct narrative,srs-overview-v1,,,[],1,a55473f28a24d83c9554f6c5dddb0c91bb8addcd2cf92beeecbb7dc0d050cacd,srs-overview,,,,
,"All the data are stored inside a Smart FIFO that can be configured as: • Unique FIFO: Classic FIFO, the First Data that is written inside the Memory is also the First that is read.","Section 5 STBIO1 toplevel overview, paragraph 013 (page 13)",architecture,,rejected,projection_gap: no supported functional construction,srs-overview-v1,,,[],1,a55473f28a24d83c9554f6c5dddb0c91bb8addcd2cf92beeecbb7dc0d050cacd,srs-overview,,,,
,"All the data are stored inside a Smart FIFO that can be configured as: • Unique FIFO: Classic FIFO, the First Data that is written inside the Memory is also the First that is read.","Section 5 STBIO1 toplevel overview, paragraph 013 (page 13)",architecture,,rejected,raw/implementation text not eligible for direct narrative,srs-overview-v1,,,[],1,a55473f28a24d83c9554f6c5dddb0c91bb8addcd2cf92beeecbb7dc0d050cacd,srs-overview,,,,
,"o Sleep: where measures are finished, eventually only ADSP and/or ISPU is terminating its algorithms and writing elaborated data in FIFO.","Section 64 Hz., paragraph 028 (page 13)",architecture,,rejected,projection_gap: no supported functional construction,srs-overview-v1,,,[],1,a55473f28a24d83c9554f6c5dddb0c91bb8addcd2cf92beeecbb7dc0d050cacd,srs-overview,,,,
,"o Sleep: where measures are finished, eventually only ADSP and/or ISPU is terminating its algorithms and writing elaborated data in FIFO.","Section 64 Hz., paragraph 028 (page 13)",architecture,,rejected,named block text not eligible for direct narrative,srs-overview-v1,,,[],1,a55473f28a24d83c9554f6c5dddb0c91bb8addcd2cf92beeecbb7dc0d050cacd,srs-overview,,,,
,"Set DS_SEL bit in Device_Config_Channel register to 1 and PPG_ELAB to 0 in General_Parameters_PPG o This will cut the communication between Main Controller and ADSP • Analog control Interface samples ECG and BIA signals from ADC, average and stores data sampled in appropriate in FIFO.","Section 8.1 Data Storage Mode (under Section 8 STBIO1: Functional Modes), paragraph 008 (page 18)",architecture,,rejected,projection_gap: unsupported descriptive clause requires explicit projection,srs-overview-v1,,,[],1,a55473f28a24d83c9554f6c5dddb0c91bb8addcd2cf92beeecbb7dc0d050cacd,srs-overview,,,,
,"Set DS_SEL bit in Device_Config_Channel register to 1 and PPG_ELAB to 0 in General_Parameters_PPG o This will cut the communication between Main Controller and ADSP • Analog control Interface samples ECG and BIA signals from ADC, average and stores data sampled in appropriate in FIFO.","Section 8.1 Data Storage Mode (under Section 8 STBIO1: Functional Modes), paragraph 008 (page 18)",architecture,,rejected,raw/implementation text not eligible for direct narrative,srs-overview-v1,,,[],1,a55473f28a24d83c9554f6c5dddb0c91bb8addcd2cf92beeecbb7dc0d050cacd,srs-overview,,,,
,Analog control Interface samples GSR signal from ADC and stores GSR data raw in FIFO.,"Section 8.1 Data Storage Mode (under Section 8 STBIO1: Functional Modes), paragraph 013 (page 18)",architecture,Analog control Interface samples GSR signal from ADC and stores GSR data raw in FIFO.,candidate_only,candidate retained; not rendered in this overview,srs-overview-v1,,,[],1,a55473f28a24d83c9554f6c5dddb0c91bb8addcd2cf92beeecbb7dc0d050cacd,srs-overview,,,,
,"Analog control Interface samples PPG signal from ADC, average (according to the user's configuration) and stores data in FIFO.","Section 8.1 Data Storage Mode (under Section 8 STBIO1: Functional Modes), paragraph 015 (page 18)",architecture,"Analog control Interface samples PPG signal from ADC, average (according to the user's configuration) and stores data in FIFO.",candidate_only,candidate retained; not rendered in this overview,srs-overview-v1,,,[],1,a55473f28a24d83c9554f6c5dddb0c91bb8addcd2cf92beeecbb7dc0d050cacd,srs-overview,,,,
,"In this case, the ISPU shall read the data from FIFO and can communicate with the ADSP.","Section 8.1 Data Storage Mode (under Section 8 STBIO1: Functional Modes), paragraph 020 (page 18)",architecture,,rejected,projection_gap: no supported functional construction,srs-overview-v1,,,[],1,a55473f28a24d83c9554f6c5dddb0c91bb8addcd2cf92beeecbb7dc0d050cacd,srs-overview,,,,
,"In this case, the ISPU shall read the data from FIFO and can communicate with the ADSP.","Section 8.1 Data Storage Mode (under Section 8 STBIO1: Functional Modes), paragraph 020 (page 18)",architecture,,rejected,raw/implementation text not eligible for direct narrative,srs-overview-v1,,,[],1,a55473f28a24d83c9554f6c5dddb0c91bb8addcd2cf92beeecbb7dc0d050cacd,srs-overview,,,,
,"Set DS_SEL bit in Device_Config_Channel register to 0 o Set PPG_ELAB to 1 if also PPG data shall be elaborated by the ADSP • Analog control Interface samples of ECG, BIA or GSR from ADC, average and stores data sampled in appropriate registers (SYSTEM REGISTERS from 0x007C to 0x0094) accessible by ADSP and other AHB Master.","Section 8.2 Normal Mode (under Section 8 STBIO1: Functional Modes), paragraph 024 (page 18)",architecture,,rejected,raw/implementation text not eligible for direct narrative,srs-overview-v1,,,[],1,a55473f28a24d83c9554f6c5dddb0c91bb8addcd2cf92beeecbb7dc0d050cacd,srs-overview,,,,
,"o If PPG_ELAB is set to 1, ADSP Shall read PPG Raw Data Directly from FIFO • Finished processing phase ADSP stores elaborated data in FIFO.","Section 8.2 Normal Mode (under Section 8 STBIO1: Functional Modes), paragraph 032 (page 18)",architecture,,rejected,projection_gap: no supported functional construction,srs-overview-v1,,,[],1,a55473f28a24d83c9554f6c5dddb0c91bb8addcd2cf92beeecbb7dc0d050cacd,srs-overview,,,,
,"o If PPG_ELAB is set to 1, ADSP Shall read PPG Raw Data Directly from FIFO • Finished processing phase ADSP stores elaborated data in FIFO.","Section 8.2 Normal Mode (under Section 8 STBIO1: Functional Modes), paragraph 032 (page 18)",architecture,,rejected,raw/implementation text not eligible for direct narrative,srs-overview-v1,,,[],1,a55473f28a24d83c9554f6c5dddb0c91bb8addcd2cf92beeecbb7dc0d050cacd,srs-overview,,,,
,"In this mode, the ADSP is turned off, but it's possible to turn on the ISPU before the start of a measurement Cycle. In this case, the ISPU shall read the data from FIFO and can","Section 8.1 Data Storage Mode (under Section 8 STBIO1: Functional Modes), paragraph 019 (page 18)",architecture,,rejected,projection_gap: no supported functional construction,srs-overview-v1,,,[],1,a55473f28a24d83c9554f6c5dddb0c91bb8addcd2cf92beeecbb7dc0d050cacd,srs-overview,,,,
,"In this mode, the ADSP is turned off, but it's possible to turn on the ISPU before the start of a measurement Cycle. In this case, the ISPU shall read the data from FIFO and can","Section 8.1 Data Storage Mode (under Section 8 STBIO1: Functional Modes), paragraph 019 (page 18)",architecture,,rejected,raw/implementation text not eligible for direct narrative,srs-overview-v1,,,[],1,a55473f28a24d83c9554f6c5dddb0c91bb8addcd2cf92beeecbb7dc0d050cacd,srs-overview,,,,
,"ECG, BIA or GSR data raw in SYSTEM REGISTERS are processed by ADSP.","Section 8.2 Normal Mode (under Section 8 STBIO1: Functional Modes), paragraph 031 (page 18)",architecture,,rejected,named block text not eligible for direct narrative,srs-overview-v1,,,[],1,a55473f28a24d83c9554f6c5dddb0c91bb8addcd2cf92beeecbb7dc0d050cacd,srs-overview,,,,
,In this mode is possible to turn on the ISPU to work with raw data and/or ADSP elaborated Data.,"Section 8.2 Normal Mode (under Section 8 STBIO1: Functional Modes), paragraph 035 (page 18)",architecture,,rejected,projection_gap: no supported functional construction,srs-overview-v1,,,[],1,a55473f28a24d83c9554f6c5dddb0c91bb8addcd2cf92beeecbb7dc0d050cacd,srs-overview,,,,
,In this mode is possible to turn on the ISPU to work with raw data and/or ADSP elaborated Data.,"Section 8.2 Normal Mode (under Section 8 STBIO1: Functional Modes), paragraph 035 (page 18)",architecture,,rejected,named block text not eligible for direct narrative,srs-overview-v1,,,[],1,a55473f28a24d83c9554f6c5dddb0c91bb8addcd2cf92beeecbb7dc0d050cacd,srs-overview,,,,
,This document paragraph describes the Power Domain architecture implemented in the STBIO1.,"Section 10.1 Introduction (under Section 10 Power Domains), paragraph 031 (page 31)",architecture,,rejected,projection_gap: no supported functional construction,srs-overview-v1,,,[],1,a55473f28a24d83c9554f6c5dddb0c91bb8addcd2cf92beeecbb7dc0d050cacd,srs-overview,,,,
,Retention Domain: Domain that retains register state even when the main logic is powered down.,"Section 10.2 Definitions (under Section 10 Power Domains), paragraph 011 (page 32)",architecture,,rejected,projection_gap: no supported functional construction,srs-overview-v1,,,[],1,a55473f28a24d83c9554f6c5dddb0c91bb8addcd2cf92beeecbb7dc0d050cacd,srs-overview,,,,
,Retention Domain: Domain that retains register state even when the main logic is powered down.,"Section 10.2 Definitions (under Section 10 Power Domains), paragraph 011 (page 32)",architecture,,rejected,raw/implementation text not eligible for direct narrative,srs-overview-v1,,,[],1,a55473f28a24d83c9554f6c5dddb0c91bb8addcd2cf92beeecbb7dc0d050cacd,srs-overview,,,,
,"Power Domain (PD): A set of logic blocks sharing the same power supply, which can be powered on/off independently.","Section 10.2 Definitions (under Section 10 Power Domains), paragraph 007 (page 32)",architecture,,rejected,projection_gap: no supported functional construction,srs-overview-v1,,,[],1,a55473f28a24d83c9554f6c5dddb0c91bb8addcd2cf92beeecbb7dc0d050cacd,srs-overview,,,,
,"Power Domain (PD): A set of logic blocks sharing the same power supply, which can be powered on/off independently.","Section 10.2 Definitions (under Section 10 Power Domains), paragraph 007 (page 32)",architecture,"Power Domain (PD): A set of logic blocks sharing the same power supply, which can be powered on/off independently.",candidate_only,candidate retained; not rendered in this overview,srs-overview-v1,,,[],1,a55473f28a24d83c9554f6c5dddb0c91bb8addcd2cf92beeecbb7dc0d050cacd,srs-overview,,,,
,"Always-On Domain (AON): Domain that is always powered, even in low-power modes.","Section 10.2 Definitions (under Section 10 Power Domains), paragraph 009 (page 32)",architecture,,rejected,projection_gap: no supported functional construction,srs-overview-v1,,,[],1,a55473f28a24d83c9554f6c5dddb0c91bb8addcd2cf92beeecbb7dc0d050cacd,srs-overview,,,,
,"Always-On Domain (AON): Domain that is always powered, even in low-power modes.","Section 10.2 Definitions (under Section 10 Power Domains), paragraph 009 (page 32)",architecture,"Always-On Domain (AON): Domain that is always powered, even in low-power modes.",candidate_only,candidate retained; not rendered in this overview,srs-overview-v1,,,[],1,a55473f28a24d83c9554f6c5dddb0c91bb8addcd2cf92beeecbb7dc0d050cacd,srs-overview,,,,
,"Function: Ensures continuity of critical functions (Data Storage Mode, Sensor-Hub acquisition, FIFO read and write data, Elaboration Mode with ADSP only).","Section 10.4.1 PD_TOP1V2 (under Section 10.4 Power Domain Descriptions), paragraph 005 (page 33)",architecture,,rejected,projection_gap: no supported functional construction,srs-overview-v1,,,[],1,a55473f28a24d83c9554f6c5dddb0c91bb8addcd2cf92beeecbb7dc0d050cacd,srs-overview,,,,
,"Function: Ensures continuity of critical functions (Data Storage Mode, Sensor-Hub acquisition, FIFO read and write data, Elaboration Mode with ADSP only).","Section 10.4.1 PD_TOP1V2 (under Section 10.4 Power Domain Descriptions), paragraph 005 (page 33)",architecture,,rejected,named block text not eligible for direct narrative,srs-overview-v1,,,[],1,a55473f28a24d83c9554f6c5dddb0c91bb8addcd2cf92beeecbb7dc0d050cacd,srs-overview,,,,
,It provides 4.7V of power supply to the OTP memory block during programming (write) operations • Control: Managed by hardware.,"Section 10.4.3 PD_TOP3V3 (under Section 10.4 Power Domain Descriptions), paragraph 015 (page 33)",architecture,,rejected,projection_gap: no supported functional construction,srs-overview-v1,,,[],1,a55473f28a24d83c9554f6c5dddb0c91bb8addcd2cf92beeecbb7dc0d050cacd,srs-overview,,,,
,It provides 4.7V of power supply to the OTP memory block during programming (write) operations • Control: Managed by hardware.,"Section 10.4.3 PD_TOP3V3 (under Section 10.4 Power Domain Descriptions), paragraph 015 (page 33)",architecture,,rejected,raw/implementation text not eligible for direct narrative,srs-overview-v1,,,[],1,a55473f28a24d83c9554f6c5dddb0c91bb8addcd2cf92beeecbb7dc0d050cacd,srs-overview,,,,
,Clocks scheme is shown in the above figure Req_ID Source Target Path Delay Clock Gating Analog Control and Description F Max Requirements Definition DDS_STBIO1_1020 stbio1_top.,"Section 13.1.1.4 Clocks and Reset (under Section 13.1.1 PMU), paragraph 009 (page 45)",block_local,,rejected,not a provenanced system/architecture descriptive record,srs-overview-v1,,,[],1,a55473f28a24d83c9554f6c5dddb0c91bb8addcd2cf92beeecbb7dc0d050cacd,srs-overview,,,,
,In the following table are reported the Pad Configuration for each operative mode of the device.,"Section 13.1.2 PAD Mux (under Section 13 Modules), paragraph 004 (page 49)",architecture,,rejected,projection_gap: no supported functional construction,srs-overview-v1,,,[],1,a55473f28a24d83c9554f6c5dddb0c91bb8addcd2cf92beeecbb7dc0d050cacd,srs-overview,,,,
,gpio2_irq_sel=4) input force = V1V2 SUPPLY (en=1) force = V1V2 SUPPLY (en=1) ck_64k ADC in - tdo GPIO3/PMBF Analog General-Purpose irq_fifo (IRQ_SEL1.,"Section 13.1.2.2 Requirements (under Section 13.1.2 PAD Mux), paragraph 079 (page 58)",block_local,,rejected,not a provenanced system/architecture descriptive record,srs-overview-v1,,,[],1,a55473f28a24d83c9554f6c5dddb0c91bb8addcd2cf92beeecbb7dc0d050cacd,srs-overview,,,,
,"The Main Controller is in charge of generating and receiving all the control signals for the Analog Domain, furthermore, performs DSP elaboration on ADC Output and writes it in different Address.","Section 13.1.3.1 Main Controller TOP Description (under Section 13.1.3 Main Controller TOP), paragraph 004 (page 74)",block_local,,rejected,not a provenanced system/architecture descriptive record,srs-overview-v1,,,[],1,a55473f28a24d83c9554f6c5dddb0c91bb8addcd2cf92beeecbb7dc0d050cacd,srs-overview,,,,
,"next chapter. Together with the Analog Domain, this IP is interfaced with the FIFO Controller, the ADSP and the PMU, these last two will not be described in this document. The IP is divided into","Section 13.1.3.1 Main Controller TOP Description (under Section 13.1.3 Main Controller TOP), paragraph 008 (page 74)",block_local,,rejected,not a provenanced system/architecture descriptive record,srs-overview-v1,,,[],1,a55473f28a24d83c9554f6c5dddb0c91bb8addcd2cf92beeecbb7dc0d050cacd,srs-overview,,,,
,"Main Controller manage all the Analog domain, so all its requirements shall be considered as High Priority.","Section 13.1.3.3 Main Controller Peculiar Requirements (under Section 13.1.3 Main Controller TOP), paragraph 022 (page 85)",block_local,,rejected,not a provenanced system/architecture descriptive record,srs-overview-v1,,,[],1,a55473f28a24d83c9554f6c5dddb0c91bb8addcd2cf92beeecbb7dc0d050cacd,srs-overview,,,,
,The selected OTP memory has a data bit cut size of 640 bits with an 8-bit word size.,"Section 13.2.1.1 ADSP Peculiar Requirements (under Section 13.2.1 ADSP integration), paragraph 036 (page 87)",block_local,,rejected,not a provenanced system/architecture descriptive record,srs-overview-v1,,,[],1,a55473f28a24d83c9554f6c5dddb0c91bb8addcd2cf92beeecbb7dc0d050cacd,srs-overview,,,,
,The same register also contain a SOFT_RESET bit used to trigger the corresponding soft reset routine.,"Section 13.2.1.1.2 Requirements (under Section 13.2.1.1 ADSP Peculiar Requirements), paragraph 034 (page 89)",block_local,,rejected,not a provenanced system/architecture descriptive record,srs-overview-v1,,,[],1,a55473f28a24d83c9554f6c5dddb0c91bb8addcd2cf92beeecbb7dc0d050cacd,srs-overview,,,,
,Port name Direction Type TOP CONNECTION rst_n input POR i_if_cs input CS for SPI interface o_if_cs_tud output Control for CS PAD.,"Section 13.2.2 I2C_SPI_AHB integration (under Section 13.2 IPs), paragraph 044 (page 99)",architecture,,rejected,projection_gap: no supported functional construction,srs-overview-v1,,,[],1,a55473f28a24d83c9554f6c5dddb0c91bb8addcd2cf92beeecbb7dc0d050cacd,srs-overview,,,,
,Port name Direction Type TOP CONNECTION rst_n input POR i_if_cs input CS for SPI interface o_if_cs_tud output Control for CS PAD.,"Section 13.2.2 I2C_SPI_AHB integration (under Section 13.2 IPs), paragraph 044 (page 99)",architecture,,rejected,raw/implementation text not eligible for direct narrative,srs-overview-v1,,,[],1,a55473f28a24d83c9554f6c5dddb0c91bb8addcd2cf92beeecbb7dc0d050cacd,srs-overview,,,,
,"i2c_hs_mode 1'b0 To activate HS I2C [DDS_STBIO1_8102] i2c_master_code 8'h00 Master code for HS I2C [DDS_STBIO1_8103] ser_mode ""i2c_spi"" To choose if the interface is SPI only, I2C only or both.","Section 13.2.2 I2C_SPI_AHB integration (under Section 13.2 IPs), paragraph 026 (page 99)",architecture,,rejected,projection_gap: no supported functional construction,srs-overview-v1,,,[],1,a55473f28a24d83c9554f6c5dddb0c91bb8addcd2cf92beeecbb7dc0d050cacd,srs-overview,,,,
,"i2c_hs_mode 1'b0 To activate HS I2C [DDS_STBIO1_8102] i2c_master_code 8'h00 Master code for HS I2C [DDS_STBIO1_8103] ser_mode ""i2c_spi"" To choose if the interface is SPI only, I2C only or both.","Section 13.2.2 I2C_SPI_AHB integration (under Section 13.2 IPs), paragraph 026 (page 99)",architecture,,rejected,raw/implementation text not eligible for direct narrative,srs-overview-v1,,,[],1,a55473f28a24d83c9554f6c5dddb0c91bb8addcd2cf92beeecbb7dc0d050cacd,srs-overview,,,,
,i_if_sda_sdi_in input SDA/SDI from pad o_if_sda_sdi_en_n output SDA/SDI pad enable o_if_sda_sdi_out output SDA/SDI to pad o_ctrl_reg_7 output [7:0] 8 configuration bit set by local register (addr.,"Section 13.2.2 I2C_SPI_AHB integration (under Section 13.2 IPs), paragraph 003 (page 100)",architecture,,rejected,projection_gap: no supported functional construction,srs-overview-v1,,,[],1,a55473f28a24d83c9554f6c5dddb0c91bb8addcd2cf92beeecbb7dc0d050cacd,srs-overview,,,,
,i_if_sda_sdi_in input SDA/SDI from pad o_if_sda_sdi_en_n output SDA/SDI pad enable o_if_sda_sdi_out output SDA/SDI to pad o_ctrl_reg_7 output [7:0] 8 configuration bit set by local register (addr.,"Section 13.2.2 I2C_SPI_AHB integration (under Section 13.2 IPs), paragraph 003 (page 100)",architecture,,rejected,raw/implementation text not eligible for direct narrative,srs-overview-v1,,,[],1,a55473f28a24d83c9554f6c5dddb0c91bb8addcd2cf92beeecbb7dc0d050cacd,srs-overview,,,,
,Pulse on AHB clock to inform system that AHB clock can be switched off o_ahb_error output Error on AHB side.,"Section 13.2.2 I2C_SPI_AHB integration (under Section 13.2 IPs), paragraph 004 (page 101)",architecture,,rejected,projection_gap: no supported functional construction,srs-overview-v1,,,[],1,a55473f28a24d83c9554f6c5dddb0c91bb8addcd2cf92beeecbb7dc0d050cacd,srs-overview,,,,
,Pulse on AHB clock to inform system that AHB clock can be switched off o_ahb_error output Error on AHB side.,"Section 13.2.2 I2C_SPI_AHB integration (under Section 13.2 IPs), paragraph 004 (page 101)",architecture,,rejected,raw/implementation text not eligible for direct narrative,srs-overview-v1,,,[],1,a55473f28a24d83c9554f6c5dddb0c91bb8addcd2cf92beeecbb7dc0d050cacd,srs-overview,,,,
,[DDS_STBIO1_9000] Description Sensor hub IP is an IP used to read up-to 4 external I2C devices.,"Section 13.2.3.1 SensorHub Peculiar Requirements (under Section 13.2.3 SensorHub integration), paragraph 005 (page 109)",block_local,,rejected,not a provenanced system/architecture descriptive record,srs-overview-v1,,,[],1,a55473f28a24d83c9554f6c5dddb0c91bb8addcd2cf92beeecbb7dc0d050cacd,srs-overview,,,,
,Input sys_clk of sensor hub shall be connected to 8MHz clock to generate I2C communications compliant with FM+ I2C standard.,"Section 13.2.3.1 SensorHub Peculiar Requirements (under Section 13.2.3 SensorHub integration), paragraph 003 (page 110)",block_local,,rejected,not a provenanced system/architecture descriptive record,srs-overview-v1,,,[],1,a55473f28a24d83c9554f6c5dddb0c91bb8addcd2cf92beeecbb7dc0d050cacd,srs-overview,,,,
,All the values shall be tested since MasterBlaze supports up-to 4 I2C targets connected to I2C network.,"Section 13.2.3.1 SensorHub Peculiar Requirements (under Section 13.2.3 SensorHub integration), paragraph 027 (page 110)",block_local,,rejected,not a provenanced system/architecture descriptive record,srs-overview-v1,,,[],1,a55473f28a24d83c9554f6c5dddb0c91bb8addcd2cf92beeecbb7dc0d050cacd,srs-overview,,,,
,"[TO: IPOS_FIFO_CTRL_89455449] [End] [DDS_STBIO1_89455232] Requirement: As default, the FIFO shall work in Unique FIFO Mode.","Section 13.2.4.1 FIFO_CTRL Peculiar Requirements (under Section 13.2.4 FIFO_CTRL integration), paragraph 030 (page 113)",block_local,,rejected,not a provenanced system/architecture descriptive record,srs-overview-v1,,,[],1,a55473f28a24d83c9554f6c5dddb0c91bb8addcd2cf92beeecbb7dc0d050cacd,srs-overview,,,,
,[TO: IPOS_FIFO_CTRL_89455232] [End] [DDS_STBIO1_89456975] Requirement: The user shall select the Multiple FIFO mode setting to 1 the first bit into the FIFO_CFG_MODE and 0 for the Unique FIFO mode.,"Section 13.2.4.1 FIFO_CTRL Peculiar Requirements (under Section 13.2.4 FIFO_CTRL integration), paragraph 034 (page 113)",block_local,,rejected,not a provenanced system/architecture descriptive record,srs-overview-v1,,,[],1,a55473f28a24d83c9554f6c5dddb0c91bb8addcd2cf92beeecbb7dc0d050cacd,srs-overview,,,,
,[TO: IPOS_FIFO_CTRL_89456975] [End] [DDS_STBIO1_89457435] Requirement: The FIFO Controller shall have a 6 i_depth input of 8 bit to be used in Multiple FIFO Mode to define the depth of each subFIFOs.,"Section 13.2.4.1 FIFO_CTRL Peculiar Requirements (under Section 13.2.4 FIFO_CTRL integration), paragraph 039 (page 113)",block_local,,rejected,not a provenanced system/architecture descriptive record,srs-overview-v1,,,[],1,a55473f28a24d83c9554f6c5dddb0c91bb8addcd2cf92beeecbb7dc0d050cacd,srs-overview,,,,
,"[TO: IPOS_FIFO_CTRL_89457790] [End] [DDS_STBIO1_00000008] Requirement: If input signal HMASTER is set to 0 or 1, the FIFO Controller shall enter Memory mode.","Section 13.2.4.1 FIFO_CTRL Peculiar Requirements (under Section 13.2.4 FIFO_CTRL integration), paragraph 015 (page 114)",block_local,,rejected,not a provenanced system/architecture descriptive record,srs-overview-v1,,,[],1,a55473f28a24d83c9554f6c5dddb0c91bb8addcd2cf92beeecbb7dc0d050cacd,srs-overview,,,,
,"ca_stredl_bist_c_sif_reg_e n input BIST Enable for various types of data transfer (Bitmap, memory selection, programma ble algorithms) through serial interface.","Section 13.3 ISPU integration (under Section 13 Modules), paragraph 015 (page 121)",architecture,,rejected,projection_gap: no supported functional construction,srs-overview-v1,,,[],1,a55473f28a24d83c9554f6c5dddb0c91bb8addcd2cf92beeecbb7dc0d050cacd,srs-overview,,,,
,"ca_stredl_bist_c_sif_reg_e n input BIST Enable for various types of data transfer (Bitmap, memory selection, programma ble algorithms) through serial interface.","Section 13.3 ISPU integration (under Section 13 Modules), paragraph 015 (page 121)",architecture,,rejected,raw/implementation text not eligible for direct narrative,srs-overview-v1,,,[],1,a55473f28a24d83c9554f6c5dddb0c91bb8addcd2cf92beeecbb7dc0d050cacd,srs-overview,,,,
,ca_stredl_bist_c_tst_gated clock input BIST Clock Gating Signal for the entire BIST.,"Section 13.3 ISPU integration (under Section 13 Modules), paragraph 008 (page 127)",architecture,,rejected,projection_gap: no supported functional construction,srs-overview-v1,,,[],1,a55473f28a24d83c9554f6c5dddb0c91bb8addcd2cf92beeecbb7dc0d050cacd,srs-overview,,,,
,ca_stredl_bist_c_tst_gated clock input BIST Clock Gating Signal for the entire BIST.,"Section 13.3 ISPU integration (under Section 13 Modules), paragraph 008 (page 127)",architecture,,rejected,raw/implementation text not eligible for direct narrative,srs-overview-v1,,,[],1,a55473f28a24d83c9554f6c5dddb0c91bb8addcd2cf92beeecbb7dc0d050cacd,srs-overview,,,,
,Used to force clock gating cell transparenc y in ATPG mode .,"Section 13.3 ISPU integration (under Section 13 Modules), paragraph 014 (page 127)",architecture,,rejected,projection_gap: no supported functional construction,srs-overview-v1,,,[],1,a55473f28a24d83c9554f6c5dddb0c91bb8addcd2cf92beeecbb7dc0d050cacd,srs-overview,,,,
,Used to force clock gating cell transparenc y in ATPG mode .,"Section 13.3 ISPU integration (under Section 13 Modules), paragraph 014 (page 127)",architecture,,rejected,raw/implementation text not eligible for direct narrative,srs-overview-v1,,,[],1,a55473f28a24d83c9554f6c5dddb0c91bb8addcd2cf92beeecbb7dc0d050cacd,srs-overview,,,,
,allows to force reset synchronizin g circuit transparenc y in ATPG mode.,"Section 13.3 ISPU integration (under Section 13 Modules), paragraph 029 (page 127)",architecture,,rejected,projection_gap: no supported functional construction,srs-overview-v1,,,[],1,a55473f28a24d83c9554f6c5dddb0c91bb8addcd2cf92beeecbb7dc0d050cacd,srs-overview,,,,
,allows to force reset synchronizin g circuit transparenc y in ATPG mode.,"Section 13.3 ISPU integration (under Section 13 Modules), paragraph 029 (page 127)",architecture,,rejected,raw/implementation text not eligible for direct narrative,srs-overview-v1,,,[],1,a55473f28a24d83c9554f6c5dddb0c91bb8addcd2cf92beeecbb7dc0d050cacd,srs-overview,,,,
,"The device is configurable/readable by the I2C/AHB bridge. This IP is in charge of take an I2C/SPI access and (eventually) transform it into an AHB transaction, to allow the configuration/reading of the device using the ISPU.","Section 13.4.1 STBIO1 Register Map (under Section 13.4 STBIO1 Register Map), paragraph 059 (page 133)",block_local,,rejected,not a provenanced system/architecture descriptive record,srs-overview-v1,,,[],1,a55473f28a24d83c9554f6c5dddb0c91bb8addcd2cf92beeecbb7dc0d050cacd,srs-overview,,,,
,"The AFE_BLOCK registers are accessible by I2C/SPI direct access and AHB interface, while the others are only by AHB.","Section 13.4.1 STBIO1 Register Map (under Section 13.4 STBIO1 Register Map), paragraph 009 (page 133)",block_local,,rejected,not a provenanced system/architecture descriptive record,srs-overview-v1,,,[],1,a55473f28a24d83c9554f6c5dddb0c91bb8addcd2cf92beeecbb7dc0d050cacd,srs-overview,,,,
,The I2C/SPI direct access mode is done by the HOST INTF port (I2C/SPI AHB) and the address of the AFE_BLOCK registers are arranged in 4 pages of 64 registers.,"Section 13.4.1 STBIO1 Register Map (under Section 13.4 STBIO1 Register Map), paragraph 011 (page 133)",block_local,,rejected,not a provenanced system/architecture descriptive record,srs-overview-v1,,,[],1,a55473f28a24d83c9554f6c5dddb0c91bb8addcd2cf92beeecbb7dc0d050cacd,srs-overview,,,,
,"To enable AHB Access, it needs using I2C/SPI direct access mode, for: • First turn-on the LDO1V8 and the Fast-Ring Oscillator (set EN_LDO1V8 and EN_CLKF of VIREF_LDO1V8_CLK16M, see address in the Table 34).","Section 2 AFE_BLOCK register R/W -> Read/Write the AFE_BLOCK register with the address (under Section 13.4.1 STBIO1 Register Map), paragraph 025 (page 134)",block_local,,rejected,not a provenanced system/architecture descriptive record,srs-overview-v1,,,[],1,a55473f28a24d83c9554f6c5dddb0c91bb8addcd2cf92beeecbb7dc0d050cacd,srs-overview,,,,
,"ow it's possible to configure the registers that are mapped on AHB_Interface as explained in the following example: • Run an I2C/SPI transaction, with the type of AHB access word/byte, at the address 0x59 (one of I2C/SPI Internal Configuration Registers).","Section 2 AFE_BLOCK register R/W -> Read/Write the AFE_BLOCK register with the address (under Section 13.4.1 STBIO1 Register Map), paragraph 031 (page 134)",block_local,,rejected,not a provenanced system/architecture descriptive record,srs-overview-v1,,,[],1,a55473f28a24d83c9554f6c5dddb0c91bb8addcd2cf92beeecbb7dc0d050cacd,srs-overview,,,,
,"Run an I2C/SPI transaction, with the register address that you want to configure, at the address 0x50 (one of I2C/SPI Internal Configuration Registers), starting from the LSB. In other word, if you need to access at register VIREF_LDO1V8_CLK16M at AHB address","Section 2 AFE_BLOCK register R/W -> Read/Write the AFE_BLOCK register with the address (under Section 13.4.1 STBIO1 Register Map), paragraph 035 (page 134)",block_local,,rejected,not a provenanced system/architecture descriptive record,srs-overview-v1,,,[],1,a55473f28a24d83c9554f6c5dddb0c91bb8addcd2cf92beeecbb7dc0d050cacd,srs-overview,,,,
,"In other word, if you need to access at register VIREF_LDO1V8_CLK16M at AHB address 0x000C_00CF, you have to perform four I2C/SPI accesses to write: o At address 0x50 0xCF o At address 0x51 0x00 o At address 0x52 0x0C o At address 0x53 → 0x00 • Run an I2C/SPI write, of the new data, at address 0x60 (one of I2C/SPI Internal Configuration Registers).","Section 2 AFE_BLOCK register R/W -> Read/Write the AFE_BLOCK register with the address (under Section 13.4.1 STBIO1 Register Map), paragraph 036 (page 134)",block_local,,rejected,not a provenanced system/architecture descriptive record,srs-overview-v1,,,[],1,a55473f28a24d83c9554f6c5dddb0c91bb8addcd2cf92beeecbb7dc0d050cacd,srs-overview,,,,
,"Run an I2C/SPI read transition, with the number of byte that you read, at address 0x68 (one of I2C/SPI Internal Configuration Registers).","Section 2 AFE_BLOCK register R/W -> Read/Write the AFE_BLOCK register with the address (under Section 13.4.1 STBIO1 Register Map), paragraph 046 (page 134)",block_local,,rejected,not a provenanced system/architecture descriptive record,srs-overview-v1,,,[],1,a55473f28a24d83c9554f6c5dddb0c91bb8addcd2cf92beeecbb7dc0d050cacd,srs-overview,,,,
,"The only registers that are accessible also by an I2C/SPI direct access, are the ones of the AFE BLOCK section.","Section 13.4.1 STBIO1 Register Map (under Section 13.4 STBIO1 Register Map), paragraph 003 (page 134)",block_local,,rejected,not a provenanced system/architecture descriptive record,srs-overview-v1,,,[],1,a55473f28a24d83c9554f6c5dddb0c91bb8addcd2cf92beeecbb7dc0d050cacd,srs-overview,,,,
,The I2C/SPI direct access mode is done by the HOST INTF port (I2C/SPI AHB) and the address of the AFE_BLOCK registers are arranged in 4 pages of 64 registers (Table 24).,"Section 13.4.1 STBIO1 Register Map (under Section 13.4 STBIO1 Register Map), paragraph 006 (page 134)",block_local,,rejected,not a provenanced system/architecture descriptive record,srs-overview-v1,,,[],1,a55473f28a24d83c9554f6c5dddb0c91bb8addcd2cf92beeecbb7dc0d050cacd,srs-overview,,,,
,"To reach a very Low-Power consumption, the AHB interface is disabled as default.","Section 13.4.1 STBIO1 Register Map (under Section 13.4 STBIO1 Register Map), paragraph 005 (page 134)",block_local,,rejected,not a provenanced system/architecture descriptive record,srs-overview-v1,,,[],1,a55473f28a24d83c9554f6c5dddb0c91bb8addcd2cf92beeecbb7dc0d050cacd,srs-overview,,,,
,"Run an I2C/SPI transaction with the data that you want to read, at address loaded into the previous step, at the address 0x70 (one of I2C/SPI Internal Configuration Registers).","Section 2 AFE_BLOCK register R/W -> Read/Write the AFE_BLOCK register with the address, paragraph 003 (page 135)",architecture,,rejected,projection_gap: no supported functional construction,srs-overview-v1,,,[],1,a55473f28a24d83c9554f6c5dddb0c91bb8addcd2cf92beeecbb7dc0d050cacd,srs-overview,,,,
,"Run an I2C/SPI transaction with the data that you want to read, at address loaded into the previous step, at the address 0x70 (one of I2C/SPI Internal Configuration Registers).","Section 2 AFE_BLOCK register R/W -> Read/Write the AFE_BLOCK register with the address, paragraph 003 (page 135)",architecture,,rejected,raw/implementation text not eligible for direct narrative,srs-overview-v1,,,[],1,a55473f28a24d83c9554f6c5dddb0c91bb8addcd2cf92beeecbb7dc0d050cacd,srs-overview,,,,
,"It's possible remap the whole AFE register map with AHB addresses column “AHB Start Address” of Table 34), included the AFE_BLOCK block: in this case each registers is accessible with own AHB address (AHB start address + offset) and the I2C/SPI access to these registers must follow the previous procedure.","Section 2 AFE_BLOCK register R/W -> Read/Write the AFE_BLOCK register with the address, paragraph 006 (page 135)",architecture,,rejected,projection_gap: no supported functional construction,srs-overview-v1,,,[],1,a55473f28a24d83c9554f6c5dddb0c91bb8addcd2cf92beeecbb7dc0d050cacd,srs-overview,,,,
,"It's possible remap the whole AFE register map with AHB addresses column “AHB Start Address” of Table 34), included the AFE_BLOCK block: in this case each registers is accessible with own AHB address (AHB start address + offset) and the I2C/SPI access to these registers must follow the previous procedure.","Section 2 AFE_BLOCK register R/W -> Read/Write the AFE_BLOCK register with the address, paragraph 006 (page 135)",architecture,,rejected,raw/implementation text not eligible for direct narrative,srs-overview-v1,,,[],1,a55473f28a24d83c9554f6c5dddb0c91bb8addcd2cf92beeecbb7dc0d050cacd,srs-overview,,,,
,"This procedure is useful when you are thinking of configuring the STBIO1 by ISPU (with a code previously charged in code memory), leaving to host interface (I2C/SPI) the rule to collect the data from FIFO after AFE sampling and processing phases.","Section 2 AFE_BLOCK register R/W -> Read/Write the AFE_BLOCK register with the address, paragraph 012 (page 135)",architecture,,rejected,projection_gap: no supported functional construction,srs-overview-v1,,,[],1,a55473f28a24d83c9554f6c5dddb0c91bb8addcd2cf92beeecbb7dc0d050cacd,srs-overview,,,,
,"This procedure is useful when you are thinking of configuring the STBIO1 by ISPU (with a code previously charged in code memory), leaving to host interface (I2C/SPI) the rule to collect the data from FIFO after AFE sampling and processing phases.","Section 2 AFE_BLOCK register R/W -> Read/Write the AFE_BLOCK register with the address, paragraph 012 (page 135)",architecture,,rejected,named block text not eligible for direct narrative,srs-overview-v1,,,[],1,a55473f28a24d83c9554f6c5dddb0c91bb8addcd2cf92beeecbb7dc0d050cacd,srs-overview,,,,
,The start and the end of a Measurement Cycle is selected by the writing of the dedicated register as described in following examples.,"Section 15.2 Configuration Phase (under Section 15 Measurement Cycle Examples), paragraph 005 (page 147)",architecture,,rejected,projection_gap: no supported functional construction,srs-overview-v1,,,[],1,a55473f28a24d83c9554f6c5dddb0c91bb8addcd2cf92beeecbb7dc0d050cacd,srs-overview,,,,
,The start and the end of a Measurement Cycle is selected by the writing of the dedicated register as described in following examples.,"Section 15.2 Configuration Phase (under Section 15 Measurement Cycle Examples), paragraph 005 (page 147)",architecture,,rejected,raw/implementation text not eligible for direct narrative,srs-overview-v1,,,[],1,a55473f28a24d83c9554f6c5dddb0c91bb8addcd2cf92beeecbb7dc0d050cacd,srs-overview,,,,
,"This configuration generates each time slot, two averaged ECG data, which are ECG AC and ECG DC, respectively.","Section 15.3.1 ECG Only (under Section 15.3 Measurement Cycle), paragraph 004 (page 148)",architecture,,rejected,projection_gap: no supported functional construction,srs-overview-v1,,,[],1,a55473f28a24d83c9554f6c5dddb0c91bb8addcd2cf92beeecbb7dc0d050cacd,srs-overview,,,,
,"This configuration generates each time slot, two averaged ECG data, which are ECG AC and ECG DC, respectively.","Section 15.3.1 ECG Only (under Section 15.3 Measurement Cycle), paragraph 004 (page 148)",architecture,"This configuration generates each time slot, two averaged ECG data, which are ECG AC and ECG DC, respectively.",candidate_only,candidate retained; not rendered in this overview,srs-overview-v1,,,[],1,a55473f28a24d83c9554f6c5dddb0c91bb8addcd2cf92beeecbb7dc0d050cacd,srs-overview,,,,
,"This configuration generates each time slot, two averaged ECG data, which are ECG AC and ECG DC, respectively and four averaged BIA data which are BIA_AC_P, BIA_DC_P, BIA_AC_Q and BIA_DC_Q.","Section 15.3.2 ECG and BIA (under Section 15.3 Measurement Cycle), paragraph 007 (page 150)",architecture,,rejected,projection_gap: no supported functional construction,srs-overview-v1,,,[],1,a55473f28a24d83c9554f6c5dddb0c91bb8addcd2cf92beeecbb7dc0d050cacd,srs-overview,,,,
,"This configuration generates each time slot, two averaged ECG data, which are ECG AC and ECG DC, respectively and four averaged BIA data which are BIA_AC_P, BIA_DC_P, BIA_AC_Q and BIA_DC_Q.","Section 15.3.2 ECG and BIA (under Section 15.3 Measurement Cycle), paragraph 007 (page 150)",architecture,,rejected,raw/implementation text not eligible for direct narrative,srs-overview-v1,,,[],1,a55473f28a24d83c9554f6c5dddb0c91bb8addcd2cf92beeecbb7dc0d050cacd,srs-overview,,,,
,"This configuration generates each time slot, a number of PPG DATA according to user configuration.","Section 15.3.3 PPG Only (under Section 15.3 Measurement Cycle), paragraph 006 (page 152)",architecture,,rejected,projection_gap: no supported functional construction,srs-overview-v1,,,[],1,a55473f28a24d83c9554f6c5dddb0c91bb8addcd2cf92beeecbb7dc0d050cacd,srs-overview,,,,
,"This configuration generates each time slot, a number of PPG DATA according to user configuration.","Section 15.3.3 PPG Only (under Section 15.3 Measurement Cycle), paragraph 006 (page 152)",architecture,"This configuration generates each time slot, a number of PPG DATA according to user configuration.",candidate_only,candidate retained; not rendered in this overview,srs-overview-v1,,,[],1,a55473f28a24d83c9554f6c5dddb0c91bb8addcd2cf92beeecbb7dc0d050cacd,srs-overview,,,,
,All user BIST control is done through the controller.,"Section 17.2.2 MBIST Controller (under Section 17.2 Memory BIST Architecture), paragraph 047 (page 157)",architecture,,rejected,projection_gap: no supported functional construction,srs-overview-v1,,,[],1,a55473f28a24d83c9554f6c5dddb0c91bb8addcd2cf92beeecbb7dc0d050cacd,srs-overview,,,,
,All user BIST control is done through the controller.,"Section 17.2.2 MBIST Controller (under Section 17.2 Memory BIST Architecture), paragraph 047 (page 157)",architecture,,rejected,raw/implementation text not eligible for direct narrative,srs-overview-v1,,,[],1,a55473f28a24d83c9554f6c5dddb0c91bb8addcd2cf92beeecbb7dc0d050cacd,srs-overview,,,,
,through the controller. The controller controls various testing and reporting activities of the memory test. It allows various mode selections and programs the pre-stored synthesized,"Section 17.2.2 MBIST Controller (under Section 17.2 Memory BIST Architecture), paragraph 048 (page 157)",architecture,,rejected,projection_gap: no supported functional construction,srs-overview-v1,,,[],1,a55473f28a24d83c9554f6c5dddb0c91bb8addcd2cf92beeecbb7dc0d050cacd,srs-overview,,,,
,It allows various mode selections and programs the pre-stored synthesized algorithms instructions into collars attached to it.,"Section 17.2.2 MBIST Controller (under Section 17.2 Memory BIST Architecture), paragraph 049 (page 157)",architecture,,rejected,projection_gap: no supported functional construction,srs-overview-v1,,,[],1,a55473f28a24d83c9554f6c5dddb0c91bb8addcd2cf92beeecbb7dc0d050cacd,srs-overview,,,,
,It allows various mode selections and programs the pre-stored synthesized algorithms instructions into collars attached to it.,"Section 17.2.2 MBIST Controller (under Section 17.2 Memory BIST Architecture), paragraph 049 (page 157)",architecture,It allows various mode selections and programs the pre-stored synthesized algorithms instructions into collars attached to it.,candidate_only,candidate retained; not rendered in this overview,srs-overview-v1,,,[],1,a55473f28a24d83c9554f6c5dddb0c91bb8addcd2cf92beeecbb7dc0d050cacd,srs-overview,,,,
,"It includes a TAP controller, a 7-bit instruction register, three test data registers, and the bypass register.","Section 17.2.2 MBIST Controller (under Section 17.2 Memory BIST Architecture), paragraph 059 (page 157)",architecture,,rejected,projection_gap: no supported functional construction,srs-overview-v1,,,[],1,a55473f28a24d83c9554f6c5dddb0c91bb8addcd2cf92beeecbb7dc0d050cacd,srs-overview,,,,
,"It includes a TAP controller, a 7-bit instruction register, three test data registers, and the bypass register.","Section 17.2.2 MBIST Controller (under Section 17.2 Memory BIST Architecture), paragraph 059 (page 157)",architecture,,rejected,raw/implementation text not eligible for direct narrative,srs-overview-v1,,,[],1,a55473f28a24d83c9554f6c5dddb0c91bb8addcd2cf92beeecbb7dc0d050cacd,srs-overview,,,,
,The BIST solution consists of memory-wrapper “collar” and common master “controller” and an IEEE 1149.1 compliant Test Access Port (TAP).,"Section 17.2 Memory BIST Architecture (under Section 17 BIST), paragraph 037 (page 157)",architecture,,rejected,projection_gap: no supported functional construction,srs-overview-v1,,,[],1,a55473f28a24d83c9554f6c5dddb0c91bb8addcd2cf92beeecbb7dc0d050cacd,srs-overview,,,,
,The BIST solution consists of memory-wrapper “collar” and common master “controller” and an IEEE 1149.1 compliant Test Access Port (TAP).,"Section 17.2 Memory BIST Architecture (under Section 17 BIST), paragraph 037 (page 157)",architecture,,rejected,raw/implementation text not eligible for direct narrative,srs-overview-v1,,,[],1,a55473f28a24d83c9554f6c5dddb0c91bb8addcd2cf92beeecbb7dc0d050cacd,srs-overview,,,,
,"After testing it reports the execution status to the controller and manages all the BIST status, diagnosis, repair information and debug data. The collar also provides support for testing multiple","Section 17.2.1 MBIST Collar (under Section 17.2 Memory BIST Architecture), paragraph 043 (page 157)",architecture,,rejected,projection_gap: no supported functional construction,srs-overview-v1,,,[],1,a55473f28a24d83c9554f6c5dddb0c91bb8addcd2cf92beeecbb7dc0d050cacd,srs-overview,,,,
,"After testing it reports the execution status to the controller and manages all the BIST status, diagnosis, repair information and debug data. The collar also provides support for testing multiple","Section 17.2.1 MBIST Collar (under Section 17.2 Memory BIST Architecture), paragraph 043 (page 157)",architecture,,rejected,raw/implementation text not eligible for direct narrative,srs-overview-v1,,,[],1,a55473f28a24d83c9554f6c5dddb0c91bb8addcd2cf92beeecbb7dc0d050cacd,srs-overview,,,,
,"Main functionalities of controller are: • Mode management (RunBIST mode, Retention mode etc.)","Section 17.2.2 MBIST Controller (under Section 17.2 Memory BIST Architecture), paragraph 052 (page 157)",architecture,,rejected,projection_gap: no supported functional construction,srs-overview-v1,,,[],1,a55473f28a24d83c9554f6c5dddb0c91bb8addcd2cf92beeecbb7dc0d050cacd,srs-overview,,,,
,"Main functionalities of controller are: • Mode management (RunBIST mode, Retention mode etc.)","Section 17.2.2 MBIST Controller (under Section 17.2 Memory BIST Architecture), paragraph 052 (page 157)",architecture,,rejected,raw/implementation text not eligible for direct narrative,srs-overview-v1,,,[],1,a55473f28a24d83c9554f6c5dddb0c91bb8addcd2cf92beeecbb7dc0d050cacd,srs-overview,,,,
,"In this configuration, there is only one controller for the entire chip. All associated collars are","Section 17.2.3 Top Level Approach (under Section 17.2 Memory BIST Architecture), paragraph 005 (page 158)",architecture,,rejected,projection_gap: no supported functional construction,srs-overview-v1,,,[],1,a55473f28a24d83c9554f6c5dddb0c91bb8addcd2cf92beeecbb7dc0d050cacd,srs-overview,,,,
,Bend: Indicates that all the activities of the test run of all Memories in the current BIST mode are complete • Bfail: Indicates bfail for a specific memory.,"Section 17.2.3 Top Level Approach (under Section 17.2 Memory BIST Architecture), paragraph 010 (page 158)",architecture,,rejected,projection_gap: no supported functional construction,srs-overview-v1,,,[],1,a55473f28a24d83c9554f6c5dddb0c91bb8addcd2cf92beeecbb7dc0d050cacd,srs-overview,,,,
,Bend: Indicates that all the activities of the test run of all Memories in the current BIST mode are complete • Bfail: Indicates bfail for a specific memory.,"Section 17.2.3 Top Level Approach (under Section 17.2 Memory BIST Architecture), paragraph 010 (page 158)",architecture,,rejected,raw/implementation text not eligible for direct narrative,srs-overview-v1,,,[],1,a55473f28a24d83c9554f6c5dddb0c91bb8addcd2cf92beeecbb7dc0d050cacd,srs-overview,,,,
,"Tdo:TAP serial output Updated on falling edge of tck INPUT FROM PAD • Tck: TAP clock • Tdi: TAP serial input Sampled on rising edge of tck • Tms: TAP test mode select Sampled on rising edge of tck • Trstn: TAP reset INPUT FROM REGISTER • Memsafe (ADDRESS=0x3E, BIT=0x05): to globally deactivate the memory by making CSN high internally • Mem_atpg_mode (ADDRESS=0x3E, BIT=0x06): Used to constraint few memory inputs and improve controllability and observability.","Section 17.2.3 Top Level Approach (under Section 17.2 Memory BIST Architecture), paragraph 017 (page 158)",architecture,,rejected,projection_gap: no supported functional construction,srs-overview-v1,,,[],1,a55473f28a24d83c9554f6c5dddb0c91bb8addcd2cf92beeecbb7dc0d050cacd,srs-overview,,,,
,"Tdo:TAP serial output Updated on falling edge of tck INPUT FROM PAD • Tck: TAP clock • Tdi: TAP serial input Sampled on rising edge of tck • Tms: TAP test mode select Sampled on rising edge of tck • Trstn: TAP reset INPUT FROM REGISTER • Memsafe (ADDRESS=0x3E, BIT=0x05): to globally deactivate the memory by making CSN high internally • Mem_atpg_mode (ADDRESS=0x3E, BIT=0x06): Used to constraint few memory inputs and improve controllability and observability.","Section 17.2.3 Top Level Approach (under Section 17.2 Memory BIST Architecture), paragraph 017 (page 158)",architecture,,rejected,raw/implementation text not eligible for direct narrative,srs-overview-v1,,,[],1,a55473f28a24d83c9554f6c5dddb0c91bb8addcd2cf92beeecbb7dc0d050cacd,srs-overview,,,,
,[DDS_STBIO1_302] Requirement If MODE_CONFIG register is 0x00 the operative mode shall be functional.,"Section 13.1.2.2 Requirements (under Section 13.1.2 PAD Mux), paragraph 010 (page 59)",block_local,,rejected,not a provenanced system/architecture descriptive record,srs-overview-v1,,,[],1,a55473f28a24d83c9554f6c5dddb0c91bb8addcd2cf92beeecbb7dc0d050cacd,srs-overview,,,,
,[DDS_STBIO1_303] Requirement If MODE_CONFIG register is 0x01 the operative mode shall be SCAN.,"Section 13.1.2.2 Requirements (under Section 13.1.2 PAD Mux), paragraph 014 (page 59)",block_local,,rejected,not a provenanced system/architecture descriptive record,srs-overview-v1,,,[],1,a55473f28a24d83c9554f6c5dddb0c91bb8addcd2cf92beeecbb7dc0d050cacd,srs-overview,,,,
,[DDS_STBIO1_304] Requirement If MODE_CONFIG register is 0x04 the operative mode shall be BIST.,"Section 13.1.2.2 Requirements (under Section 13.1.2 PAD Mux), paragraph 018 (page 59)",block_local,,rejected,not a provenanced system/architecture descriptive record,srs-overview-v1,,,[],1,a55473f28a24d83c9554f6c5dddb0c91bb8addcd2cf92beeecbb7dc0d050cacd,srs-overview,,,,
,[DDS_STBIO1_305] Requirement If MODE_CONFIG register is 0x08 the operative mode shall be DEBUG.,"Section 13.1.2.2 Requirements (under Section 13.1.2 PAD Mux), paragraph 022 (page 59)",block_local,,rejected,not a provenanced system/architecture descriptive record,srs-overview-v1,,,[],1,a55473f28a24d83c9554f6c5dddb0c91bb8addcd2cf92beeecbb7dc0d050cacd,srs-overview,,,,
,[DDS_STBIO1_306] Requirement If MODE_CONFIG register is 0x10 the operative mode shall be ISPU_DEBUG.,"Section 13.1.2.2 Requirements (under Section 13.1.2 PAD Mux), paragraph 026 (page 59)",block_local,,rejected,not a provenanced system/architecture descriptive record,srs-overview-v1,,,[],1,a55473f28a24d83c9554f6c5dddb0c91bb8addcd2cf92beeecbb7dc0d050cacd,srs-overview,,,,
,[DDS_STBIO1_307] Requirement If MODE_CONFIG register is 0x20 the operative mode shall be Bist MEMSAFE mode.,"Section 13.1.2.2 Requirements (under Section 13.1.2 PAD Mux), paragraph 030 (page 59)",block_local,,rejected,not a provenanced system/architecture descriptive record,srs-overview-v1,,,[],1,a55473f28a24d83c9554f6c5dddb0c91bb8addcd2cf92beeecbb7dc0d050cacd,srs-overview,,,,
,[DDS_STBIO1_308] Requirement If MODE_CONFIG register is 0x40 the operative mode shall be Bist Bypass mode.,"Section 13.1.2.2 Requirements (under Section 13.1.2 PAD Mux), paragraph 034 (page 59)",block_local,,rejected,not a provenanced system/architecture descriptive record,srs-overview-v1,,,[],1,a55473f28a24d83c9554f6c5dddb0c91bb8addcd2cf92beeecbb7dc0d050cacd,srs-overview,,,,
3.1 General System Description,STBIO1 is an Analog Front End Device with embedded process capabilities.,"Section 5 STBIO1 toplevel overview, paragraph 007 (page 12)",architecture,The system is an analog front end with embedded processing capabilities.,selected,system-level projection of complete descriptive relationship,srs-overview-v1,,,[],1,a55473f28a24d83c9554f6c5dddb0c91bb8addcd2cf92beeecbb7dc0d050cacd,srs-overview,,,,
3.2 Main System Capabilities,"Sensor hub IP can read external sensors by means of an I2C master protocol, enabling data collection in FIFO and embedded elaboration also on external data domain. The data collected by sensor hub is accessible from the Advanced DSP and ISPU, for sensor fusion algorithm elaboration.","Stage 1 OCR page 12, lines 42-45",system,The system can acquire external sensor measurements through I2C master protocol with data collection and embedded processing of external measurements.,selected,compatible facts; all contributors retained,srs-overview-v1,desc-58f9ab022a9a20160979,"{""action"": ""acquire"", ""condition"": """", ""coordination"": ""and"", ""domain"": """", ""evidence_kind"": ""descriptive"", ""layer"": """", ""modality"": ""can"", ""mode"": """", ""negative"": false, ""object_suffix"": """", ""objects"": [""external sensor measurements""], ""owner"": """", ""plural_subject"": false, ""qualifiers"": [""through I2C master protocol"", ""with data collection and embedded processing of external measurements""], ""results"": [], ""scope"": ""system"", ""section"": ""3.2 Main System Capabilities"", ""source"": ""Stage 1 OCR page 12, lines 42-45"", ""statement"": ""Sensor hub IP can read external sensors by means of an I2C master protocol, enabling data collection in FIFO and embedded elaboration also on external data domain. The data collected by sensor hub is accessible from the Advanced DSP and ISPU, for sensor fusion algorithm elaboration."", ""subject"": ""The system""}","[""desc-58f9ab022a9a20160979""]",1,a55473f28a24d83c9554f6c5dddb0c91bb8addcd2cf92beeecbb7dc0d050cacd,srs-overview,desc-source-00aca37c20840053eb4e,"{""authority_tier"": ""admitted_context"", ""decision"": ""selected"", ""ownership_scope"": ""system"", ""provenance"": [""Stage 1 OCR page 12, lines 42-45""], ""rationale"": ""SRS adapter admitted scoped context"", ""record_id"": ""desc-source-00aca37c20840053eb4e"", ""text"": ""Sensor hub IP can read external sensors by means of an I2C master protocol, enabling data collection in FIFO and embedded elaboration also on external data domain. The data collected by sensor hub is accessible from the Advanced DSP and ISPU, for sensor fusion algorithm elaboration.""}",desc-unit-5128237c1df91400c9a2,"{""output_order"": 1, ""section"": ""3.2 Main System Capabilities"", ""source_record_ids"": [""desc-source-00aca37c20840053eb4e""], ""text"": ""The system can acquire external sensor measurements through I2C master protocol with data collection and embedded processing of external measurements."", ""unit_id"": ""desc-unit-5128237c1df91400c9a2""}"
3.2 Main System Capabilities,"Sensor hub IP can read external sensors by means of an I2C master protocol, enabling data collection in FIFO and embedded elaboration also on external data domain. The data collected by sensor hub is accessible from the Advanced DSP and ISPU, for sensor fusion algorithm elaboration.","Stage 1 OCR page 12, lines 42-45",system,The system provides collected external sensor measurements for sensor-fusion processing.,selected,compatible facts; all contributors retained,srs-overview-v1,desc-6b33f4ae99dfdb5772fa,"{""action"": ""provide"", ""condition"": """", ""coordination"": ""and"", ""domain"": """", ""evidence_kind"": ""descriptive"", ""layer"": """", ""modality"": """", ""mode"": """", ""negative"": false, ""object_suffix"": """", ""objects"": [""collected external sensor measurements""], ""owner"": """", ""plural_subject"": false, ""qualifiers"": [""for sensor-fusion processing""], ""results"": [], ""scope"": ""system"", ""section"": ""3.2 Main System Capabilities"", ""source"": ""Stage 1 OCR page 12, lines 42-45"", ""statement"": ""Sensor hub IP can read external sensors by means of an I2C master protocol, enabling data collection in FIFO and embedded elaboration also on external data domain. The data collected by sensor hub is accessible from the Advanced DSP and ISPU, for sensor fusion algorithm elaboration."", ""subject"": ""The system""}","[""desc-6b33f4ae99dfdb5772fa""]",1,a55473f28a24d83c9554f6c5dddb0c91bb8addcd2cf92beeecbb7dc0d050cacd,srs-overview,desc-source-00aca37c20840053eb4e,"{""authority_tier"": ""admitted_context"", ""decision"": ""selected"", ""ownership_scope"": ""system"", ""provenance"": [""Stage 1 OCR page 12, lines 42-45""], ""rationale"": ""SRS adapter admitted scoped context"", ""record_id"": ""desc-source-00aca37c20840053eb4e"", ""text"": ""Sensor hub IP can read external sensors by means of an I2C master protocol, enabling data collection in FIFO and embedded elaboration also on external data domain. The data collected by sensor hub is accessible from the Advanced DSP and ISPU, for sensor fusion algorithm elaboration.""}",desc-unit-98f410a7138b50fd33d5,"{""output_order"": 2, ""section"": ""3.2 Main System Capabilities"", ""source_record_ids"": [""desc-source-00aca37c20840053eb4e""], ""text"": ""The system provides collected external sensor measurements for sensor-fusion processing."", ""unit_id"": ""desc-unit-98f410a7138b50fd33d5""}"
3.2 Main System Capabilities,"Sensor hub IP can read external sensors by means of an I2C master protocol, enabling data collection in FIFO and embedded elaboration also on external data domain.","Section 5 STBIO1 toplevel overview, paragraph 042 (page 12)",architecture,The system can acquire external sensor measurements through I2C master protocol with data collection and embedded processing of external measurements.,selected,compatible facts; all contributors retained,srs-overview-v1,desc-a020c51c60a8811bc339,"{""action"": ""acquire"", ""condition"": """", ""coordination"": ""and"", ""domain"": """", ""evidence_kind"": ""descriptive"", ""layer"": """", ""modality"": ""can"", ""mode"": """", ""negative"": false, ""object_suffix"": """", ""objects"": [""external sensor measurements""], ""owner"": """", ""plural_subject"": false, ""qualifiers"": [""through I2C master protocol"", ""with data collection and embedded processing of external measurements""], ""results"": [], ""scope"": ""architecture"", ""section"": ""3.2 Main System Capabilities"", ""source"": ""Section 5 STBIO1 toplevel overview, paragraph 042 (page 12)"", ""statement"": ""Sensor hub IP can read external sensors by means of an I2C master protocol, enabling data collection in FIFO and embedded elaboration also on external data domain."", ""subject"": ""The system""}","[""desc-a020c51c60a8811bc339""]",1,a55473f28a24d83c9554f6c5dddb0c91bb8addcd2cf92beeecbb7dc0d050cacd,srs-overview,desc-source-c1b963d9fe774a948eb7,"{""authority_tier"": ""admitted_context"", ""decision"": ""selected"", ""ownership_scope"": ""architecture"", ""provenance"": [""Section 5 STBIO1 toplevel overview, paragraph 042 (page 12)""], ""rationale"": ""SRS adapter admitted scoped context"", ""record_id"": ""desc-source-c1b963d9fe774a948eb7"", ""text"": ""Sensor hub IP can read external sensors by means of an I2C master protocol, enabling data collection in FIFO and embedded elaboration also on external data domain.""}",desc-unit-da88b686eca64a28eb66,"{""output_order"": 3, ""section"": ""3.2 Main System Capabilities"", ""source_record_ids"": [""desc-source-c1b963d9fe774a948eb7""], ""text"": ""The system can acquire external sensor measurements through I2C master protocol with data collection and embedded processing of external measurements."", ""unit_id"": ""desc-unit-da88b686eca64a28eb66""}"
3.2 Main System Capabilities,The BIA signal chain is designed for body impedance and human breathing measurements with a configurable excitation path and measurement path. BIA channel delivers both the real and the imaginary parts of the body and the breathing impedance.,"Section 5 STBIO1 toplevel overview, paragraph 020 (page 12)",architecture,The system provides the real and the imaginary parts of the body and the breathing impedance.,selected,compatible facts; all contributors retained,srs-overview-v1,desc-c1b0208f8744bdc86182,"{""action"": ""provide"", ""condition"": """", ""coordination"": ""and"", ""domain"": """", ""evidence_kind"": ""descriptive"", ""layer"": """", ""modality"": """", ""mode"": """", ""negative"": false, ""object_suffix"": """", ""objects"": [""the real and the imaginary parts of the body and the breathing impedance""], ""owner"": """", ""plural_subject"": false, ""qualifiers"": [], ""results"": [], ""scope"": ""architecture"", ""section"": ""3.2 Main System Capabilities"", ""source"": ""Section 5 STBIO1 toplevel overview, paragraph 020 (page 12)"", ""statement"": ""The BIA signal chain is designed for body impedance and human breathing measurements with a configurable excitation path and measurement path. BIA channel delivers both the real and the imaginary parts of the body and the breathing impedance."", ""subject"": ""The system""}","[""desc-c1b0208f8744bdc86182""]",1,a55473f28a24d83c9554f6c5dddb0c91bb8addcd2cf92beeecbb7dc0d050cacd,srs-overview,desc-source-6a19d67f72200900f605,"{""authority_tier"": ""admitted_context"", ""decision"": ""selected"", ""ownership_scope"": ""architecture"", ""provenance"": [""Section 5 STBIO1 toplevel overview, paragraph 020 (page 12)""], ""rationale"": ""SRS adapter admitted scoped context"", ""record_id"": ""desc-source-6a19d67f72200900f605"", ""text"": ""The BIA signal chain is designed for body impedance and human breathing measurements with a configurable excitation path and measurement path. BIA channel delivers both the real and the imaginary parts of the body and the breathing impedance.""}",desc-unit-0fa6024f473202f64f8c,"{""output_order"": 4, ""section"": ""3.2 Main System Capabilities"", ""source_record_ids"": [""desc-source-6a19d67f72200900f605""], ""text"": ""The system provides the real and the imaginary parts of the body and the breathing impedance."", ""unit_id"": ""desc-unit-0fa6024f473202f64f8c""}"
3.2 Main System Capabilities,The BIA signal chain is designed for body impedance and human breathing measurements with a configurable excitation path and measurement path. BIA channel delivers both the real and the imaginary parts of the body and the breathing impedance.,"Section 5 STBIO1 toplevel overview, paragraph 020 (page 12)",architecture,The system supports body impedance and human breathing measurements with a configurable excitation path and measurement path.,selected,compatible facts; all contributors retained,srs-overview-v1,desc-6b41915c2a62e8ae4938,"{""action"": ""support"", ""condition"": """", ""coordination"": ""and"", ""domain"": """", ""evidence_kind"": ""descriptive"", ""layer"": """", ""modality"": """", ""mode"": """", ""negative"": false, ""object_suffix"": """", ""objects"": [""body impedance and human breathing measurements""], ""owner"": """", ""plural_subject"": false, ""qualifiers"": [""with a configurable excitation path and measurement path""], ""results"": [], ""scope"": ""architecture"", ""section"": ""3.2 Main System Capabilities"", ""source"": ""Section 5 STBIO1 toplevel overview, paragraph 020 (page 12)"", ""statement"": ""The BIA signal chain is designed for body impedance and human breathing measurements with a configurable excitation path and measurement path. BIA channel delivers both the real and the imaginary parts of the body and the breathing impedance."", ""subject"": ""The system""}","[""desc-6b41915c2a62e8ae4938""]",1,a55473f28a24d83c9554f6c5dddb0c91bb8addcd2cf92beeecbb7dc0d050cacd,srs-overview,desc-source-6a19d67f72200900f605,"{""authority_tier"": ""admitted_context"", ""decision"": ""selected"", ""ownership_scope"": ""architecture"", ""provenance"": [""Section 5 STBIO1 toplevel overview, paragraph 020 (page 12)""], ""rationale"": ""SRS adapter admitted scoped context"", ""record_id"": ""desc-source-6a19d67f72200900f605"", ""text"": ""The BIA signal chain is designed for body impedance and human breathing measurements with a configurable excitation path and measurement path. BIA channel delivers both the real and the imaginary parts of the body and the breathing impedance.""}",desc-unit-3d4c59e618f8533d4b81,"{""output_order"": 5, ""section"": ""3.2 Main System Capabilities"", ""source_record_ids"": [""desc-source-6a19d67f72200900f605""], ""text"": ""The system supports body impedance and human breathing measurements with a configurable excitation path and measurement path."", ""unit_id"": ""desc-unit-3d4c59e618f8533d4b81""}"
3.5 Operating Concept,"Set DS_SEL bit in Device_Config_Channel register to 1 and PPG_ELAB to 0 in General_Parameters_PPG o This will cut the communication between Main Controller and ADSP • Analog control Interface samples ECG and BIA signals from ADC, average and stores data sampled in appropriate in FIFO.","Section 8.1 Data Storage Mode (under Section 8 STBIO1: Functional Modes), paragraph 008 (page 18)",architecture,"In Data Storage Mode, the system acquires ECG and BIA measurements, averages the samples and stores the sampled data.",selected,compatible facts; all contributors retained,srs-overview-v1,desc-7a73b216f53688347e26,"{""action"": ""acquire"", ""condition"": """", ""coordination"": ""and"", ""domain"": """", ""evidence_kind"": ""descriptive"", ""layer"": """", ""modality"": """", ""mode"": ""Data Storage Mode"", ""negative"": false, ""object_suffix"": ""measurements"", ""objects"": [""ECG"", ""BIA""], ""owner"": """", ""plural_subject"": false, ""qualifiers"": [], ""results"": [""averages the samples"", ""stores the sampled data""], ""scope"": ""architecture"", ""section"": ""3.5 Operating Concept"", ""source"": ""Section 8.1 Data Storage Mode (under Section 8 STBIO1: Functional Modes), paragraph 008 (page 18)"", ""statement"": ""Set DS_SEL bit in Device_Config_Channel register to 1 and PPG_ELAB to 0 in General_Parameters_PPG o This will cut the communication between Main Controller and ADSP \u2022 Analog control Interface samples ECG and BIA signals from ADC, average and stores data sampled in appropriate in FIFO."", ""subject"": ""The system""}","[""desc-7a73b216f53688347e26""]",1,a55473f28a24d83c9554f6c5dddb0c91bb8addcd2cf92beeecbb7dc0d050cacd,srs-overview,desc-source-52d67698bcf0138a9498,"{""authority_tier"": ""admitted_context"", ""decision"": ""selected"", ""ownership_scope"": ""architecture"", ""provenance"": [""Section 8.1 Data Storage Mode (under Section 8 STBIO1: Functional Modes), paragraph 008 (page 18)""], ""rationale"": ""SRS adapter admitted scoped context"", ""record_id"": ""desc-source-52d67698bcf0138a9498"", ""text"": ""Set DS_SEL bit in Device_Config_Channel register to 1 and PPG_ELAB to 0 in General_Parameters_PPG o This will cut the communication between Main Controller and ADSP \u2022 Analog control Interface samples ECG and BIA signals from ADC, average and stores data sampled in appropriate in FIFO.""}",desc-unit-8980610110a831b44743,"{""output_order"": 6, ""section"": ""3.5 Operating Concept"", ""source_record_ids"": [""desc-source-52d67698bcf0138a9498""], ""text"": ""In Data Storage Mode, the system acquires ECG and BIA measurements, averages the samples and stores the sampled data."", ""unit_id"": ""desc-unit-8980610110a831b44743""}"
3.5 Operating Concept,Analog control Interface samples GSR signal from ADC and stores GSR data raw in FIFO.,"Section 8.1 Data Storage Mode (under Section 8 STBIO1: Functional Modes), paragraph 013 (page 18)",architecture,"In Data Storage Mode, the system acquires GSR measurements and stores the raw sampled data.",selected,compatible facts; all contributors retained,srs-overview-v1,desc-274ea1483c115441556b,"{""action"": ""acquire"", ""condition"": """", ""coordination"": ""and"", ""domain"": """", ""evidence_kind"": ""descriptive"", ""layer"": """", ""modality"": """", ""mode"": ""Data Storage Mode"", ""negative"": false, ""object_suffix"": ""measurements"", ""objects"": [""GSR""], ""owner"": """", ""plural_subject"": false, ""qualifiers"": [], ""results"": [""stores the raw sampled data""], ""scope"": ""architecture"", ""section"": ""3.5 Operating Concept"", ""source"": ""Section 8.1 Data Storage Mode (under Section 8 STBIO1: Functional Modes), paragraph 013 (page 18)"", ""statement"": ""Analog control Interface samples GSR signal from ADC and stores GSR data raw in FIFO."", ""subject"": ""The system""}","[""desc-274ea1483c115441556b""]",1,a55473f28a24d83c9554f6c5dddb0c91bb8addcd2cf92beeecbb7dc0d050cacd,srs-overview,desc-source-e57a6614d8d486fa4f0f,"{""authority_tier"": ""admitted_context"", ""decision"": ""selected"", ""ownership_scope"": ""architecture"", ""provenance"": [""Section 8.1 Data Storage Mode (under Section 8 STBIO1: Functional Modes), paragraph 013 (page 18)""], ""rationale"": ""SRS adapter admitted scoped context"", ""record_id"": ""desc-source-e57a6614d8d486fa4f0f"", ""text"": ""Analog control Interface samples GSR signal from ADC and stores GSR data raw in FIFO.""}",desc-unit-c268474e471a4ac02b04,"{""output_order"": 7, ""section"": ""3.5 Operating Concept"", ""source_record_ids"": [""desc-source-e57a6614d8d486fa4f0f""], ""text"": ""In Data Storage Mode, the system acquires GSR measurements and stores the raw sampled data."", ""unit_id"": ""desc-unit-c268474e471a4ac02b04""}"
3.5 Operating Concept,"Analog control Interface samples PPG signal from ADC, average (according to the user's configuration) and stores data in FIFO.","Section 8.1 Data Storage Mode (under Section 8 STBIO1: Functional Modes), paragraph 015 (page 18)",architecture,"In Data Storage Mode, the system acquires PPG measurements, averages the samples according to the user's configuration and stores the sampled data.",selected,compatible facts; all contributors retained,srs-overview-v1,desc-7332a866db54faaaf052,"{""action"": ""acquire"", ""condition"": """", ""coordination"": ""and"", ""domain"": """", ""evidence_kind"": ""descriptive"", ""layer"": """", ""modality"": """", ""mode"": ""Data Storage Mode"", ""negative"": false, ""object_suffix"": ""measurements"", ""objects"": [""PPG""], ""owner"": """", ""plural_subject"": false, ""qualifiers"": [], ""results"": [""averages the samples according to the user's configuration"", ""stores the sampled data""], ""scope"": ""architecture"", ""section"": ""3.5 Operating Concept"", ""source"": ""Section 8.1 Data Storage Mode (under Section 8 STBIO1: Functional Modes), paragraph 015 (page 18)"", ""statement"": ""Analog control Interface samples PPG signal from ADC, average (according to the user's configuration) and stores data in FIFO."", ""subject"": ""The system""}","[""desc-7332a866db54faaaf052""]",1,a55473f28a24d83c9554f6c5dddb0c91bb8addcd2cf92beeecbb7dc0d050cacd,srs-overview,desc-source-7e58fb857847418d01d9,"{""authority_tier"": ""admitted_context"", ""decision"": ""selected"", ""ownership_scope"": ""architecture"", ""provenance"": [""Section 8.1 Data Storage Mode (under Section 8 STBIO1: Functional Modes), paragraph 015 (page 18)""], ""rationale"": ""SRS adapter admitted scoped context"", ""record_id"": ""desc-source-7e58fb857847418d01d9"", ""text"": ""Analog control Interface samples PPG signal from ADC, average (according to the user's configuration) and stores data in FIFO.""}",desc-unit-a3ec7f18d839341f7491,"{""output_order"": 8, ""section"": ""3.5 Operating Concept"", ""source_record_ids"": [""desc-source-7e58fb857847418d01d9""], ""text"": ""In Data Storage Mode, the system acquires PPG measurements, averages the samples according to the user's configuration and stores the sampled data."", ""unit_id"": ""desc-unit-a3ec7f18d839341f7491""}"
3.5 Operating Concept,"Set DS_SEL bit in Device_Config_Channel register to 0 o Set PPG_ELAB to 1 if also PPG data shall be elaborated by the ADSP • Analog control Interface samples of ECG, BIA or GSR from ADC, average and stores data sampled in appropriate registers (SYSTEM REGISTERS from 0x007C to 0x0094) accessible by ADSP and other AHB Master.","Section 8.2 Normal Mode (under Section 8 STBIO1: Functional Modes), paragraph 024 (page 18)",architecture,"In Normal Mode, the system acquires ECG, BIA or GSR measurements, averages the samples and stores the sampled data.",selected,compatible facts; all contributors retained,srs-overview-v1,desc-6ef496e5baacab6846d7,"{""action"": ""acquire"", ""condition"": """", ""coordination"": ""or"", ""domain"": """", ""evidence_kind"": ""descriptive"", ""layer"": """", ""modality"": """", ""mode"": ""Normal Mode"", ""negative"": false, ""object_suffix"": ""measurements"", ""objects"": [""ECG"", ""BIA"", ""GSR""], ""owner"": """", ""plural_subject"": false, ""qualifiers"": [], ""results"": [""averages the samples"", ""stores the sampled data""], ""scope"": ""architecture"", ""section"": ""3.5 Operating Concept"", ""source"": ""Section 8.2 Normal Mode (under Section 8 STBIO1: Functional Modes), paragraph 024 (page 18)"", ""statement"": ""Set DS_SEL bit in Device_Config_Channel register to 0 o Set PPG_ELAB to 1 if also PPG data shall be elaborated by the ADSP \u2022 Analog control Interface samples of ECG, BIA or GSR from ADC, average and stores data sampled in appropriate registers (SYSTEM REGISTERS from 0x007C to 0x0094) accessible by ADSP and other AHB Master."", ""subject"": ""The system""}","[""desc-6ef496e5baacab6846d7""]",1,a55473f28a24d83c9554f6c5dddb0c91bb8addcd2cf92beeecbb7dc0d050cacd,srs-overview,desc-source-86742740bffa81a16675,"{""authority_tier"": ""admitted_context"", ""decision"": ""selected"", ""ownership_scope"": ""architecture"", ""provenance"": [""Section 8.2 Normal Mode (under Section 8 STBIO1: Functional Modes), paragraph 024 (page 18)""], ""rationale"": ""SRS adapter admitted scoped context"", ""record_id"": ""desc-source-86742740bffa81a16675"", ""text"": ""Set DS_SEL bit in Device_Config_Channel register to 0 o Set PPG_ELAB to 1 if also PPG data shall be elaborated by the ADSP \u2022 Analog control Interface samples of ECG, BIA or GSR from ADC, average and stores data sampled in appropriate registers (SYSTEM REGISTERS from 0x007C to 0x0094) accessible by ADSP and other AHB Master.""}",desc-unit-7f4df4ae3928b29faec0,"{""output_order"": 9, ""section"": ""3.5 Operating Concept"", ""source_record_ids"": [""desc-source-86742740bffa81a16675""], ""text"": ""In Normal Mode, the system acquires ECG, BIA or GSR measurements, averages the samples and stores the sampled data."", ""unit_id"": ""desc-unit-7f4df4ae3928b29faec0""}"
3.5 Operating Concept,"ECG, BIA or GSR data raw in SYSTEM REGISTERS are processed by ADSP.","Section 8.2 Normal Mode (under Section 8 STBIO1: Functional Modes), paragraph 031 (page 18)",architecture,"In Normal Mode, the system processes ECG, BIA or GSR measurements.",selected,compatible facts; all contributors retained,srs-overview-v1,desc-96d63a4b347cedeaf1d6,"{""action"": ""process"", ""condition"": """", ""coordination"": ""or"", ""domain"": """", ""evidence_kind"": ""descriptive"", ""layer"": """", ""modality"": """", ""mode"": ""Normal Mode"", ""negative"": false, ""object_suffix"": ""measurements"", ""objects"": [""ECG"", ""BIA"", ""GSR""], ""owner"": """", ""plural_subject"": false, ""qualifiers"": [], ""results"": [], ""scope"": ""architecture"", ""section"": ""3.5 Operating Concept"", ""source"": ""Section 8.2 Normal Mode (under Section 8 STBIO1: Functional Modes), paragraph 031 (page 18)"", ""statement"": ""ECG, BIA or GSR data raw in SYSTEM REGISTERS are processed by ADSP."", ""subject"": ""The system""}","[""desc-96d63a4b347cedeaf1d6""]",1,a55473f28a24d83c9554f6c5dddb0c91bb8addcd2cf92beeecbb7dc0d050cacd,srs-overview,desc-source-993595748819991308f3,"{""authority_tier"": ""admitted_context"", ""decision"": ""selected"", ""ownership_scope"": ""architecture"", ""provenance"": [""Section 8.2 Normal Mode (under Section 8 STBIO1: Functional Modes), paragraph 031 (page 18)""], ""rationale"": ""SRS adapter admitted scoped context"", ""record_id"": ""desc-source-993595748819991308f3"", ""text"": ""ECG, BIA or GSR data raw in SYSTEM REGISTERS are processed by ADSP.""}",desc-unit-cc144d4c66c4196d857f,"{""output_order"": 10, ""section"": ""3.5 Operating Concept"", ""source_record_ids"": [""desc-source-993595748819991308f3""], ""text"": ""In Normal Mode, the system processes ECG, BIA or GSR measurements."", ""unit_id"": ""desc-unit-cc144d4c66c4196d857f""}"
3.2 Main System Capabilities,"The ECG signal chain has several complementary features supporting ECG measurement, such as driven reference for common-mode rejection and lead off detection to identify a fallen electrode.","Section 5 STBIO1 toplevel overview, paragraph 017 (page 12)",architecture,The system supports ECG measurement.,selected,compatible facts; all contributors retained,srs-overview-v1,desc-49c7a456e46f0c09a3da,"{""action"": ""support"", ""condition"": """", ""coordination"": ""and"", ""domain"": """", ""evidence_kind"": ""descriptive"", ""layer"": """", ""modality"": """", ""mode"": """", ""negative"": false, ""object_suffix"": """", ""objects"": [""ECG measurement""], ""owner"": """", ""plural_subject"": false, ""qualifiers"": [], ""results"": [], ""scope"": ""architecture"", ""section"": ""3.2 Main System Capabilities"", ""source"": ""Section 5 STBIO1 toplevel overview, paragraph 017 (page 12)"", ""statement"": ""The ECG signal chain has several complementary features supporting ECG measurement, such as driven reference for common-mode rejection and lead off detection to identify a fallen electrode."", ""subject"": ""The system""}","[""desc-49c7a456e46f0c09a3da""]",1,a55473f28a24d83c9554f6c5dddb0c91bb8addcd2cf92beeecbb7dc0d050cacd,srs-overview,desc-source-0064264f43b758066423,"{""authority_tier"": ""admitted_context"", ""decision"": ""selected"", ""ownership_scope"": ""architecture"", ""provenance"": [""Section 5 STBIO1 toplevel overview, paragraph 017 (page 12)""], ""rationale"": ""SRS adapter admitted scoped context"", ""record_id"": ""desc-source-0064264f43b758066423"", ""text"": ""The ECG signal chain has several complementary features supporting ECG measurement, such as driven reference for common-mode rejection and lead off detection to identify a fallen electrode.""}",desc-unit-2ff6374a5881fd1413cc,"{""output_order"": 11, ""section"": ""3.2 Main System Capabilities"", ""source_record_ids"": [""desc-source-0064264f43b758066423""], ""text"": ""The system supports ECG measurement."", ""unit_id"": ""desc-unit-2ff6374a5881fd1413cc""}"
3.3 Main Architectural Domains and Subsystems,"The ECG signal chain has several complementary features supporting ECG measurement, such as driven reference for common-mode rejection and lead off detection to identify a fallen electrode.","Section 5 STBIO1 toplevel overview, paragraph 017 (page 12)",architecture,The measurement paths support ECG measurement.,selected,compatible facts; all contributors retained,srs-overview-v1,desc-3a3673540cf8b3a9085b,"{""action"": ""support"", ""condition"": """", ""coordination"": ""and"", ""domain"": """", ""evidence_kind"": ""descriptive"", ""layer"": """", ""modality"": """", ""mode"": """", ""negative"": false, ""object_suffix"": """", ""objects"": [""ECG measurement""], ""owner"": """", ""plural_subject"": true, ""qualifiers"": [], ""results"": [], ""scope"": ""architecture"", ""section"": ""3.3 Main Architectural Domains and Subsystems"", ""source"": ""Section 5 STBIO1 toplevel overview, paragraph 017 (page 12)"", ""statement"": ""The ECG signal chain has several complementary features supporting ECG measurement, such as driven reference for common-mode rejection and lead off detection to identify a fallen electrode."", ""subject"": ""The measurement paths""}","[""desc-3a3673540cf8b3a9085b""]",1,a55473f28a24d83c9554f6c5dddb0c91bb8addcd2cf92beeecbb7dc0d050cacd,srs-overview,desc-source-0064264f43b758066423,"{""authority_tier"": ""admitted_context"", ""decision"": ""selected"", ""ownership_scope"": ""architecture"", ""provenance"": [""Section 5 STBIO1 toplevel overview, paragraph 017 (page 12)""], ""rationale"": ""SRS adapter admitted scoped context"", ""record_id"": ""desc-source-0064264f43b758066423"", ""text"": ""The ECG signal chain has several complementary features supporting ECG measurement, such as driven reference for common-mode rejection and lead off detection to identify a fallen electrode.""}",desc-unit-7439bcb48eb039657745,"{""output_order"": 1, ""section"": ""3.3 Main Architectural Domains and Subsystems"", ""source_record_ids"": [""desc-source-0064264f43b758066423""], ""text"": ""The measurement paths support ECG measurement."", ""unit_id"": ""desc-unit-7439bcb48eb039657745""}"
3.3 Main Architectural Domains and Subsystems,The BIA signal chain is designed for body impedance and human breathing measurements with a configurable excitation path and measurement path. BIA channel delivers both the real and the imaginary parts of the body and the breathing impedance.,"Section 5 STBIO1 toplevel overview, paragraph 020 (page 12)",architecture,The measurement paths support body impedance and human breathing measurements with a configurable excitation path and measurement path.,selected,compatible facts; all contributors retained,srs-overview-v1,desc-180dba15fb43f8260d08,"{""action"": ""support"", ""condition"": """", ""coordination"": ""and"", ""domain"": """", ""evidence_kind"": ""descriptive"", ""layer"": """", ""modality"": """", ""mode"": """", ""negative"": false, ""object_suffix"": """", ""objects"": [""body impedance and human breathing measurements""], ""owner"": """", ""plural_subject"": true, ""qualifiers"": [""with a configurable excitation path and measurement path""], ""results"": [], ""scope"": ""architecture"", ""section"": ""3.3 Main Architectural Domains and Subsystems"", ""source"": ""Section 5 STBIO1 toplevel overview, paragraph 020 (page 12)"", ""statement"": ""The BIA signal chain is designed for body impedance and human breathing measurements with a configurable excitation path and measurement path. BIA channel delivers both the real and the imaginary parts of the body and the breathing impedance."", ""subject"": ""The measurement paths""}","[""desc-180dba15fb43f8260d08""]",1,a55473f28a24d83c9554f6c5dddb0c91bb8addcd2cf92beeecbb7dc0d050cacd,srs-overview,desc-source-6a19d67f72200900f605,"{""authority_tier"": ""admitted_context"", ""decision"": ""selected"", ""ownership_scope"": ""architecture"", ""provenance"": [""Section 5 STBIO1 toplevel overview, paragraph 020 (page 12)""], ""rationale"": ""SRS adapter admitted scoped context"", ""record_id"": ""desc-source-6a19d67f72200900f605"", ""text"": ""The BIA signal chain is designed for body impedance and human breathing measurements with a configurable excitation path and measurement path. BIA channel delivers both the real and the imaginary parts of the body and the breathing impedance.""}",desc-unit-bb3d001c454ba0ceb134,"{""output_order"": 2, ""section"": ""3.3 Main Architectural Domains and Subsystems"", ""source_record_ids"": [""desc-source-6a19d67f72200900f605""], ""text"": ""The measurement paths support body impedance and human breathing measurements with a configurable excitation path and measurement path."", ""unit_id"": ""desc-unit-bb3d001c454ba0ceb134""}"
3.3 Main Architectural Domains and Subsystems,"Sensor hub IP can read external sensors by means of an I2C master protocol, enabling data collection in FIFO and embedded elaboration also on external data domain. The data collected by sensor hub is accessible from the Advanced DSP and ISPU, for sensor fusion algorithm elaboration.","Stage 1 OCR page 12, lines 42-45",system,The acquisition and data paths can acquire external sensor measurements through I2C master protocol with data collection and embedded processing of external measurements.,selected,compatible facts; all contributors retained,srs-overview-v1,desc-5d572a14f215f64b801d,"{""action"": ""acquire"", ""condition"": """", ""coordination"": ""and"", ""domain"": """", ""evidence_kind"": ""descriptive"", ""layer"": """", ""modality"": ""can"", ""mode"": """", ""negative"": false, ""object_suffix"": """", ""objects"": [""external sensor measurements""], ""owner"": """", ""plural_subject"": true, ""qualifiers"": [""through I2C master protocol"", ""with data collection and embedded processing of external measurements""], ""results"": [], ""scope"": ""system"", ""section"": ""3.3 Main Architectural Domains and Subsystems"", ""source"": ""Stage 1 OCR page 12, lines 42-45"", ""statement"": ""Sensor hub IP can read external sensors by means of an I2C master protocol, enabling data collection in FIFO and embedded elaboration also on external data domain. The data collected by sensor hub is accessible from the Advanced DSP and ISPU, for sensor fusion algorithm elaboration."", ""subject"": ""The acquisition and data paths""}","[""desc-5d572a14f215f64b801d""]",1,a55473f28a24d83c9554f6c5dddb0c91bb8addcd2cf92beeecbb7dc0d050cacd,srs-overview,desc-source-00aca37c20840053eb4e,"{""authority_tier"": ""admitted_context"", ""decision"": ""selected"", ""ownership_scope"": ""system"", ""provenance"": [""Stage 1 OCR page 12, lines 42-45""], ""rationale"": ""SRS adapter admitted scoped context"", ""record_id"": ""desc-source-00aca37c20840053eb4e"", ""text"": ""Sensor hub IP can read external sensors by means of an I2C master protocol, enabling data collection in FIFO and embedded elaboration also on external data domain. The data collected by sensor hub is accessible from the Advanced DSP and ISPU, for sensor fusion algorithm elaboration.""}",desc-unit-3083007cb39fd4ca117c,"{""output_order"": 1, ""section"": ""3.3 Main Architectural Domains and Subsystems"", ""source_record_ids"": [""desc-source-00aca37c20840053eb4e""], ""text"": ""The acquisition and data paths can acquire external sensor measurements through I2C master protocol with data collection and embedded processing of external measurements."", ""unit_id"": ""desc-unit-3083007cb39fd4ca117c""}"
3.3 Main Architectural Domains and Subsystems,"Sensor hub IP can read external sensors by means of an I2C master protocol, enabling data collection in FIFO and embedded elaboration also on external data domain. The data collected by sensor hub is accessible from the Advanced DSP and ISPU, for sensor fusion algorithm elaboration.","Stage 1 OCR page 12, lines 42-45",system,The acquisition and data paths provide collected external sensor measurements for sensor-fusion processing.,selected,compatible facts; all contributors retained,srs-overview-v1,desc-9c324a4916b902c75cba,"{""action"": ""provide"", ""condition"": """", ""coordination"": ""and"", ""domain"": """", ""evidence_kind"": ""descriptive"", ""layer"": """", ""modality"": """", ""mode"": """", ""negative"": false, ""object_suffix"": """", ""objects"": [""collected external sensor measurements""], ""owner"": """", ""plural_subject"": true, ""qualifiers"": [""for sensor-fusion processing""], ""results"": [], ""scope"": ""system"", ""section"": ""3.3 Main Architectural Domains and Subsystems"", ""source"": ""Stage 1 OCR page 12, lines 42-45"", ""statement"": ""Sensor hub IP can read external sensors by means of an I2C master protocol, enabling data collection in FIFO and embedded elaboration also on external data domain. The data collected by sensor hub is accessible from the Advanced DSP and ISPU, for sensor fusion algorithm elaboration."", ""subject"": ""The acquisition and data paths""}","[""desc-9c324a4916b902c75cba""]",1,a55473f28a24d83c9554f6c5dddb0c91bb8addcd2cf92beeecbb7dc0d050cacd,srs-overview,desc-source-00aca37c20840053eb4e,"{""authority_tier"": ""admitted_context"", ""decision"": ""selected"", ""ownership_scope"": ""system"", ""provenance"": [""Stage 1 OCR page 12, lines 42-45""], ""rationale"": ""SRS adapter admitted scoped context"", ""record_id"": ""desc-source-00aca37c20840053eb4e"", ""text"": ""Sensor hub IP can read external sensors by means of an I2C master protocol, enabling data collection in FIFO and embedded elaboration also on external data domain. The data collected by sensor hub is accessible from the Advanced DSP and ISPU, for sensor fusion algorithm elaboration.""}",desc-unit-2daf6b649d283d65fe49,"{""output_order"": 2, ""section"": ""3.3 Main Architectural Domains and Subsystems"", ""source_record_ids"": [""desc-source-00aca37c20840053eb4e""], ""text"": ""The acquisition and data paths provide collected external sensor measurements for sensor-fusion processing."", ""unit_id"": ""desc-unit-2daf6b649d283d65fe49""}"
3.3 Main Architectural Domains and Subsystems,"Sensor hub IP can read external sensors by means of an I2C master protocol, enabling data collection in FIFO and embedded elaboration also on external data domain.","Section 5 STBIO1 toplevel overview, paragraph 042 (page 12)",architecture,The acquisition and data paths can acquire external sensor measurements through I2C master protocol with data collection and embedded processing of external measurements.,selected,compatible facts; all contributors retained,srs-overview-v1,desc-c363de5b0469ce01ef0e,"{""action"": ""acquire"", ""condition"": """", ""coordination"": ""and"", ""domain"": """", ""evidence_kind"": ""descriptive"", ""layer"": """", ""modality"": ""can"", ""mode"": """", ""negative"": false, ""object_suffix"": """", ""objects"": [""external sensor measurements""], ""owner"": """", ""plural_subject"": true, ""qualifiers"": [""through I2C master protocol"", ""with data collection and embedded processing of external measurements""], ""results"": [], ""scope"": ""architecture"", ""section"": ""3.3 Main Architectural Domains and Subsystems"", ""source"": ""Section 5 STBIO1 toplevel overview, paragraph 042 (page 12)"", ""statement"": ""Sensor hub IP can read external sensors by means of an I2C master protocol, enabling data collection in FIFO and embedded elaboration also on external data domain."", ""subject"": ""The acquisition and data paths""}","[""desc-c363de5b0469ce01ef0e""]",1,a55473f28a24d83c9554f6c5dddb0c91bb8addcd2cf92beeecbb7dc0d050cacd,srs-overview,desc-source-c1b963d9fe774a948eb7,"{""authority_tier"": ""admitted_context"", ""decision"": ""selected"", ""ownership_scope"": ""architecture"", ""provenance"": [""Section 5 STBIO1 toplevel overview, paragraph 042 (page 12)""], ""rationale"": ""SRS adapter admitted scoped context"", ""record_id"": ""desc-source-c1b963d9fe774a948eb7"", ""text"": ""Sensor hub IP can read external sensors by means of an I2C master protocol, enabling data collection in FIFO and embedded elaboration also on external data domain.""}",desc-unit-7a6d1a3bcdb6c76d7ced,"{""output_order"": 3, ""section"": ""3.3 Main Architectural Domains and Subsystems"", ""source_record_ids"": [""desc-source-c1b963d9fe774a948eb7""], ""text"": ""The acquisition and data paths can acquire external sensor measurements through I2C master protocol with data collection and embedded processing of external measurements."", ""unit_id"": ""desc-unit-7a6d1a3bcdb6c76d7ced""}"
3.3 Main Architectural Domains and Subsystems,The BIA signal chain is designed for body impedance and human breathing measurements with a configurable excitation path and measurement path. BIA channel delivers both the real and the imaginary parts of the body and the breathing impedance.,"Section 5 STBIO1 toplevel overview, paragraph 020 (page 12)",architecture,The acquisition and data paths provide the real and the imaginary parts of the body and the breathing impedance.,selected,compatible facts; all contributors retained,srs-overview-v1,desc-c1727c36e716adbe229f,"{""action"": ""provide"", ""condition"": """", ""coordination"": ""and"", ""domain"": """", ""evidence_kind"": ""descriptive"", ""layer"": """", ""modality"": """", ""mode"": """", ""negative"": false, ""object_suffix"": """", ""objects"": [""the real and the imaginary parts of the body and the breathing impedance""], ""owner"": """", ""plural_subject"": true, ""qualifiers"": [], ""results"": [], ""scope"": ""architecture"", ""section"": ""3.3 Main Architectural Domains and Subsystems"", ""source"": ""Section 5 STBIO1 toplevel overview, paragraph 020 (page 12)"", ""statement"": ""The BIA signal chain is designed for body impedance and human breathing measurements with a configurable excitation path and measurement path. BIA channel delivers both the real and the imaginary parts of the body and the breathing impedance."", ""subject"": ""The acquisition and data paths""}","[""desc-c1727c36e716adbe229f""]",1,a55473f28a24d83c9554f6c5dddb0c91bb8addcd2cf92beeecbb7dc0d050cacd,srs-overview,desc-source-6a19d67f72200900f605,"{""authority_tier"": ""admitted_context"", ""decision"": ""selected"", ""ownership_scope"": ""architecture"", ""provenance"": [""Section 5 STBIO1 toplevel overview, paragraph 020 (page 12)""], ""rationale"": ""SRS adapter admitted scoped context"", ""record_id"": ""desc-source-6a19d67f72200900f605"", ""text"": ""The BIA signal chain is designed for body impedance and human breathing measurements with a configurable excitation path and measurement path. BIA channel delivers both the real and the imaginary parts of the body and the breathing impedance.""}",desc-unit-7ac714d9bd4ed142847c,"{""output_order"": 4, ""section"": ""3.3 Main Architectural Domains and Subsystems"", ""source_record_ids"": [""desc-source-6a19d67f72200900f605""], ""text"": ""The acquisition and data paths provide the real and the imaginary parts of the body and the breathing impedance."", ""unit_id"": ""desc-unit-7ac714d9bd4ed142847c""}"
3.3 Main Architectural Domains and Subsystems,"ECG, BIA or GSR data raw in SYSTEM REGISTERS are processed by ADSP.","Section 8.2 Normal Mode (under Section 8 STBIO1: Functional Modes), paragraph 031 (page 18)",architecture,"In Normal Mode, the processing function processes ECG, BIA or GSR measurements.",selected,compatible facts; all contributors retained,srs-overview-v1,desc-cfedc2c1cc9996c8a20a,"{""action"": ""process"", ""condition"": """", ""coordination"": ""or"", ""domain"": """", ""evidence_kind"": ""descriptive"", ""layer"": """", ""modality"": """", ""mode"": ""Normal Mode"", ""negative"": false, ""object_suffix"": ""measurements"", ""objects"": [""ECG"", ""BIA"", ""GSR""], ""owner"": """", ""plural_subject"": false, ""qualifiers"": [], ""results"": [], ""scope"": ""architecture"", ""section"": ""3.3 Main Architectural Domains and Subsystems"", ""source"": ""Section 8.2 Normal Mode (under Section 8 STBIO1: Functional Modes), paragraph 031 (page 18)"", ""statement"": ""ECG, BIA or GSR data raw in SYSTEM REGISTERS are processed by ADSP."", ""subject"": ""The processing function""}","[""desc-cfedc2c1cc9996c8a20a""]",1,a55473f28a24d83c9554f6c5dddb0c91bb8addcd2cf92beeecbb7dc0d050cacd,srs-overview,desc-source-993595748819991308f3,"{""authority_tier"": ""admitted_context"", ""decision"": ""selected"", ""ownership_scope"": ""architecture"", ""provenance"": [""Section 8.2 Normal Mode (under Section 8 STBIO1: Functional Modes), paragraph 031 (page 18)""], ""rationale"": ""SRS adapter admitted scoped context"", ""record_id"": ""desc-source-993595748819991308f3"", ""text"": ""ECG, BIA or GSR data raw in SYSTEM REGISTERS are processed by ADSP.""}",desc-unit-28058006a5cbafbdb731,"{""output_order"": 1, ""section"": ""3.3 Main Architectural Domains and Subsystems"", ""source_record_ids"": [""desc-source-993595748819991308f3""], ""text"": ""In Normal Mode, the processing function processes ECG, BIA or GSR measurements."", ""unit_id"": ""desc-unit-28058006a5cbafbdb731""}"
3.4 External Interfaces and System Boundaries,Raw sensor-domain analog input,artifacts/stage2_mirco_arc/interface_catalog.csv:row 2,architecture,| Sensing input | input | analog |,selected,interface role from purpose; no pin-name inference,srs-overview-v1,,,[],1,a55473f28a24d83c9554f6c5dddb0c91bb8addcd2cf92beeecbb7dc0d050cacd,srs-overview,,,,
3.4 External Interfaces and System Boundaries,Digitized samples,artifacts/stage2_mirco_arc/interface_catalog.csv:row 3,architecture,| Measurement data exchange | output | digital |,selected,interface role from purpose; no pin-name inference,srs-overview-v1,,,[],1,a55473f28a24d83c9554f6c5dddb0c91bb8addcd2cf92beeecbb7dc0d050cacd,srs-overview,,,,
3.4 External Interfaces and System Boundaries,Buffered output samples,artifacts/stage2_mirco_arc/interface_catalog.csv:row 4,architecture,| Measurement data exchange | output | digital |,selected,interface role from purpose; no pin-name inference,srs-overview-v1,,,[],1,a55473f28a24d83c9554f6c5dddb0c91bb8addcd2cf92beeecbb7dc0d050cacd,srs-overview,,,,
3.4 External Interfaces and System Boundaries,Serial clock input,artifacts/stage2_mirco_arc/interface_catalog.csv:row 5,architecture,"| Serial communication | input, bidirectional, output | digital |",selected,interface role from purpose; no pin-name inference,srs-overview-v1,,,[],1,a55473f28a24d83c9554f6c5dddb0c91bb8addcd2cf92beeecbb7dc0d050cacd,srs-overview,,,,
3.4 External Interfaces and System Boundaries,Serial frame/select input,artifacts/stage2_mirco_arc/interface_catalog.csv:row 6,architecture,"| Serial communication | input, bidirectional, output | digital |",selected,interface role from purpose; no pin-name inference,srs-overview-v1,,,[],1,a55473f28a24d83c9554f6c5dddb0c91bb8addcd2cf92beeecbb7dc0d050cacd,srs-overview,,,,
3.4 External Interfaces and System Boundaries,Serial data input,artifacts/stage2_mirco_arc/interface_catalog.csv:row 7,architecture,"| Serial communication | input, bidirectional, output | digital |",selected,interface role from purpose; no pin-name inference,srs-overview-v1,,,[],1,a55473f28a24d83c9554f6c5dddb0c91bb8addcd2cf92beeecbb7dc0d050cacd,srs-overview,,,,
3.4 External Interfaces and System Boundaries,Serial data output,artifacts/stage2_mirco_arc/interface_catalog.csv:row 8,architecture,"| Serial communication | input, bidirectional, output | digital |",selected,interface role from purpose; no pin-name inference,srs-overview-v1,,,[],1,a55473f28a24d83c9554f6c5dddb0c91bb8addcd2cf92beeecbb7dc0d050cacd,srs-overview,,,,
3.4 External Interfaces and System Boundaries,Alternate serial clock input,artifacts/stage2_mirco_arc/interface_catalog.csv:row 9,architecture,"| Serial communication | input, bidirectional, output | digital |",selected,interface role from purpose; no pin-name inference,srs-overview-v1,,,[],1,a55473f28a24d83c9554f6c5dddb0c91bb8addcd2cf92beeecbb7dc0d050cacd,srs-overview,,,,
3.4 External Interfaces and System Boundaries,Alternate serial bidirectional data line,artifacts/stage2_mirco_arc/interface_catalog.csv:row 10,architecture,"| Serial communication | input, bidirectional, output | digital |",selected,interface role from purpose; no pin-name inference,srs-overview-v1,,,[],1,a55473f28a24d83c9554f6c5dddb0c91bb8addcd2cf92beeecbb7dc0d050cacd,srs-overview,,,,
3.4 External Interfaces and System Boundaries,Primary interrupt output,artifacts/stage2_mirco_arc/interface_catalog.csv:row 11,architecture,| Interrupt reporting | output | digital |,selected,interface role from purpose; no pin-name inference,srs-overview-v1,,,[],1,a55473f28a24d83c9554f6c5dddb0c91bb8addcd2cf92beeecbb7dc0d050cacd,srs-overview,,,,
3.4 External Interfaces and System Boundaries,Secondary interrupt output,artifacts/stage2_mirco_arc/interface_catalog.csv:row 12,architecture,| Interrupt reporting | output | digital |,selected,interface role from purpose; no pin-name inference,srs-overview-v1,,,[],1,a55473f28a24d83c9554f6c5dddb0c91bb8addcd2cf92beeecbb7dc0d050cacd,srs-overview,,,,
3.4 External Interfaces and System Boundaries,Core supply,artifacts/stage2_mirco_arc/interface_catalog.csv:row 13,architecture,| Power supply | input | power |,selected,interface role from purpose; no pin-name inference,srs-overview-v1,,,[],1,a55473f28a24d83c9554f6c5dddb0c91bb8addcd2cf92beeecbb7dc0d050cacd,srs-overview,,,,
3.4 External Interfaces and System Boundaries,Digital IO supply,artifacts/stage2_mirco_arc/interface_catalog.csv:row 14,architecture,| Power supply | input | power |,selected,interface role from purpose; no pin-name inference,srs-overview-v1,,,[],1,a55473f28a24d83c9554f6c5dddb0c91bb8addcd2cf92beeecbb7dc0d050cacd,srs-overview,,,,
,"PD_TOP1V2: Included block(s): ADSP,, multi_channel_fifo, i2c_spi_slave, main_controller_top, senshub_mst_i2c, pad_mux, pmu, stbio1_regmap, scan_out_mux, xbar_afe. Domain type: Always-On. Control mode: HW. Notes: Always active. • Function: Ensures continuity of critical functions (Data Storage Mode, Sensor-Hub acquisition, FIFO read and write data, Elaboration Mode with ADSP only). • Characteristics: Never powered down. • Control: Managed by hardware.",Stage 1 OCR power-domain table/description (PD_TOP1V2),architecture,,rejected,projection_gap: power qualifier requires explicit projection,srs-overview-v1,,,[],1,a55473f28a24d83c9554f6c5dddb0c91bb8addcd2cf92beeecbb7dc0d050cacd,srs-overview,,,,
,"PD_TOP1V2: Included block(s): ADSP,, multi_channel_fifo, i2c_spi_slave, main_controller_top, senshub_mst_i2c, pad_mux, pmu, stbio1_regmap, scan_out_mux, xbar_afe. Domain type: Always-On. Control mode: HW. Notes: Always active. • Function: Ensures continuity of critical functions (Data Storage Mode, Sensor-Hub acquisition, FIFO read and write data, Elaboration Mode with ADSP only). • Characteristics: Never powered down. • Control: Managed by hardware.",Stage 1 OCR power-domain table/description (PD_TOP1V2),architecture,,rejected,projection_gap: power qualifier requires explicit projection,srs-overview-v1,,,[],1,a55473f28a24d83c9554f6c5dddb0c91bb8addcd2cf92beeecbb7dc0d050cacd,srs-overview,,,,
"3.6 Power, Clock, and Reset Overview",PD_TOP3V3: Included block(s): H9A_MEM_OTP_ PUMP_85AL05_2. Domain type: Always-On. Voltage: 3A. Control mode: HW. Notes: Always active. • Function: power supply to the OTP memory block. • Characteristics: Never powered down. It provides 4.7V of power supply to the OTP memory block during programming (write) operations • Control: Managed by hardware.,Stage 1 OCR power-domain table/description (PD_TOP3V3),architecture,An always-on domain remains powered.,selected,compatible facts; all contributors retained,srs-overview-v1,desc-63a323fe462fa9f4bbd7,"{""action"": ""remain"", ""condition"": """", ""coordination"": ""and"", ""domain"": """", ""evidence_kind"": ""descriptive"", ""layer"": """", ""modality"": """", ""mode"": """", ""negative"": false, ""object_suffix"": """", ""objects"": [""powered""], ""owner"": """", ""plural_subject"": false, ""qualifiers"": [], ""results"": [], ""scope"": ""architecture"", ""section"": ""3.6 Power, Clock, and Reset Overview"", ""source"": ""Stage 1 OCR power-domain table/description (PD_TOP3V3)"", ""statement"": ""PD_TOP3V3: Included block(s): H9A_MEM_OTP_ PUMP_85AL05_2. Domain type: Always-On. Voltage: 3A. Control mode: HW. Notes: Always active. \u2022 Function: power supply to the OTP memory block. \u2022 Characteristics: Never powered down. It provides 4.7V of power supply to the OTP memory block during programming (write) operations \u2022 Control: Managed by hardware."", ""subject"": ""An always-on domain""}","[""desc-63a323fe462fa9f4bbd7"", ""desc-2634337dc9acbb8e30fc""]",1,a55473f28a24d83c9554f6c5dddb0c91bb8addcd2cf92beeecbb7dc0d050cacd,srs-overview,desc-source-2a82c5a3a55cfb119014,"{""authority_tier"": ""admitted_context"", ""decision"": ""selected"", ""ownership_scope"": ""architecture"", ""provenance"": [""Stage 1 OCR power-domain table/description (PD_TOP3V3)""], ""rationale"": ""SRS adapter admitted scoped context"", ""record_id"": ""desc-source-2a82c5a3a55cfb119014"", ""text"": ""PD_TOP3V3: Included block(s): H9A_MEM_OTP_ PUMP_85AL05_2. Domain type: Always-On. Voltage: 3A. Control mode: HW. Notes: Always active. \u2022 Function: power supply to the OTP memory block. \u2022 Characteristics: Never powered down. It provides 4.7V of power supply to the OTP memory block during programming (write) operations \u2022 Control: Managed by hardware.""}",desc-unit-c457c882c3e7c2248d35,"{""output_order"": 1, ""section"": ""3.6 Power, Clock, and Reset Overview"", ""source_record_ids"": [""desc-source-2a82c5a3a55cfb119014"", ""desc-source-720c9fabe527a611abaa""], ""text"": ""An always-on domain remains powered."", ""unit_id"": ""desc-unit-c457c882c3e7c2248d35""}"
"3.6 Power, Clock, and Reset Overview",PD_TOP3V3: Included block(s): H9A_MEM_OTP_ PUMP_85AL05_2. Domain type: Always-On. Voltage: 3A. Control mode: HW. Notes: Always active. • Function: power supply to the OTP memory block. • Characteristics: Never powered down. It provides 4.7V of power supply to the OTP memory block during programming (write) operations • Control: Managed by hardware.,Stage 1 OCR power-domain table/description (PD_TOP3V3),architecture,An always-on domain remains powered.,selected,compatible facts; all contributors retained,srs-overview-v1,desc-63a323fe462fa9f4bbd7,"{""action"": ""remain"", ""condition"": """", ""coordination"": ""and"", ""domain"": """", ""evidence_kind"": ""descriptive"", ""layer"": """", ""modality"": """", ""mode"": """", ""negative"": false, ""object_suffix"": """", ""objects"": [""powered""], ""owner"": """", ""plural_subject"": false, ""qualifiers"": [], ""results"": [], ""scope"": ""architecture"", ""section"": ""3.6 Power, Clock, and Reset Overview"", ""source"": ""Stage 1 OCR power-domain table/description (PD_TOP3V3)"", ""statement"": ""PD_TOP3V3: Included block(s): H9A_MEM_OTP_ PUMP_85AL05_2. Domain type: Always-On. Voltage: 3A. Control mode: HW. Notes: Always active. \u2022 Function: power supply to the OTP memory block. \u2022 Characteristics: Never powered down. It provides 4.7V of power supply to the OTP memory block during programming (write) operations \u2022 Control: Managed by hardware."", ""subject"": ""An always-on domain""}","[""desc-63a323fe462fa9f4bbd7"", ""desc-2634337dc9acbb8e30fc""]",1,a55473f28a24d83c9554f6c5dddb0c91bb8addcd2cf92beeecbb7dc0d050cacd,srs-overview,desc-source-2a82c5a3a55cfb119014,"{""authority_tier"": ""admitted_context"", ""decision"": ""selected"", ""ownership_scope"": ""architecture"", ""provenance"": [""Stage 1 OCR power-domain table/description (PD_TOP3V3)""], ""rationale"": ""SRS adapter admitted scoped context"", ""record_id"": ""desc-source-2a82c5a3a55cfb119014"", ""text"": ""PD_TOP3V3: Included block(s): H9A_MEM_OTP_ PUMP_85AL05_2. Domain type: Always-On. Voltage: 3A. Control mode: HW. Notes: Always active. \u2022 Function: power supply to the OTP memory block. \u2022 Characteristics: Never powered down. It provides 4.7V of power supply to the OTP memory block during programming (write) operations \u2022 Control: Managed by hardware.""}",desc-unit-c457c882c3e7c2248d35,"{""output_order"": 1, ""section"": ""3.6 Power, Clock, and Reset Overview"", ""source_record_ids"": [""desc-source-2a82c5a3a55cfb119014"", ""desc-source-720c9fabe527a611abaa""], ""text"": ""An always-on domain remains powered."", ""unit_id"": ""desc-unit-c457c882c3e7c2248d35""}"
"3.6 Power, Clock, and Reset Overview",PD_TOPIO: Included block(s): level_shifter_sel. Domain type: Always-On. Control mode: HW. Notes: Always active 32 10.4.. • Function: Powers communication PAD • Characteristics: Never powered down. • Control: Managed by hardware.,Stage 1 OCR power-domain table/description (PD_TOPIO),architecture,An always-on domain remains powered.,selected,compatible facts; all contributors retained,srs-overview-v1,desc-2634337dc9acbb8e30fc,"{""action"": ""remain"", ""condition"": """", ""coordination"": ""and"", ""domain"": """", ""evidence_kind"": ""descriptive"", ""layer"": """", ""modality"": """", ""mode"": """", ""negative"": false, ""object_suffix"": """", ""objects"": [""powered""], ""owner"": """", ""plural_subject"": false, ""qualifiers"": [], ""results"": [], ""scope"": ""architecture"", ""section"": ""3.6 Power, Clock, and Reset Overview"", ""source"": ""Stage 1 OCR power-domain table/description (PD_TOPIO)"", ""statement"": ""PD_TOPIO: Included block(s): level_shifter_sel. Domain type: Always-On. Control mode: HW. Notes: Always active 32 10.4.. \u2022 Function: Powers communication PAD \u2022 Characteristics: Never powered down. \u2022 Control: Managed by hardware."", ""subject"": ""An always-on domain""}","[""desc-63a323fe462fa9f4bbd7"", ""desc-2634337dc9acbb8e30fc""]",1,a55473f28a24d83c9554f6c5dddb0c91bb8addcd2cf92beeecbb7dc0d050cacd,srs-overview,desc-source-720c9fabe527a611abaa,"{""authority_tier"": ""admitted_context"", ""decision"": ""selected"", ""ownership_scope"": ""architecture"", ""provenance"": [""Stage 1 OCR power-domain table/description (PD_TOPIO)""], ""rationale"": ""SRS adapter admitted scoped context"", ""record_id"": ""desc-source-720c9fabe527a611abaa"", ""text"": ""PD_TOPIO: Included block(s): level_shifter_sel. Domain type: Always-On. Control mode: HW. Notes: Always active 32 10.4.. \u2022 Function: Powers communication PAD \u2022 Characteristics: Never powered down. \u2022 Control: Managed by hardware.""}",desc-unit-c457c882c3e7c2248d35,"{""output_order"": 1, ""section"": ""3.6 Power, Clock, and Reset Overview"", ""source_record_ids"": [""desc-source-2a82c5a3a55cfb119014"", ""desc-source-720c9fabe527a611abaa""], ""text"": ""An always-on domain remains powered."", ""unit_id"": ""desc-unit-c457c882c3e7c2248d35""}"
"3.6 Power, Clock, and Reset Overview",PD_TOPIO: Included block(s): level_shifter_sel. Domain type: Always-On. Control mode: HW. Notes: Always active 32 10.4.. • Function: Powers communication PAD • Characteristics: Never powered down. • Control: Managed by hardware.,Stage 1 OCR power-domain table/description (PD_TOPIO),architecture,An always-on domain remains powered.,selected,compatible facts; all contributors retained,srs-overview-v1,desc-2634337dc9acbb8e30fc,"{""action"": ""remain"", ""condition"": """", ""coordination"": ""and"", ""domain"": """", ""evidence_kind"": ""descriptive"", ""layer"": """", ""modality"": """", ""mode"": """", ""negative"": false, ""object_suffix"": """", ""objects"": [""powered""], ""owner"": """", ""plural_subject"": false, ""qualifiers"": [], ""results"": [], ""scope"": ""architecture"", ""section"": ""3.6 Power, Clock, and Reset Overview"", ""source"": ""Stage 1 OCR power-domain table/description (PD_TOPIO)"", ""statement"": ""PD_TOPIO: Included block(s): level_shifter_sel. Domain type: Always-On. Control mode: HW. Notes: Always active 32 10.4.. \u2022 Function: Powers communication PAD \u2022 Characteristics: Never powered down. \u2022 Control: Managed by hardware."", ""subject"": ""An always-on domain""}","[""desc-63a323fe462fa9f4bbd7"", ""desc-2634337dc9acbb8e30fc""]",1,a55473f28a24d83c9554f6c5dddb0c91bb8addcd2cf92beeecbb7dc0d050cacd,srs-overview,desc-source-720c9fabe527a611abaa,"{""authority_tier"": ""admitted_context"", ""decision"": ""selected"", ""ownership_scope"": ""architecture"", ""provenance"": [""Stage 1 OCR power-domain table/description (PD_TOPIO)""], ""rationale"": ""SRS adapter admitted scoped context"", ""record_id"": ""desc-source-720c9fabe527a611abaa"", ""text"": ""PD_TOPIO: Included block(s): level_shifter_sel. Domain type: Always-On. Control mode: HW. Notes: Always active 32 10.4.. \u2022 Function: Powers communication PAD \u2022 Characteristics: Never powered down. \u2022 Control: Managed by hardware.""}",desc-unit-c457c882c3e7c2248d35,"{""output_order"": 1, ""section"": ""3.6 Power, Clock, and Reset Overview"", ""source_record_ids"": [""desc-source-2a82c5a3a55cfb119014"", ""desc-source-720c9fabe527a611abaa""], ""text"": ""An always-on domain remains powered."", ""unit_id"": ""desc-unit-c457c882c3e7c2248d35""}"
"3.6 Power, Clock, and Reset Overview",PD_STREDL: Included block(s): STREDL. Domain type: Switchable. Control mode: SW. Notes: Can be powered down in idle. • Function: Powers the STREDL core and associated cache. • Characteristics: Can be powered down when STREDL is not in use. • Control: Managed via software (power management driver)(see 12.3.1),Stage 1 OCR power-domain table/description (PD_STREDL),architecture,A switchable domain can enter a powered-down state in idle when its associated logic is not in use.,selected,compatible facts; all contributors retained,srs-overview-v1,desc-c0081140c04da0a95fed,"{""action"": ""enter"", ""condition"": """", ""coordination"": ""and"", ""domain"": """", ""evidence_kind"": ""descriptive"", ""layer"": """", ""modality"": ""can"", ""mode"": """", ""negative"": false, ""object_suffix"": """", ""objects"": [""a powered-down state""], ""owner"": """", ""plural_subject"": false, ""qualifiers"": [""in idle"", ""when its associated logic is not in use""], ""results"": [], ""scope"": ""architecture"", ""section"": ""3.6 Power, Clock, and Reset Overview"", ""source"": ""Stage 1 OCR power-domain table/description (PD_STREDL)"", ""statement"": ""PD_STREDL: Included block(s): STREDL. Domain type: Switchable. Control mode: SW. Notes: Can be powered down in idle. \u2022 Function: Powers the STREDL core and associated cache. \u2022 Characteristics: Can be powered down when STREDL is not in use. \u2022 Control: Managed via software (power management driver)(see 12.3.1)"", ""subject"": ""A switchable domain""}","[""desc-c0081140c04da0a95fed""]",1,a55473f28a24d83c9554f6c5dddb0c91bb8addcd2cf92beeecbb7dc0d050cacd,srs-overview,desc-source-5fa05722a1ee2eb83301,"{""authority_tier"": ""admitted_context"", ""decision"": ""selected"", ""ownership_scope"": ""architecture"", ""provenance"": [""Stage 1 OCR power-domain table/description (PD_STREDL)""], ""rationale"": ""SRS adapter admitted scoped context"", ""record_id"": ""desc-source-5fa05722a1ee2eb83301"", ""text"": ""PD_STREDL: Included block(s): STREDL. Domain type: Switchable. Control mode: SW. Notes: Can be powered down in idle. \u2022 Function: Powers the STREDL core and associated cache. \u2022 Characteristics: Can be powered down when STREDL is not in use. \u2022 Control: Managed via software (power management driver)(see 12.3.1)""}",desc-unit-ca668e7f7e8aa8bb09eb,"{""output_order"": 1, ""section"": ""3.6 Power, Clock, and Reset Overview"", ""source_record_ids"": [""desc-source-5fa05722a1ee2eb83301""], ""text"": ""A switchable domain can enter a powered-down state in idle when its associated logic is not in use."", ""unit_id"": ""desc-unit-ca668e7f7e8aa8bb09eb""}"
"3.6 Power, Clock, and Reset Overview",PD_STREDL: Included block(s): STREDL. Domain type: Switchable. Control mode: SW. Notes: Can be powered down in idle. • Function: Powers the STREDL core and associated cache. • Characteristics: Can be powered down when STREDL is not in use. • Control: Managed via software (power management driver)(see 12.3.1),Stage 1 OCR power-domain table/description (PD_STREDL),architecture,A switchable domain can enter a powered-down state in idle when its associated logic is not in use.,selected,compatible facts; all contributors retained,srs-overview-v1,desc-c0081140c04da0a95fed,"{""action"": ""enter"", ""condition"": """", ""coordination"": ""and"", ""domain"": """", ""evidence_kind"": ""descriptive"", ""layer"": """", ""modality"": ""can"", ""mode"": """", ""negative"": false, ""object_suffix"": """", ""objects"": [""a powered-down state""], ""owner"": """", ""plural_subject"": false, ""qualifiers"": [""in idle"", ""when its associated logic is not in use""], ""results"": [], ""scope"": ""architecture"", ""section"": ""3.6 Power, Clock, and Reset Overview"", ""source"": ""Stage 1 OCR power-domain table/description (PD_STREDL)"", ""statement"": ""PD_STREDL: Included block(s): STREDL. Domain type: Switchable. Control mode: SW. Notes: Can be powered down in idle. \u2022 Function: Powers the STREDL core and associated cache. \u2022 Characteristics: Can be powered down when STREDL is not in use. \u2022 Control: Managed via software (power management driver)(see 12.3.1)"", ""subject"": ""A switchable domain""}","[""desc-c0081140c04da0a95fed""]",1,a55473f28a24d83c9554f6c5dddb0c91bb8addcd2cf92beeecbb7dc0d050cacd,srs-overview,desc-source-5fa05722a1ee2eb83301,"{""authority_tier"": ""admitted_context"", ""decision"": ""selected"", ""ownership_scope"": ""architecture"", ""provenance"": [""Stage 1 OCR power-domain table/description (PD_STREDL)""], ""rationale"": ""SRS adapter admitted scoped context"", ""record_id"": ""desc-source-5fa05722a1ee2eb83301"", ""text"": ""PD_STREDL: Included block(s): STREDL. Domain type: Switchable. Control mode: SW. Notes: Can be powered down in idle. \u2022 Function: Powers the STREDL core and associated cache. \u2022 Characteristics: Can be powered down when STREDL is not in use. \u2022 Control: Managed via software (power management driver)(see 12.3.1)""}",desc-unit-ca668e7f7e8aa8bb09eb,"{""output_order"": 1, ""section"": ""3.6 Power, Clock, and Reset Overview"", ""source_record_ids"": [""desc-source-5fa05722a1ee2eb83301""], ""text"": ""A switchable domain can enter a powered-down state in idle when its associated logic is not in use."", ""unit_id"": ""desc-unit-ca668e7f7e8aa8bb09eb""}"
