Table title,Port name,Direction,Type / details,Owner,Source page,Source file,Ownership status
I/O List,AV1V8,unspecified,1.8 V Analog Power Supply D5 Power,STBIOSystem,16,C:/Users/iannuzza/LOCAL_PROJ/Github_copilot_proj/STBIO_AI/artifacts/stage1_requirements/ocr_extracts/DDS_STBIO1_p016.txt,approved
I/O List,AV3V3,unspecified,3.3 V Analog Power Supply D4 Power,STBIOSystem,16,C:/Users/iannuzza/LOCAL_PROJ/Github_copilot_proj/STBIO_AI/artifacts/stage1_requirements/ocr_extracts/DDS_STBIO1_p016.txt,approved
I/O List,AGND,unspecified,Analog Ground D6 Power,STBIOSystem,16,C:/Users/iannuzza/LOCAL_PROJ/Github_copilot_proj/STBIO_AI/artifacts/stage1_requirements/ocr_extracts/DDS_STBIO1_p016.txt,approved
I/O List,DVDD,unspecified,1.8 V Digital Power Supply A3 Power,STBIOSystem,16,C:/Users/iannuzza/LOCAL_PROJ/Github_copilot_proj/STBIO_AI/artifacts/stage1_requirements/ocr_extracts/DDS_STBIO1_p016.txt,approved
I/O List,GNDD,unspecified,Digital Ground B3 Power,STBIOSystem,16,C:/Users/iannuzza/LOCAL_PROJ/Github_copilot_proj/STBIO_AI/artifacts/stage1_requirements/ocr_extracts/DDS_STBIO1_p016.txt,approved
I/O List,VDDIO,unspecified,I/O Power Supply. A2 Power,STBIOSystem,16,C:/Users/iannuzza/LOCAL_PROJ/Github_copilot_proj/STBIO_AI/artifacts/stage1_requirements/ocr_extracts/DDS_STBIO1_p016.txt,approved
I/O List,GNDIO,unspecified,I/O Ground B2 Power,STBIOSystem,16,C:/Users/iannuzza/LOCAL_PROJ/Github_copilot_proj/STBIO_AI/artifacts/stage1_requirements/ocr_extracts/DDS_STBIO1_p016.txt,approved
I/O List,LGND,unspecified,LED Ground F2 Power,STBIOSystem,16,C:/Users/iannuzza/LOCAL_PROJ/Github_copilot_proj/STBIO_AI/artifacts/stage1_requirements/ocr_extracts/DDS_STBIO1_p016.txt,approved
I/O List,VREF,unspecified,Voltage Reference D7 Analog,STBIOSystem,16,C:/Users/iannuzza/LOCAL_PROJ/Github_copilot_proj/STBIO_AI/artifacts/stage1_requirements/ocr_extracts/DDS_STBIO1_p016.txt,approved
I/O List,PDIN5N,unspecified,Photodiode 5 N A7 Analog,STBIOSystem,16,C:/Users/iannuzza/LOCAL_PROJ/Github_copilot_proj/STBIO_AI/artifacts/stage1_requirements/ocr_extracts/DDS_STBIO1_p016.txt,approved
I/O List,PDIN1P,unspecified,Photodiode 5 P A6 Analog,STBIOSystem,16,C:/Users/iannuzza/LOCAL_PROJ/Github_copilot_proj/STBIO_AI/artifacts/stage1_requirements/ocr_extracts/DDS_STBIO1_p016.txt,approved
I/O List,PDIN6N,unspecified,Photodiode 6 N A5 Analog 16,STBIOSystem,16,C:/Users/iannuzza/LOCAL_PROJ/Github_copilot_proj/STBIO_AI/artifacts/stage1_requirements/ocr_extracts/DDS_STBIO1_p016.txt,approved
I/O List,PDIN6P,unspecified,Photodiode 6 P A4 Analog,STBIOSystem,17,C:/Users/iannuzza/LOCAL_PROJ/Github_copilot_proj/STBIO_AI/artifacts/stage1_requirements/ocr_extracts/DDS_STBIO1_p017.txt,approved
I/O List,PDIN3N,unspecified,Photodiode 3 N B7 Analog,STBIOSystem,17,C:/Users/iannuzza/LOCAL_PROJ/Github_copilot_proj/STBIO_AI/artifacts/stage1_requirements/ocr_extracts/DDS_STBIO1_p017.txt,approved
I/O List,PDIN3P,unspecified,Photodiode 3 P B6 Analog,STBIOSystem,17,C:/Users/iannuzza/LOCAL_PROJ/Github_copilot_proj/STBIO_AI/artifacts/stage1_requirements/ocr_extracts/DDS_STBIO1_p017.txt,approved
I/O List,PDIN4N,unspecified,Photodiode 4 N B5 Analog,STBIOSystem,17,C:/Users/iannuzza/LOCAL_PROJ/Github_copilot_proj/STBIO_AI/artifacts/stage1_requirements/ocr_extracts/DDS_STBIO1_p017.txt,approved
I/O List,PDIN4P,unspecified,Photodiode 4 P B4 Analog,STBIOSystem,17,C:/Users/iannuzza/LOCAL_PROJ/Github_copilot_proj/STBIO_AI/artifacts/stage1_requirements/ocr_extracts/DDS_STBIO1_p017.txt,approved
I/O List,PDIN2P,unspecified,Photodiode 2 P C4 Analog,STBIOSystem,17,C:/Users/iannuzza/LOCAL_PROJ/Github_copilot_proj/STBIO_AI/artifacts/stage1_requirements/ocr_extracts/DDS_STBIO1_p017.txt,approved
I/O List,PDIN2N,unspecified,Photodiode 2 N C5 Analog,STBIOSystem,17,C:/Users/iannuzza/LOCAL_PROJ/Github_copilot_proj/STBIO_AI/artifacts/stage1_requirements/ocr_extracts/DDS_STBIO1_p017.txt,approved
I/O List,PDIN1P,unspecified,Photodiode 1 P C6 Analog,STBIOSystem,17,C:/Users/iannuzza/LOCAL_PROJ/Github_copilot_proj/STBIO_AI/artifacts/stage1_requirements/ocr_extracts/DDS_STBIO1_p017.txt,approved
I/O List,PDIN1N,unspecified,Photodiode 1 N C7 Analog,STBIOSystem,17,C:/Users/iannuzza/LOCAL_PROJ/Github_copilot_proj/STBIO_AI/artifacts/stage1_requirements/ocr_extracts/DDS_STBIO1_p017.txt,approved
I/O List,LED1,unspecified,LED driver 1 G3 Analog,STBIOSystem,17,C:/Users/iannuzza/LOCAL_PROJ/Github_copilot_proj/STBIO_AI/artifacts/stage1_requirements/ocr_extracts/DDS_STBIO1_p017.txt,approved
I/O List,LED2,unspecified,LED driver 2 G2 Analog,STBIOSystem,17,C:/Users/iannuzza/LOCAL_PROJ/Github_copilot_proj/STBIO_AI/artifacts/stage1_requirements/ocr_extracts/DDS_STBIO1_p017.txt,approved
I/O List,LED3,unspecified,LED driver 3 G1 Analog,STBIOSystem,17,C:/Users/iannuzza/LOCAL_PROJ/Github_copilot_proj/STBIO_AI/artifacts/stage1_requirements/ocr_extracts/DDS_STBIO1_p017.txt,approved
I/O List,LED4,unspecified,LED driver 4 F1 Analog,STBIOSystem,17,C:/Users/iannuzza/LOCAL_PROJ/Github_copilot_proj/STBIO_AI/artifacts/stage1_requirements/ocr_extracts/DDS_STBIO1_p017.txt,approved
I/O List,LED5,unspecified,LED driver 5 F3 Analog,STBIOSystem,17,C:/Users/iannuzza/LOCAL_PROJ/Github_copilot_proj/STBIO_AI/artifacts/stage1_requirements/ocr_extracts/DDS_STBIO1_p017.txt,approved
I/O List,LED6,unspecified,LED driver 6 E1 Analog,STBIOSystem,17,C:/Users/iannuzza/LOCAL_PROJ/Github_copilot_proj/STBIO_AI/artifacts/stage1_requirements/ocr_extracts/DDS_STBIO1_p017.txt,approved
I/O List,LED7,unspecified,LED driver 7 E2 Analog,STBIOSystem,17,C:/Users/iannuzza/LOCAL_PROJ/Github_copilot_proj/STBIO_AI/artifacts/stage1_requirements/ocr_extracts/DDS_STBIO1_p017.txt,approved
I/O List,LED8,unspecified,LED driver 8 E3 Analog,STBIOSystem,17,C:/Users/iannuzza/LOCAL_PROJ/Github_copilot_proj/STBIO_AI/artifacts/stage1_requirements/ocr_extracts/DDS_STBIO1_p017.txt,approved
I/O List,ECGIP,unspecified,ECG Positive Input E7 Analog,STBIOSystem,17,C:/Users/iannuzza/LOCAL_PROJ/Github_copilot_proj/STBIO_AI/artifacts/stage1_requirements/ocr_extracts/DDS_STBIO1_p017.txt,approved
I/O List,ECGIN,unspecified,ECG Negative Input E6 Analog,STBIOSystem,17,C:/Users/iannuzza/LOCAL_PROJ/Github_copilot_proj/STBIO_AI/artifacts/stage1_requirements/ocr_extracts/DDS_STBIO1_p017.txt,approved
I/O List,RLD,unspecified,Right LEG Driver E5 Analog,STBIOSystem,17,C:/Users/iannuzza/LOCAL_PROJ/Github_copilot_proj/STBIO_AI/artifacts/stage1_requirements/ocr_extracts/DDS_STBIO1_p017.txt,approved
I/O List,IMPIP,unspecified,BIA Positive Input F7 Analog,STBIOSystem,17,C:/Users/iannuzza/LOCAL_PROJ/Github_copilot_proj/STBIO_AI/artifacts/stage1_requirements/ocr_extracts/DDS_STBIO1_p017.txt,approved
I/O List,IMPIN,unspecified,BIA Negative Input F6 Analog,STBIOSystem,17,C:/Users/iannuzza/LOCAL_PROJ/Github_copilot_proj/STBIO_AI/artifacts/stage1_requirements/ocr_extracts/DDS_STBIO1_p017.txt,approved
I/O List,GSRP,unspecified,GSR Positive Input G7 Analog,STBIOSystem,17,C:/Users/iannuzza/LOCAL_PROJ/Github_copilot_proj/STBIO_AI/artifacts/stage1_requirements/ocr_extracts/DDS_STBIO1_p017.txt,approved
I/O List,GSRN,unspecified,GSR Negative Input G6 Analog,STBIOSystem,17,C:/Users/iannuzza/LOCAL_PROJ/Github_copilot_proj/STBIO_AI/artifacts/stage1_requirements/ocr_extracts/DDS_STBIO1_p017.txt,approved
I/O List,CIP,unspecified,BIA Injection Positive Output. G5 Analog,STBIOSystem,17,C:/Users/iannuzza/LOCAL_PROJ/Github_copilot_proj/STBIO_AI/artifacts/stage1_requirements/ocr_extracts/DDS_STBIO1_p017.txt,approved
I/O List,CIN,unspecified,BIA Injection Negative Output. F Analog,STBIOSystem,17,C:/Users/iannuzza/LOCAL_PROJ/Github_copilot_proj/STBIO_AI/artifacts/stage1_requirements/ocr_extracts/DDS_STBIO1_p017.txt,approved
I/O List,GPIO3,unspecified,General-Purpose Input/Output 3 G4 Analog,STBIOSystem,17,C:/Users/iannuzza/LOCAL_PROJ/Github_copilot_proj/STBIO_AI/artifacts/stage1_requirements/ocr_extracts/DDS_STBIO1_p017.txt,approved
I/O List,GPIO4,unspecified,General-Purpose Input/Output 4 F4 Analog,STBIOSystem,17,C:/Users/iannuzza/LOCAL_PROJ/Github_copilot_proj/STBIO_AI/artifacts/stage1_requirements/ocr_extracts/DDS_STBIO1_p017.txt,approved
I/O List,SCLK,unspecified,SPI Clock INPUT A1 Digital,STBIOSystem,17,C:/Users/iannuzza/LOCAL_PROJ/Github_copilot_proj/STBIO_AI/artifacts/stage1_requirements/ocr_extracts/DDS_STBIO1_p017.txt,approved
I/O List,CLKext,unspecified,External Clock C2 Digital,STBIOSystem,17,C:/Users/iannuzza/LOCAL_PROJ/Github_copilot_proj/STBIO_AI/artifacts/stage1_requirements/ocr_extracts/DDS_STBIO1_p017.txt,approved
I/O List,SDA_SDI,unspecified,I2C / SPI serial data line B1 Digital,STBIOSystem,17,C:/Users/iannuzza/LOCAL_PROJ/Github_copilot_proj/STBIO_AI/artifacts/stage1_requirements/ocr_extracts/DDS_STBIO1_p017.txt,approved
I/O List,SH_SDA,unspecified,Sensor Hub Data D1 Digital,STBIOSystem,17,C:/Users/iannuzza/LOCAL_PROJ/Github_copilot_proj/STBIO_AI/artifacts/stage1_requirements/ocr_extracts/DDS_STBIO1_p017.txt,approved
I/O List,CS,unspecified,Chip Select C1 Digital,STBIOSystem,17,C:/Users/iannuzza/LOCAL_PROJ/Github_copilot_proj/STBIO_AI/artifacts/stage1_requirements/ocr_extracts/DDS_STBIO1_p017.txt,approved
I/O List,SH_CK,unspecified,Sensor Hub Clock C3,STBIOSystem,17,C:/Users/iannuzza/LOCAL_PROJ/Github_copilot_proj/STBIO_AI/artifacts/stage1_requirements/ocr_extracts/DDS_STBIO1_p017.txt,approved
I/O List,GPIO0,unspecified,General-Purpose Input/Output 0 D2 Digital,STBIOSystem,17,C:/Users/iannuzza/LOCAL_PROJ/Github_copilot_proj/STBIO_AI/artifacts/stage1_requirements/ocr_extracts/DDS_STBIO1_p017.txt,approved
I/O List,GPIO1,unspecified,General-Purpose Input/Output 1 D3 Digital,STBIOSystem,17,C:/Users/iannuzza/LOCAL_PROJ/Github_copilot_proj/STBIO_AI/artifacts/stage1_requirements/ocr_extracts/DDS_STBIO1_p017.txt,approved
I/O List,GPIO2,unspecified,General-Purpose Input/Output 2 E4 Digital 17,STBIOSystem,17,C:/Users/iannuzza/LOCAL_PROJ/Github_copilot_proj/STBIO_AI/artifacts/stage1_requirements/ocr_extracts/DDS_STBIO1_p017.txt,approved
Digital I/O List,i_comp_rx_out,input,"0 wire to u_main_controller_top, Description: ""Inserire LS",Digital Subsystem,19,C:/Users/iannuzza/LOCAL_PROJ/Github_copilot_proj/STBIO_AI/artifacts/stage1_requirements/ocr_extracts/DDS_STBIO1_p019.txt,approved
Digital I/O List,o_BIDAC,output,0 wire [11:0] from u_scan_out_mux,Digital Subsystem,19,C:/Users/iannuzza/LOCAL_PROJ/Github_copilot_proj/STBIO_AI/artifacts/stage1_requirements/ocr_extracts/DDS_STBIO1_p019.txt,approved
Digital I/O List,o_BDC_PPG,output,0 wire [7:0] from u_scan_out_mux,Digital Subsystem,19,C:/Users/iannuzza/LOCAL_PROJ/Github_copilot_proj/STBIO_AI/artifacts/stage1_requirements/ocr_extracts/DDS_STBIO1_p019.txt,approved
Digital I/O List,o_BTIA_gain,output,0 wire [3:0] from u_scan_out_mux,Digital Subsystem,19,C:/Users/iannuzza/LOCAL_PROJ/Github_copilot_proj/STBIO_AI/artifacts/stage1_requirements/ocr_extracts/DDS_STBIO1_p019.txt,approved
Digital I/O List,o_PD_PGA,output,1 wire from u_scan_out_mux,Digital Subsystem,19,C:/Users/iannuzza/LOCAL_PROJ/Github_copilot_proj/STBIO_AI/artifacts/stage1_requirements/ocr_extracts/DDS_STBIO1_p019.txt,approved
Digital I/O List,o_PD_IDAC,output,1 wire from u_scan_out_mux,Digital Subsystem,19,C:/Users/iannuzza/LOCAL_PROJ/Github_copilot_proj/STBIO_AI/artifacts/stage1_requirements/ocr_extracts/DDS_STBIO1_p019.txt,approved
Digital I/O List,o_PD_TIA,output,1 wire from u_scan_out_mux,Digital Subsystem,19,C:/Users/iannuzza/LOCAL_PROJ/Github_copilot_proj/STBIO_AI/artifacts/stage1_requirements/ocr_extracts/DDS_STBIO1_p019.txt,approved
Digital I/O List,o_comp_rx_ck,output,0 wire from u_scan_out_mux,Digital Subsystem,19,C:/Users/iannuzza/LOCAL_PROJ/Github_copilot_proj/STBIO_AI/artifacts/stage1_requirements/ocr_extracts/DDS_STBIO1_p019.txt,approved
Digital I/O List,BT_IDAC_N,output,0 wire [6:0] from u_scan_out_mux 19,Digital Subsystem,19,C:/Users/iannuzza/LOCAL_PROJ/Github_copilot_proj/STBIO_AI/artifacts/stage1_requirements/ocr_extracts/DDS_STBIO1_p019.txt,approved
Digital I/O List,BT_IDAC_P,output,0 wire [9:0] from u_scan_out_mux,Digital Subsystem,20,C:/Users/iannuzza/LOCAL_PROJ/Github_copilot_proj/STBIO_AI/artifacts/stage1_requirements/ocr_extracts/DDS_STBIO1_p020.txt,approved
Digital I/O List,o_b_cap_idac,output,"0 wire [1:0] from u_scan_out_mux, Description: IDAC Filter Cap",Digital Subsystem,20,C:/Users/iannuzza/LOCAL_PROJ/Github_copilot_proj/STBIO_AI/artifacts/stage1_requirements/ocr_extracts/DDS_STBIO1_p020.txt,approved
Digital I/O List,o_rx_ch_frame,output,"0 wire [2:0] from u_scan_out_mux, Description: BMUX_Selection",Digital Subsystem,20,C:/Users/iannuzza/LOCAL_PROJ/Github_copilot_proj/STBIO_AI/artifacts/stage1_requirements/ocr_extracts/DDS_STBIO1_p020.txt,approved
Digital I/O List,DIS_LOOP_TIA,output,"0 wire from u_scan_out_mux, Description: Disable TIA loop",Digital Subsystem,20,C:/Users/iannuzza/LOCAL_PROJ/Github_copilot_proj/STBIO_AI/artifacts/stage1_requirements/ocr_extracts/DDS_STBIO1_p020.txt,approved
Digital I/O List,T_RX_GPIO1,output,"0 wire [1:0] from u_scan_out_mux, Description: TEST RX signal on",Digital Subsystem,20,C:/Users/iannuzza/LOCAL_PROJ/Github_copilot_proj/STBIO_AI/artifacts/stage1_requirements/ocr_extracts/DDS_STBIO1_p020.txt,approved
Digital I/O List,T_RX_GPIO2,output,"0 wire [1:0] from u_scan_out_mux, Description: TEST RX signal on",Digital Subsystem,20,C:/Users/iannuzza/LOCAL_PROJ/Github_copilot_proj/STBIO_AI/artifacts/stage1_requirements/ocr_extracts/DDS_STBIO1_p020.txt,approved
Digital I/O List,TM_SEL_1V8,output,"0 wire from u_scan_out_mux, Description: Force PGA input",Digital Subsystem,20,C:/Users/iannuzza/LOCAL_PROJ/Github_copilot_proj/STBIO_AI/artifacts/stage1_requirements/ocr_extracts/DDS_STBIO1_p020.txt,approved
Digital I/O List,o_en_tx_1V2,output,0 wire [3:0] from u_scan_out_mux o_tx1_outlab_sel_frame_x_ 1V2 output 0 wire from u_scan_out_mux o_tx2_outlab_sel_frame_x_ 1V2 output 0 wire from u_scan_out_mux o_tx3_outlab_sel_frame_x_ 1V2 output 0 wire from u_scan_out_mux o_tx4_outlab_sel_frame_x_ 1V2 output 0 wire from u_scan_out_mux,Digital Subsystem,20,C:/Users/iannuzza/LOCAL_PROJ/Github_copilot_proj/STBIO_AI/artifacts/stage1_requirements/ocr_extracts/DDS_STBIO1_p020.txt,approved
Digital I/O List,o_tx_preset_1V2,output,0 wire from u_scan_out_mux,Digital Subsystem,20,C:/Users/iannuzza/LOCAL_PROJ/Github_copilot_proj/STBIO_AI/artifacts/stage1_requirements/ocr_extracts/DDS_STBIO1_p020.txt,approved
Digital I/O List,BtrimIREF_TX_1V2,output,"0 wire [3:0] from u_scan_out_mux, Description: TX Ramp Current",Digital Subsystem,20,C:/Users/iannuzza/LOCAL_PROJ/Github_copilot_proj/STBIO_AI/artifacts/stage1_requirements/ocr_extracts/DDS_STBIO1_p020.txt,approved
Digital I/O List,DFT_SEL_1V2,output,"0 wire from u_scan_out_mux, Description: VFEED_1V2 Monitor",Digital Subsystem,20,C:/Users/iannuzza/LOCAL_PROJ/Github_copilot_proj/STBIO_AI/artifacts/stage1_requirements/ocr_extracts/DDS_STBIO1_p020.txt,approved
Digital I/O List,o_curr_sel_tx_frame_x_1V2,output,"0 wire [7:0] from u_scan_out_mux, Description: Selezione corrente 20",Digital Subsystem,20,C:/Users/iannuzza/LOCAL_PROJ/Github_copilot_proj/STBIO_AI/artifacts/stage1_requirements/ocr_extracts/DDS_STBIO1_p020.txt,approved
Digital I/O List,o_Txi_RAMP_1V2,output,"0 wire [3:0] from u_scan_out_mux, Description: B_RAMP_1V2<3:0>",Digital Subsystem,21,C:/Users/iannuzza/LOCAL_PROJ/Github_copilot_proj/STBIO_AI/artifacts/stage1_requirements/ocr_extracts/DDS_STBIO1_p021.txt,approved
Digital I/O List,o_ck_chop_imp,output,0 wire from u_scan_out_mux,Digital Subsystem,21,C:/Users/iannuzza/LOCAL_PROJ/Github_copilot_proj/STBIO_AI/artifacts/stage1_requirements/ocr_extracts/DDS_STBIO1_p021.txt,approved
Digital I/O List,o_ck_hc2_10k,output,0 wire from u_scan_out_mux,Digital Subsystem,21,C:/Users/iannuzza/LOCAL_PROJ/Github_copilot_proj/STBIO_AI/artifacts/stage1_requirements/ocr_extracts/DDS_STBIO1_p021.txt,approved
Digital I/O List,o_ck_m,output,"0 wire from u_scan_out_mux, Description: inserito new bit",Digital Subsystem,21,C:/Users/iannuzza/LOCAL_PROJ/Github_copilot_proj/STBIO_AI/artifacts/stage1_requirements/ocr_extracts/DDS_STBIO1_p021.txt,approved
Digital I/O List,o_ck_p,output,"0 wire from u_scan_out_mux, Description: inserito new bit",Digital Subsystem,21,C:/Users/iannuzza/LOCAL_PROJ/Github_copilot_proj/STBIO_AI/artifacts/stage1_requirements/ocr_extracts/DDS_STBIO1_p021.txt,approved
Digital I/O List,o_ck_q,output,"0 wire from u_scan_out_mux, Description: inserito new bit",Digital Subsystem,21,C:/Users/iannuzza/LOCAL_PROJ/Github_copilot_proj/STBIO_AI/artifacts/stage1_requirements/ocr_extracts/DDS_STBIO1_p021.txt,approved
Digital I/O List,o_short_on,output,"0 wire from u_scan_out_mux, Description: (codex 1417523",Digital Subsystem,21,C:/Users/iannuzza/LOCAL_PROJ/Github_copilot_proj/STBIO_AI/artifacts/stage1_requirements/ocr_extracts/DDS_STBIO1_p021.txt,approved
Digital I/O List,o_resh_on,output,"0 wire from u_scan_out_mux, Description: (codex 1417523",Digital Subsystem,21,C:/Users/iannuzza/LOCAL_PROJ/Github_copilot_proj/STBIO_AI/artifacts/stage1_requirements/ocr_extracts/DDS_STBIO1_p021.txt,approved
Digital I/O List,o_resl_on,output,"0 wire from u_scan_out_mux, Description: (codex 1417523",Digital Subsystem,21,C:/Users/iannuzza/LOCAL_PROJ/Github_copilot_proj/STBIO_AI/artifacts/stage1_requirements/ocr_extracts/DDS_STBIO1_p021.txt,approved
Digital I/O List,o_pd_hc2,output,1 wire from u_scan_out_mux,Digital Subsystem,21,C:/Users/iannuzza/LOCAL_PROJ/Github_copilot_proj/STBIO_AI/artifacts/stage1_requirements/ocr_extracts/DDS_STBIO1_p021.txt,approved
Digital I/O List,o_pd_imp,output,1 wire from u_scan_out_mux,Digital Subsystem,21,C:/Users/iannuzza/LOCAL_PROJ/Github_copilot_proj/STBIO_AI/artifacts/stage1_requirements/ocr_extracts/DDS_STBIO1_p021.txt,approved
Digital I/O List,o_rst_hc2,output,0 wire from u_scan_out_mux,Digital Subsystem,21,C:/Users/iannuzza/LOCAL_PROJ/Github_copilot_proj/STBIO_AI/artifacts/stage1_requirements/ocr_extracts/DDS_STBIO1_p021.txt,approved
Digital I/O List,o_rst_imp,output,0 wire from u_scan_out_mux,Digital Subsystem,21,C:/Users/iannuzza/LOCAL_PROJ/Github_copilot_proj/STBIO_AI/artifacts/stage1_requirements/ocr_extracts/DDS_STBIO1_p021.txt,approved
Digital I/O List,o_rsti_hc2,output,0 wire from u_scan_out_mux,Digital Subsystem,21,C:/Users/iannuzza/LOCAL_PROJ/Github_copilot_proj/STBIO_AI/artifacts/stage1_requirements/ocr_extracts/DDS_STBIO1_p021.txt,approved
Digital I/O List,o_rsti_imp,output,0 wire from u_scan_out_mux,Digital Subsystem,21,C:/Users/iannuzza/LOCAL_PROJ/Github_copilot_proj/STBIO_AI/artifacts/stage1_requirements/ocr_extracts/DDS_STBIO1_p021.txt,approved
Digital I/O List,o_su_hc2,output,0 wire from u_scan_out_mux,Digital Subsystem,21,C:/Users/iannuzza/LOCAL_PROJ/Github_copilot_proj/STBIO_AI/artifacts/stage1_requirements/ocr_extracts/DDS_STBIO1_p021.txt,approved
Digital I/O List,o_sug_imp,output,0 wire from u_scan_out_mux,Digital Subsystem,21,C:/Users/iannuzza/LOCAL_PROJ/Github_copilot_proj/STBIO_AI/artifacts/stage1_requirements/ocr_extracts/DDS_STBIO1_p021.txt,approved
Digital I/O List,i_ADC_EOC,input,0 wire to u_main_controller_top/u_pad_mux,Digital Subsystem,21,C:/Users/iannuzza/LOCAL_PROJ/Github_copilot_proj/STBIO_AI/artifacts/stage1_requirements/ocr_extracts/DDS_STBIO1_p021.txt,approved
Digital I/O List,i_data_ADC_out,input,0 wire [15:0] to u_main_controller_top/u_pad_mux 21,Digital Subsystem,21,C:/Users/iannuzza/LOCAL_PROJ/Github_copilot_proj/STBIO_AI/artifacts/stage1_requirements/ocr_extracts/DDS_STBIO1_p021.txt,approved
Digital I/O List,o_adc_mux_bio_channel,output,0 wire [2:0] from u_scan_out_mux,Digital Subsystem,22,C:/Users/iannuzza/LOCAL_PROJ/Github_copilot_proj/STBIO_AI/artifacts/stage1_requirements/ocr_extracts/DDS_STBIO1_p022.txt,approved
Digital I/O List,o_adc_mux_sel,output,0 wire from u_scan_out_mux,Digital Subsystem,22,C:/Users/iannuzza/LOCAL_PROJ/Github_copilot_proj/STBIO_AI/artifacts/stage1_requirements/ocr_extracts/DDS_STBIO1_p022.txt,approved
Digital I/O List,o_gsr_curr_on,output,0 wire from u_scan_out_mux,Digital Subsystem,22,C:/Users/iannuzza/LOCAL_PROJ/Github_copilot_proj/STBIO_AI/artifacts/stage1_requirements/ocr_extracts/DDS_STBIO1_p022.txt,approved
Digital I/O List,o_gsr_on,output,0 wire from u_scan_out_mux,Digital Subsystem,22,C:/Users/iannuzza/LOCAL_PROJ/Github_copilot_proj/STBIO_AI/artifacts/stage1_requirements/ocr_extracts/DDS_STBIO1_p022.txt,approved
Digital I/O List,o_ADC_en,output,0 wire from u_scan_out_mux,Digital Subsystem,22,C:/Users/iannuzza/LOCAL_PROJ/Github_copilot_proj/STBIO_AI/artifacts/stage1_requirements/ocr_extracts/DDS_STBIO1_p022.txt,approved
Digital I/O List,o_ADC_start,output,0 wire from u_scan_out_mux,Digital Subsystem,22,C:/Users/iannuzza/LOCAL_PROJ/Github_copilot_proj/STBIO_AI/artifacts/stage1_requirements/ocr_extracts/DDS_STBIO1_p022.txt,approved
Digital I/O List,o_adc_error_cap8_1V2,output,0 wire [6:0] from u_scan_out_mux,Digital Subsystem,22,C:/Users/iannuzza/LOCAL_PROJ/Github_copilot_proj/STBIO_AI/artifacts/stage1_requirements/ocr_extracts/DDS_STBIO1_p022.txt,approved
Digital I/O List,o_adc_error_cap7_1V2,output,0 wire [6:0] from u_scan_out_mux,Digital Subsystem,22,C:/Users/iannuzza/LOCAL_PROJ/Github_copilot_proj/STBIO_AI/artifacts/stage1_requirements/ocr_extracts/DDS_STBIO1_p022.txt,approved
Digital I/O List,o_adc_error_cap6_1V2,output,0 wire [6:0] from u_scan_out_mux,Digital Subsystem,22,C:/Users/iannuzza/LOCAL_PROJ/Github_copilot_proj/STBIO_AI/artifacts/stage1_requirements/ocr_extracts/DDS_STBIO1_p022.txt,approved
Digital I/O List,o_adc_error_cap5_1V2,output,0 wire [6:0] from u_scan_out_mux,Digital Subsystem,22,C:/Users/iannuzza/LOCAL_PROJ/Github_copilot_proj/STBIO_AI/artifacts/stage1_requirements/ocr_extracts/DDS_STBIO1_p022.txt,approved
Digital I/O List,o_adc_error_cap4_1V2,output,0 wire [6:0] from u_scan_out_mux,Digital Subsystem,22,C:/Users/iannuzza/LOCAL_PROJ/Github_copilot_proj/STBIO_AI/artifacts/stage1_requirements/ocr_extracts/DDS_STBIO1_p022.txt,approved
Digital I/O List,o_adc_error_cap3_1V2,output,0 wire [6:0] from u_scan_out_mux,Digital Subsystem,22,C:/Users/iannuzza/LOCAL_PROJ/Github_copilot_proj/STBIO_AI/artifacts/stage1_requirements/ocr_extracts/DDS_STBIO1_p022.txt,approved
Digital I/O List,o_adc_error_cap2_1V2,output,0 wire [6:0] from u_scan_out_mux,Digital Subsystem,22,C:/Users/iannuzza/LOCAL_PROJ/Github_copilot_proj/STBIO_AI/artifacts/stage1_requirements/ocr_extracts/DDS_STBIO1_p022.txt,approved
Digital I/O List,o_adc_error_cap1_1V2,output,0 wire [6:0] from u_scan_out_mux,Digital Subsystem,22,C:/Users/iannuzza/LOCAL_PROJ/Github_copilot_proj/STBIO_AI/artifacts/stage1_requirements/ocr_extracts/DDS_STBIO1_p022.txt,approved
Digital I/O List,o_adc_error_cap0_1V2,output,0 wire [6:0] from u_scan_out_mux,Digital Subsystem,22,C:/Users/iannuzza/LOCAL_PROJ/Github_copilot_proj/STBIO_AI/artifacts/stage1_requirements/ocr_extracts/DDS_STBIO1_p022.txt,approved
Digital I/O List,o_pd_cm_buf,output,1 wire from u_scan_out_mux,Digital Subsystem,22,C:/Users/iannuzza/LOCAL_PROJ/Github_copilot_proj/STBIO_AI/artifacts/stage1_requirements/ocr_extracts/DDS_STBIO1_p022.txt,approved
Digital I/O List,o_pd_rld,output,1 wire from u_scan_out_mux,Digital Subsystem,22,C:/Users/iannuzza/LOCAL_PROJ/Github_copilot_proj/STBIO_AI/artifacts/stage1_requirements/ocr_extracts/DDS_STBIO1_p022.txt,approved
Digital I/O List,o_pd_avg1,output,1 wire from u_scan_out_mux,Digital Subsystem,22,C:/Users/iannuzza/LOCAL_PROJ/Github_copilot_proj/STBIO_AI/artifacts/stage1_requirements/ocr_extracts/DDS_STBIO1_p022.txt,approved
Digital I/O List,o_pd_avg2,output,1 wire from u_scan_out_mux 22,Digital Subsystem,22,C:/Users/iannuzza/LOCAL_PROJ/Github_copilot_proj/STBIO_AI/artifacts/stage1_requirements/ocr_extracts/DDS_STBIO1_p022.txt,approved
Digital I/O List,POR1V2_1V2,input,0 wire to u_pad_mux,Digital Subsystem,23,C:/Users/iannuzza/LOCAL_PROJ/Github_copilot_proj/STBIO_AI/artifacts/stage1_requirements/ocr_extracts/DDS_STBIO1_p023.txt,approved
Digital I/O List,clk_16m,input,0 wire to u_pad_mux,Digital Subsystem,23,C:/Users/iannuzza/LOCAL_PROJ/Github_copilot_proj/STBIO_AI/artifacts/stage1_requirements/ocr_extracts/DDS_STBIO1_p023.txt,approved
Digital I/O List,clk_64k,input,0 wire to u_pad_mux,Digital Subsystem,23,C:/Users/iannuzza/LOCAL_PROJ/Github_copilot_proj/STBIO_AI/artifacts/stage1_requirements/ocr_extracts/DDS_STBIO1_p023.txt,approved
Digital I/O List,START_CLK_16M,input,0 wire to u_pad_mux,Digital Subsystem,23,C:/Users/iannuzza/LOCAL_PROJ/Github_copilot_proj/STBIO_AI/artifacts/stage1_requirements/ocr_extracts/DDS_STBIO1_p023.txt,approved
Digital I/O List,o_DIS_RC_VIREF,output,0 wire from u_scan_out_mux,Digital Subsystem,23,C:/Users/iannuzza/LOCAL_PROJ/Github_copilot_proj/STBIO_AI/artifacts/stage1_requirements/ocr_extracts/DDS_STBIO1_p023.txt,approved
Digital I/O List,o_EN_LDO1V8,output,0 wire from u_scan_out_mux,Digital Subsystem,23,C:/Users/iannuzza/LOCAL_PROJ/Github_copilot_proj/STBIO_AI/artifacts/stage1_requirements/ocr_extracts/DDS_STBIO1_p023.txt,approved
Digital I/O List,o_PD_CLKF,output,1 wire from u_scan_out_mux,Digital Subsystem,23,C:/Users/iannuzza/LOCAL_PROJ/Github_copilot_proj/STBIO_AI/artifacts/stage1_requirements/ocr_extracts/DDS_STBIO1_p023.txt,approved
Digital I/O List,ADC_CAL_CORR_DIS,output,0 wire from u_scan_out_mux,Digital Subsystem,23,C:/Users/iannuzza/LOCAL_PROJ/Github_copilot_proj/STBIO_AI/artifacts/stage1_requirements/ocr_extracts/DDS_STBIO1_p023.txt,approved
Digital I/O List,ADC_ERROR_CAP9_DEBUG,output,0 wire [7:0] from u_scan_out_mux,Digital Subsystem,23,C:/Users/iannuzza/LOCAL_PROJ/Github_copilot_proj/STBIO_AI/artifacts/stage1_requirements/ocr_extracts/DDS_STBIO1_p023.txt,approved
Digital I/O List,ADC_SR_ENHANCE_DIS,output,0 wire from u_scan_out_mux,Digital Subsystem,23,C:/Users/iannuzza/LOCAL_PROJ/Github_copilot_proj/STBIO_AI/artifacts/stage1_requirements/ocr_extracts/DDS_STBIO1_p023.txt,approved
Digital I/O List,CCK_THRESHN_SEL,output,0 wire [3:0] from u_scan_out_mux,Digital Subsystem,23,C:/Users/iannuzza/LOCAL_PROJ/Github_copilot_proj/STBIO_AI/artifacts/stage1_requirements/ocr_extracts/DDS_STBIO1_p023.txt,approved
Digital I/O List,CCK_THRESHP_SEL,output,0 wire [3:0] from u_scan_out_mux,Digital Subsystem,23,C:/Users/iannuzza/LOCAL_PROJ/Github_copilot_proj/STBIO_AI/artifacts/stage1_requirements/ocr_extracts/DDS_STBIO1_p023.txt,approved
Digital I/O List,CURR_BG_TRIM,output,8 wire [3:0] from u_scan_out_mux,Digital Subsystem,23,C:/Users/iannuzza/LOCAL_PROJ/Github_copilot_proj/STBIO_AI/artifacts/stage1_requirements/ocr_extracts/DDS_STBIO1_p023.txt,approved
Digital I/O List,CURR_PTAT_TRIM,output,8 wire [3:0] from u_scan_out_mux,Digital Subsystem,23,C:/Users/iannuzza/LOCAL_PROJ/Github_copilot_proj/STBIO_AI/artifacts/stage1_requirements/ocr_extracts/DDS_STBIO1_p023.txt,approved
Digital I/O List,DCCK_CURRINJ,output,0 wire [1:0] from u_scan_out_mux,Digital Subsystem,23,C:/Users/iannuzza/LOCAL_PROJ/Github_copilot_proj/STBIO_AI/artifacts/stage1_requirements/ocr_extracts/DDS_STBIO1_p023.txt,approved
Digital I/O List,DCCK_ISINK_IN,output,0 wire [2:0] from u_scan_out_mux,Digital Subsystem,23,C:/Users/iannuzza/LOCAL_PROJ/Github_copilot_proj/STBIO_AI/artifacts/stage1_requirements/ocr_extracts/DDS_STBIO1_p023.txt,approved
Digital I/O List,DCCK_ISOURCE_IN,output,0 wire [2:0] from u_scan_out_mux,Digital Subsystem,23,C:/Users/iannuzza/LOCAL_PROJ/Github_copilot_proj/STBIO_AI/artifacts/stage1_requirements/ocr_extracts/DDS_STBIO1_p023.txt,approved
Digital I/O List,ECG_PSDRES_DOWN,output,0 wire [2:0] from u_scan_out_mux,Digital Subsystem,23,C:/Users/iannuzza/LOCAL_PROJ/Github_copilot_proj/STBIO_AI/artifacts/stage1_requirements/ocr_extracts/DDS_STBIO1_p023.txt,approved
Digital I/O List,ECG_PSDRES_UP,output,0 wire [2:0] from u_scan_out_mux 23 EN_DEBUG_ADC_ERROR_C AP9 output 0 wire from u_scan_out_mux,Digital Subsystem,23,C:/Users/iannuzza/LOCAL_PROJ/Github_copilot_proj/STBIO_AI/artifacts/stage1_requirements/ocr_extracts/DDS_STBIO1_p023.txt,approved
Digital I/O List,EN_ECG_50m,output,0 wire from u_scan_out_mux,Digital Subsystem,24,C:/Users/iannuzza/LOCAL_PROJ/Github_copilot_proj/STBIO_AI/artifacts/stage1_requirements/ocr_extracts/DDS_STBIO1_p024.txt,approved
Digital I/O List,EN_GRS_50m,output,0 wire from u_scan_out_mux,Digital Subsystem,24,C:/Users/iannuzza/LOCAL_PROJ/Github_copilot_proj/STBIO_AI/artifacts/stage1_requirements/ocr_extracts/DDS_STBIO1_p024.txt,approved
Digital I/O List,EN_IMP_50m,output,0 wire from u_scan_out_mux,Digital Subsystem,24,C:/Users/iannuzza/LOCAL_PROJ/Github_copilot_proj/STBIO_AI/artifacts/stage1_requirements/ocr_extracts/DDS_STBIO1_p024.txt,approved
Digital I/O List,EN_RLD_CM,output,0 wire from u_scan_out_mux,Digital Subsystem,24,C:/Users/iannuzza/LOCAL_PROJ/Github_copilot_proj/STBIO_AI/artifacts/stage1_requirements/ocr_extracts/DDS_STBIO1_p024.txt,approved
Digital I/O List,EN_SW_IMP,output,"1 wire from u_scan_out_mux, Description: per selezionare",Digital Subsystem,24,C:/Users/iannuzza/LOCAL_PROJ/Github_copilot_proj/STBIO_AI/artifacts/stage1_requirements/ocr_extracts/DDS_STBIO1_p024.txt,approved
Digital I/O List,GAIN1_BUF,output,0 wire from u_scan_out_mux,Digital Subsystem,24,C:/Users/iannuzza/LOCAL_PROJ/Github_copilot_proj/STBIO_AI/artifacts/stage1_requirements/ocr_extracts/DDS_STBIO1_p024.txt,approved
Digital I/O List,GSR_IN_TRIM,output,0 wire [7:0] from u_scan_out_mux,Digital Subsystem,24,C:/Users/iannuzza/LOCAL_PROJ/Github_copilot_proj/STBIO_AI/artifacts/stage1_requirements/ocr_extracts/DDS_STBIO1_p024.txt,approved
Digital I/O List,GSR_IP_TRIM,output,0 wire [7:0] from u_scan_out_mux,Digital Subsystem,24,C:/Users/iannuzza/LOCAL_PROJ/Github_copilot_proj/STBIO_AI/artifacts/stage1_requirements/ocr_extracts/DDS_STBIO1_p024.txt,approved
Digital I/O List,IMPP_PSDRES_DOWN,output,0 wire [2:0] from u_scan_out_mux,Digital Subsystem,24,C:/Users/iannuzza/LOCAL_PROJ/Github_copilot_proj/STBIO_AI/artifacts/stage1_requirements/ocr_extracts/DDS_STBIO1_p024.txt,approved
Digital I/O List,IMPP_PSDRES_UP,output,0 wire [2:0] from u_scan_out_mux,Digital Subsystem,24,C:/Users/iannuzza/LOCAL_PROJ/Github_copilot_proj/STBIO_AI/artifacts/stage1_requirements/ocr_extracts/DDS_STBIO1_p024.txt,approved
Digital I/O List,IMPQ_PSDRES_DOWN,output,0 wire [2:0] from u_scan_out_mux,Digital Subsystem,24,C:/Users/iannuzza/LOCAL_PROJ/Github_copilot_proj/STBIO_AI/artifacts/stage1_requirements/ocr_extracts/DDS_STBIO1_p024.txt,approved
Digital I/O List,IMPQ_PSDRES_UP,output,0 wire [2:0] from u_scan_out_mux,Digital Subsystem,24,C:/Users/iannuzza/LOCAL_PROJ/Github_copilot_proj/STBIO_AI/artifacts/stage1_requirements/ocr_extracts/DDS_STBIO1_p024.txt,approved
Digital I/O List,IMP_CURINJN_TRIM,output,0 wire [5:0] from u_scan_out_mux,Digital Subsystem,24,C:/Users/iannuzza/LOCAL_PROJ/Github_copilot_proj/STBIO_AI/artifacts/stage1_requirements/ocr_extracts/DDS_STBIO1_p024.txt,approved
Digital I/O List,IMP_CURINJP_TRIM,output,0 wire [5:0] from u_scan_out_mux,Digital Subsystem,24,C:/Users/iannuzza/LOCAL_PROJ/Github_copilot_proj/STBIO_AI/artifacts/stage1_requirements/ocr_extracts/DDS_STBIO1_p024.txt,approved
Digital I/O List,RLD_CAP_COMP,output,"0 wire [3:0] from u_scan_out_mux, Description: [1/2/3/…/15/16]*16pF",Digital Subsystem,24,C:/Users/iannuzza/LOCAL_PROJ/Github_copilot_proj/STBIO_AI/artifacts/stage1_requirements/ocr_extracts/DDS_STBIO1_p024.txt,approved
Digital I/O List,RLD_VREF,output,"0 wire [1:0] from u_scan_out_mux, Description: select 0.9V/ 0.6V 24",Digital Subsystem,24,C:/Users/iannuzza/LOCAL_PROJ/Github_copilot_proj/STBIO_AI/artifacts/stage1_requirements/ocr_extracts/DDS_STBIO1_p024.txt,approved
Digital I/O List,TRIM_LDOD_I,output,0 wire [3:0] from u_scan_out_mux,Digital Subsystem,25,C:/Users/iannuzza/LOCAL_PROJ/Github_copilot_proj/STBIO_AI/artifacts/stage1_requirements/ocr_extracts/DDS_STBIO1_p025.txt,approved
Digital I/O List,TRIM_LDOD_V,output,0 wire [3:0] from u_scan_out_mux,Digital Subsystem,25,C:/Users/iannuzza/LOCAL_PROJ/Github_copilot_proj/STBIO_AI/artifacts/stage1_requirements/ocr_extracts/DDS_STBIO1_p025.txt,approved
Digital I/O List,TRIM_OSC_FAST,output,18 wire [4:0] from u_scan_out_mux,Digital Subsystem,25,C:/Users/iannuzza/LOCAL_PROJ/Github_copilot_proj/STBIO_AI/artifacts/stage1_requirements/ocr_extracts/DDS_STBIO1_p025.txt,approved
Digital I/O List,TRIM_OSC_SLOW,output,0 wire [3:0] from u_scan_out_mux,Digital Subsystem,25,C:/Users/iannuzza/LOCAL_PROJ/Github_copilot_proj/STBIO_AI/artifacts/stage1_requirements/ocr_extracts/DDS_STBIO1_p025.txt,approved
Digital I/O List,TRIM_V1V8,output,7 wire [2:0] from u_scan_out_mux,Digital Subsystem,25,C:/Users/iannuzza/LOCAL_PROJ/Github_copilot_proj/STBIO_AI/artifacts/stage1_requirements/ocr_extracts/DDS_STBIO1_p025.txt,approved
Digital I/O List,VREF_TRIM,output,10 wire [4:0] from u_scan_out_mux,Digital Subsystem,25,C:/Users/iannuzza/LOCAL_PROJ/Github_copilot_proj/STBIO_AI/artifacts/stage1_requirements/ocr_extracts/DDS_STBIO1_p025.txt,approved
Digital I/O List,CAPF_IMP_EN,output,"1 wire from u_scan_out_mux, Description: Enable filtro per",Digital Subsystem,25,C:/Users/iannuzza/LOCAL_PROJ/Github_copilot_proj/STBIO_AI/artifacts/stage1_requirements/ocr_extracts/DDS_STBIO1_p025.txt,approved
Digital I/O List,ECG0_GAIN_HC_0,output,1 wire from u_scan_out_mux,Digital Subsystem,25,C:/Users/iannuzza/LOCAL_PROJ/Github_copilot_proj/STBIO_AI/artifacts/stage1_requirements/ocr_extracts/DDS_STBIO1_p025.txt,approved
Digital I/O List,ECG0_GAIN_HC_1,output,1 wire from u_scan_out_mux,Digital Subsystem,25,C:/Users/iannuzza/LOCAL_PROJ/Github_copilot_proj/STBIO_AI/artifacts/stage1_requirements/ocr_extracts/DDS_STBIO1_p025.txt,approved
Digital I/O List,EN_EXT_CAP,output,"0 wire from u_scan_out_mux, Description: Mantenuta opzione",Digital Subsystem,25,C:/Users/iannuzza/LOCAL_PROJ/Github_copilot_proj/STBIO_AI/artifacts/stage1_requirements/ocr_extracts/DDS_STBIO1_p025.txt,approved
Digital I/O List,EN_ECG0_0P05HP,output,"0 wire from u_scan_out_mux, Description: aggiunto bit per",Digital Subsystem,25,C:/Users/iannuzza/LOCAL_PROJ/Github_copilot_proj/STBIO_AI/artifacts/stage1_requirements/ocr_extracts/DDS_STBIO1_p025.txt,approved
Digital I/O List,EN_ECG12_0P05HP,output,"0 wire from u_scan_out_mux, Description: aggiunto bit per",Digital Subsystem,25,C:/Users/iannuzza/LOCAL_PROJ/Github_copilot_proj/STBIO_AI/artifacts/stage1_requirements/ocr_extracts/DDS_STBIO1_p025.txt,approved
Digital I/O List,GAIN_IMP,output,1 wire [1:0] from u_scan_out_mux,Digital Subsystem,25,C:/Users/iannuzza/LOCAL_PROJ/Github_copilot_proj/STBIO_AI/artifacts/stage1_requirements/ocr_extracts/DDS_STBIO1_p025.txt,approved
Digital I/O List,GIMP_DC,output,1 wire from u_scan_out_mux,Digital Subsystem,25,C:/Users/iannuzza/LOCAL_PROJ/Github_copilot_proj/STBIO_AI/artifacts/stage1_requirements/ocr_extracts/DDS_STBIO1_p025.txt,approved
Digital I/O List,o_gsr_switchon,output,"0 wire from u_scan_out_mux, Description: spostato il bit",Digital Subsystem,25,C:/Users/iannuzza/LOCAL_PROJ/Github_copilot_proj/STBIO_AI/artifacts/stage1_requirements/ocr_extracts/DDS_STBIO1_p025.txt,approved
Digital I/O List,GSR_GAIN_SEL,output,0 wire [1:0] from u_scan_out_mux,Digital Subsystem,25,C:/Users/iannuzza/LOCAL_PROJ/Github_copilot_proj/STBIO_AI/artifacts/stage1_requirements/ocr_extracts/DDS_STBIO1_p025.txt,approved
Digital I/O List,GSR_GAIN_X1,output,0 wire from u_scan_out_mux 25,Digital Subsystem,25,C:/Users/iannuzza/LOCAL_PROJ/Github_copilot_proj/STBIO_AI/artifacts/stage1_requirements/ocr_extracts/DDS_STBIO1_p025.txt,approved
Digital I/O List,IGSR_X10,output,0 wire from u_scan_out_mux,Digital Subsystem,26,C:/Users/iannuzza/LOCAL_PROJ/Github_copilot_proj/STBIO_AI/artifacts/stage1_requirements/ocr_extracts/DDS_STBIO1_p026.txt,approved
Digital I/O List,IMP_CURRINJ_CUR,output,2 wire [1:0] from u_scan_out_mux,Digital Subsystem,26,C:/Users/iannuzza/LOCAL_PROJ/Github_copilot_proj/STBIO_AI/artifacts/stage1_requirements/ocr_extracts/DDS_STBIO1_p026.txt,approved
Digital I/O List,IMP_CURRINJ_x10,output,0 wire from u_scan_out_mux,Digital Subsystem,26,C:/Users/iannuzza/LOCAL_PROJ/Github_copilot_proj/STBIO_AI/artifacts/stage1_requirements/ocr_extracts/DDS_STBIO1_p026.txt,approved
Digital I/O List,SEL_GSR_CURR,output,3 wire [1:0] from u_scan_out_mux,Digital Subsystem,26,C:/Users/iannuzza/LOCAL_PROJ/Github_copilot_proj/STBIO_AI/artifacts/stage1_requirements/ocr_extracts/DDS_STBIO1_p026.txt,approved
Digital I/O List,o_ck_bg,output,0 wire from u_scan_out_mux,Digital Subsystem,26,C:/Users/iannuzza/LOCAL_PROJ/Github_copilot_proj/STBIO_AI/artifacts/stage1_requirements/ocr_extracts/DDS_STBIO1_p026.txt,approved
Digital I/O List,o_imp_curinj_pd,output,1 wire from u_scan_out_mux,Digital Subsystem,26,C:/Users/iannuzza/LOCAL_PROJ/Github_copilot_proj/STBIO_AI/artifacts/stage1_requirements/ocr_extracts/DDS_STBIO1_p026.txt,approved
Digital I/O List,o_pd_p,output,1 wire from u_scan_out_mux,Digital Subsystem,26,C:/Users/iannuzza/LOCAL_PROJ/Github_copilot_proj/STBIO_AI/artifacts/stage1_requirements/ocr_extracts/DDS_STBIO1_p026.txt,approved
Digital I/O List,o_pd_n,output,1 wire from u_scan_out_mux,Digital Subsystem,26,C:/Users/iannuzza/LOCAL_PROJ/Github_copilot_proj/STBIO_AI/artifacts/stage1_requirements/ocr_extracts/DDS_STBIO1_p026.txt,approved
Digital I/O List,o_adc_error_cap9,output,0 wire [7:0] from u_scan_out_mux,Digital Subsystem,26,C:/Users/iannuzza/LOCAL_PROJ/Github_copilot_proj/STBIO_AI/artifacts/stage1_requirements/ocr_extracts/DDS_STBIO1_p026.txt,approved
Digital I/O List,o_en_bufxbio,output,0 wire from u_scan_out_mux,Digital Subsystem,26,C:/Users/iannuzza/LOCAL_PROJ/Github_copilot_proj/STBIO_AI/artifacts/stage1_requirements/ocr_extracts/DDS_STBIO1_p026.txt,approved
Digital I/O List,o_ldo_ext,output,0 wire from u_scan_out_mux,Digital Subsystem,26,C:/Users/iannuzza/LOCAL_PROJ/Github_copilot_proj/STBIO_AI/artifacts/stage1_requirements/ocr_extracts/DDS_STBIO1_p026.txt,approved
Digital I/O List,o_clk_ext_div,output,0 wire from u_scan_out_mux,Digital Subsystem,26,C:/Users/iannuzza/LOCAL_PROJ/Github_copilot_proj/STBIO_AI/artifacts/stage1_requirements/ocr_extracts/DDS_STBIO1_p026.txt,approved
Digital I/O List,o_adc_test_cap,output,0 wire [9:0] from u_scan_out_mux,Digital Subsystem,26,C:/Users/iannuzza/LOCAL_PROJ/Github_copilot_proj/STBIO_AI/artifacts/stage1_requirements/ocr_extracts/DDS_STBIO1_p026.txt,approved
Digital I/O List,if_cs_en,output,wire from u_level_shifter_sel.if_cs_en_ls_out,Digital Subsystem,26,C:/Users/iannuzza/LOCAL_PROJ/Github_copilot_proj/STBIO_AI/artifacts/stage1_requirements/ocr_extracts/DDS_STBIO1_p026.txt,approved
Digital I/O List,if_cs_in,input,wire to u_pad_mux,Digital Subsystem,26,C:/Users/iannuzza/LOCAL_PROJ/Github_copilot_proj/STBIO_AI/artifacts/stage1_requirements/ocr_extracts/DDS_STBIO1_p026.txt,approved
Digital I/O List,if_cs_out,output,wire from u_level_shifter_sel.if_cs_out_ls_out,Digital Subsystem,26,C:/Users/iannuzza/LOCAL_PROJ/Github_copilot_proj/STBIO_AI/artifacts/stage1_requirements/ocr_extracts/DDS_STBIO1_p026.txt,approved
Digital I/O List,if_cs_tud,output,"1 wire from u_level_shifter_sel.if_cs_tud_ls_out, Description:",Digital Subsystem,26,C:/Users/iannuzza/LOCAL_PROJ/Github_copilot_proj/STBIO_AI/artifacts/stage1_requirements/ocr_extracts/DDS_STBIO1_p026.txt,approved
Digital I/O List,if_gpio0_en,output,wire from u_level_shifter_sel.if_gpio0_en_ls_out,Digital Subsystem,26,C:/Users/iannuzza/LOCAL_PROJ/Github_copilot_proj/STBIO_AI/artifacts/stage1_requirements/ocr_extracts/DDS_STBIO1_p026.txt,approved
Digital I/O List,if_gpio0_in,input,wire to u_pad_mux/u_pmu.if_sh_ck_in,Digital Subsystem,26,C:/Users/iannuzza/LOCAL_PROJ/Github_copilot_proj/STBIO_AI/artifacts/stage1_requirements/ocr_extracts/DDS_STBIO1_p026.txt,approved
Digital I/O List,if_gpio0_out,output,wire from u_level_shifter_sel.if_gpio0_out_ls_out 26,Digital Subsystem,26,C:/Users/iannuzza/LOCAL_PROJ/Github_copilot_proj/STBIO_AI/artifacts/stage1_requirements/ocr_extracts/DDS_STBIO1_p026.txt,approved
Digital I/O List,if_gpio0_tud,output,1 wire from u_level_shifter_sel.if_gpio0_tud_ls_out,Digital Subsystem,27,C:/Users/iannuzza/LOCAL_PROJ/Github_copilot_proj/STBIO_AI/artifacts/stage1_requirements/ocr_extracts/DDS_STBIO1_p027.txt,approved
Digital I/O List,if_gpio1_en,output,wire from u_level_shifter_sel.if_gpio1_en_ls_out,Digital Subsystem,27,C:/Users/iannuzza/LOCAL_PROJ/Github_copilot_proj/STBIO_AI/artifacts/stage1_requirements/ocr_extracts/DDS_STBIO1_p027.txt,approved
Digital I/O List,if_gpio1_in,input,wire to u_pad_mux,Digital Subsystem,27,C:/Users/iannuzza/LOCAL_PROJ/Github_copilot_proj/STBIO_AI/artifacts/stage1_requirements/ocr_extracts/DDS_STBIO1_p027.txt,approved
Digital I/O List,if_gpio1_out,output,wire from u_level_shifter_sel.if_gpio1_out_ls_out,Digital Subsystem,27,C:/Users/iannuzza/LOCAL_PROJ/Github_copilot_proj/STBIO_AI/artifacts/stage1_requirements/ocr_extracts/DDS_STBIO1_p027.txt,approved
Digital I/O List,if_gpio1_tud,output,1 wire from u_level_shifter_sel.if_gpio1_tud_ls_out,Digital Subsystem,27,C:/Users/iannuzza/LOCAL_PROJ/Github_copilot_proj/STBIO_AI/artifacts/stage1_requirements/ocr_extracts/DDS_STBIO1_p027.txt,approved
Digital I/O List,if_gpio2_in,input,wire to u_pad_mux,Digital Subsystem,27,C:/Users/iannuzza/LOCAL_PROJ/Github_copilot_proj/STBIO_AI/artifacts/stage1_requirements/ocr_extracts/DDS_STBIO1_p027.txt,approved
Digital I/O List,if_gpio2_en,output,wire from u_level_shifter_sel.if_gpio2_en_ls_out,Digital Subsystem,27,C:/Users/iannuzza/LOCAL_PROJ/Github_copilot_proj/STBIO_AI/artifacts/stage1_requirements/ocr_extracts/DDS_STBIO1_p027.txt,approved
Digital I/O List,if_gpio2_out,output,1 wire from u_level_shifter_sel.if_gpio2_out_ls_out,Digital Subsystem,27,C:/Users/iannuzza/LOCAL_PROJ/Github_copilot_proj/STBIO_AI/artifacts/stage1_requirements/ocr_extracts/DDS_STBIO1_p027.txt,approved
Digital I/O List,if_gpio2_tud,output,1 wire from u_level_shifter_sel.if_gpio2_tud_ls_out,Digital Subsystem,27,C:/Users/iannuzza/LOCAL_PROJ/Github_copilot_proj/STBIO_AI/artifacts/stage1_requirements/ocr_extracts/DDS_STBIO1_p027.txt,approved
Digital I/O List,if_gpio3_en,output,wire from u_level_shifter_sel.if_gpio3_en_ls_out,Digital Subsystem,27,C:/Users/iannuzza/LOCAL_PROJ/Github_copilot_proj/STBIO_AI/artifacts/stage1_requirements/ocr_extracts/DDS_STBIO1_p027.txt,approved
Digital I/O List,if_gpio3_in,input,"wire to u_pad_mux, Description: decidere se mantenere l'IN",Digital Subsystem,27,C:/Users/iannuzza/LOCAL_PROJ/Github_copilot_proj/STBIO_AI/artifacts/stage1_requirements/ocr_extracts/DDS_STBIO1_p027.txt,approved
Digital I/O List,if_gpio3_out,output,1 wire from u_level_shifter_sel.if_gpio3_out_ls_out,Digital Subsystem,27,C:/Users/iannuzza/LOCAL_PROJ/Github_copilot_proj/STBIO_AI/artifacts/stage1_requirements/ocr_extracts/DDS_STBIO1_p027.txt,approved
Digital I/O List,if_gpio3_tud,output,1 wire from u_level_shifter_sel.if_gpio3_tud_ls_out,Digital Subsystem,27,C:/Users/iannuzza/LOCAL_PROJ/Github_copilot_proj/STBIO_AI/artifacts/stage1_requirements/ocr_extracts/DDS_STBIO1_p027.txt,approved
Digital I/O List,if_gpio4_en,output,wire from u_level_shifter_sel.if_gpio4_en_ls_out,Digital Subsystem,27,C:/Users/iannuzza/LOCAL_PROJ/Github_copilot_proj/STBIO_AI/artifacts/stage1_requirements/ocr_extracts/DDS_STBIO1_p027.txt,approved
Digital I/O List,if_gpio4_in,input,"wire to u_pad_mux, Description: decidere se mantenere l'IN",Digital Subsystem,27,C:/Users/iannuzza/LOCAL_PROJ/Github_copilot_proj/STBIO_AI/artifacts/stage1_requirements/ocr_extracts/DDS_STBIO1_p027.txt,approved
Digital I/O List,if_gpio4_out,output,1 wire from u_level_shifter_sel.if_gpio4_out_ls_out 27,Digital Subsystem,27,C:/Users/iannuzza/LOCAL_PROJ/Github_copilot_proj/STBIO_AI/artifacts/stage1_requirements/ocr_extracts/DDS_STBIO1_p027.txt,approved
Digital I/O List,if_gpio4_tud,output,1 wire from u_level_shifter_sel.if_gpio4_tud_ls_out,Digital Subsystem,28,C:/Users/iannuzza/LOCAL_PROJ/Github_copilot_proj/STBIO_AI/artifacts/stage1_requirements/ocr_extracts/DDS_STBIO1_p028.txt,approved
Digital I/O List,if_sclk_en,output,wire from u_level_shifter_sel.if_sclk_en_ls_out,Digital Subsystem,28,C:/Users/iannuzza/LOCAL_PROJ/Github_copilot_proj/STBIO_AI/artifacts/stage1_requirements/ocr_extracts/DDS_STBIO1_p028.txt,approved
Digital I/O List,if_sclk_in,input,wire to u_pad_mux,Digital Subsystem,28,C:/Users/iannuzza/LOCAL_PROJ/Github_copilot_proj/STBIO_AI/artifacts/stage1_requirements/ocr_extracts/DDS_STBIO1_p028.txt,approved
Digital I/O List,if_sclk_out,output,1 wire from u_level_shifter_sel.if_sclk_out_ls_out,Digital Subsystem,28,C:/Users/iannuzza/LOCAL_PROJ/Github_copilot_proj/STBIO_AI/artifacts/stage1_requirements/ocr_extracts/DDS_STBIO1_p028.txt,approved
Digital I/O List,if_sclk_tud,output,1 wire from u_level_shifter_sel.if_sclk_tud_ls_out,Digital Subsystem,28,C:/Users/iannuzza/LOCAL_PROJ/Github_copilot_proj/STBIO_AI/artifacts/stage1_requirements/ocr_extracts/DDS_STBIO1_p028.txt,approved
Digital I/O List,if_sda_sdi_en,output,wire from u_level_shifter_sel.if_sda_sdi_en_ls_out,Digital Subsystem,28,C:/Users/iannuzza/LOCAL_PROJ/Github_copilot_proj/STBIO_AI/artifacts/stage1_requirements/ocr_extracts/DDS_STBIO1_p028.txt,approved
Digital I/O List,if_sda_sdi_in,input,wire to u_pad_mux,Digital Subsystem,28,C:/Users/iannuzza/LOCAL_PROJ/Github_copilot_proj/STBIO_AI/artifacts/stage1_requirements/ocr_extracts/DDS_STBIO1_p028.txt,approved
Digital I/O List,if_sda_sdi_out,output,1 wire from u_level_shifter_sel.if_sda_sdi_out_ls_out,Digital Subsystem,28,C:/Users/iannuzza/LOCAL_PROJ/Github_copilot_proj/STBIO_AI/artifacts/stage1_requirements/ocr_extracts/DDS_STBIO1_p028.txt,approved
Digital I/O List,if_sda_sdi_tud,output,1 wire from u_level_shifter_sel.if_sda_sdi_tud_ls_out,Digital Subsystem,28,C:/Users/iannuzza/LOCAL_PROJ/Github_copilot_proj/STBIO_AI/artifacts/stage1_requirements/ocr_extracts/DDS_STBIO1_p028.txt,approved
Digital I/O List,if_sh_ck_en,output,wire from u_level_shifter_sel.if_sh_ck_en_ls_out,Digital Subsystem,28,C:/Users/iannuzza/LOCAL_PROJ/Github_copilot_proj/STBIO_AI/artifacts/stage1_requirements/ocr_extracts/DDS_STBIO1_p028.txt,approved
Digital I/O List,if_sh_ck_in,input,wire to u_pad_mux,Digital Subsystem,28,C:/Users/iannuzza/LOCAL_PROJ/Github_copilot_proj/STBIO_AI/artifacts/stage1_requirements/ocr_extracts/DDS_STBIO1_p028.txt,approved
Digital I/O List,if_sh_ck_out,output,wire from u_level_shifter_sel.if_sh_ck_out_ls_out,Digital Subsystem,28,C:/Users/iannuzza/LOCAL_PROJ/Github_copilot_proj/STBIO_AI/artifacts/stage1_requirements/ocr_extracts/DDS_STBIO1_p028.txt,approved
Digital I/O List,if_sh_ck_tud,output,1 wire from u_level_shifter_sel.if_sh_ck_tud_ls_out,Digital Subsystem,28,C:/Users/iannuzza/LOCAL_PROJ/Github_copilot_proj/STBIO_AI/artifacts/stage1_requirements/ocr_extracts/DDS_STBIO1_p028.txt,approved
Digital I/O List,if_sh_sda_en,output,wire from u_level_shifter_sel.if_sh_sda_en_ls_out,Digital Subsystem,28,C:/Users/iannuzza/LOCAL_PROJ/Github_copilot_proj/STBIO_AI/artifacts/stage1_requirements/ocr_extracts/DDS_STBIO1_p028.txt,approved
Digital I/O List,if_sh_sda_in,input,wire to u_pad_mux,Digital Subsystem,28,C:/Users/iannuzza/LOCAL_PROJ/Github_copilot_proj/STBIO_AI/artifacts/stage1_requirements/ocr_extracts/DDS_STBIO1_p028.txt,approved
Digital I/O List,if_sh_sda_out,output,1 wire from u_level_shifter_sel.if_sh_sda_out_ls_out,Digital Subsystem,28,C:/Users/iannuzza/LOCAL_PROJ/Github_copilot_proj/STBIO_AI/artifacts/stage1_requirements/ocr_extracts/DDS_STBIO1_p028.txt,approved
Digital I/O List,if_sh_sda_tud,output,1 wire from u_level_shifter_sel.if_sh_sda_tud_ls_out 28,Digital Subsystem,28,C:/Users/iannuzza/LOCAL_PROJ/Github_copilot_proj/STBIO_AI/artifacts/stage1_requirements/ocr_extracts/DDS_STBIO1_p028.txt,approved
Digital I/O List,o_trim_ldo_d,output,0 wire [1:0] from u_level_shifter_sel.o_trim_ldo_d_ls_out,Digital Subsystem,29,C:/Users/iannuzza/LOCAL_PROJ/Github_copilot_proj/STBIO_AI/artifacts/stage1_requirements/ocr_extracts/DDS_STBIO1_p029.txt,approved
Digital I/O List,ADC_BUFF_REFRESH_DIS,output,0 wire from u_scan_out_mux,Digital Subsystem,29,C:/Users/iannuzza/LOCAL_PROJ/Github_copilot_proj/STBIO_AI/artifacts/stage1_requirements/ocr_extracts/DDS_STBIO1_p029.txt,approved
Digital I/O List,ADC_EXTRAPERIOD_DIS,output,0 wire from u_scan_out_mux,Digital Subsystem,29,C:/Users/iannuzza/LOCAL_PROJ/Github_copilot_proj/STBIO_AI/artifacts/stage1_requirements/ocr_extracts/DDS_STBIO1_p029.txt,approved
Digital I/O List,ADC_INPUT_FROM_GPIO,output,0 wire from u_scan_out_mux,Digital Subsystem,29,C:/Users/iannuzza/LOCAL_PROJ/Github_copilot_proj/STBIO_AI/artifacts/stage1_requirements/ocr_extracts/DDS_STBIO1_p029.txt,approved
Digital I/O List,ADC_REF_FROM_GPIO,output,0 wire from u_scan_out_mux,Digital Subsystem,29,C:/Users/iannuzza/LOCAL_PROJ/Github_copilot_proj/STBIO_AI/artifacts/stage1_requirements/ocr_extracts/DDS_STBIO1_p029.txt,approved
Digital I/O List,AFE_SPARE_0_1V2,output,0 wire [7:0] from u_scan_out_mux,Digital Subsystem,29,C:/Users/iannuzza/LOCAL_PROJ/Github_copilot_proj/STBIO_AI/artifacts/stage1_requirements/ocr_extracts/DDS_STBIO1_p029.txt,approved
Digital I/O List,AFE_SPARE_1,output,"0 wire [7:0] from u_scan_out_mux, Description: modificato l'utilizzo",Digital Subsystem,29,C:/Users/iannuzza/LOCAL_PROJ/Github_copilot_proj/STBIO_AI/artifacts/stage1_requirements/ocr_extracts/DDS_STBIO1_p029.txt,approved
Digital I/O List,DIS_LDOD_HP,output,0 wire from u_scan_out_mux,Digital Subsystem,29,C:/Users/iannuzza/LOCAL_PROJ/Github_copilot_proj/STBIO_AI/artifacts/stage1_requirements/ocr_extracts/DDS_STBIO1_p029.txt,approved
Digital I/O List,DIS_LDOD_IP,output,0 wire from u_scan_out_mux,Digital Subsystem,29,C:/Users/iannuzza/LOCAL_PROJ/Github_copilot_proj/STBIO_AI/artifacts/stage1_requirements/ocr_extracts/DDS_STBIO1_p029.txt,approved
Digital I/O List,EN_LDOD_FIFO,output,0 wire from u_scan_out_mux,Digital Subsystem,29,C:/Users/iannuzza/LOCAL_PROJ/Github_copilot_proj/STBIO_AI/artifacts/stage1_requirements/ocr_extracts/DDS_STBIO1_p029.txt,approved
Digital I/O List,EN_LDOD_STREDL,output,0 wire from u_scan_out_mux,Digital Subsystem,29,C:/Users/iannuzza/LOCAL_PROJ/Github_copilot_proj/STBIO_AI/artifacts/stage1_requirements/ocr_extracts/DDS_STBIO1_p029.txt,approved
Digital I/O List,OTP_SPARE,output,"00007F0 0 wire [31:0] from u_scan_out_mux, Description: i PMB_EXT sono collegati",Digital Subsystem,29,C:/Users/iannuzza/LOCAL_PROJ/Github_copilot_proj/STBIO_AI/artifacts/stage1_requirements/ocr_extracts/DDS_STBIO1_p029.txt,approved
Digital I/O List,OVERCURR_N_IN_i,input,0 wire to u_regmap_otp,Digital Subsystem,29,C:/Users/iannuzza/LOCAL_PROJ/Github_copilot_proj/STBIO_AI/artifacts/stage1_requirements/ocr_extracts/DDS_STBIO1_p029.txt,approved
Digital I/O List,OVERCURR_P_IN_i,input,0 wire to u_regmap_otp,Digital Subsystem,29,C:/Users/iannuzza/LOCAL_PROJ/Github_copilot_proj/STBIO_AI/artifacts/stage1_requirements/ocr_extracts/DDS_STBIO1_p029.txt,approved
Digital I/O List,O_DCCK_N_i,input,"0 wire to u_pad_mux/u_regmap_otp/u_regmap_o tp.DCCK_N_IRQ_i/u_N_not_logic.A,",Digital Subsystem,29,C:/Users/iannuzza/LOCAL_PROJ/Github_copilot_proj/STBIO_AI/artifacts/stage1_requirements/ocr_extracts/DDS_STBIO1_p029.txt,approved
Digital I/O List,O_DCCK_P_i,input,"0 wire to u_pad_mux/u_regmap_otp/u_regmap_o tp.DCCK_P_IRQ_i/u_P_not_logic.A,",Digital Subsystem,29,C:/Users/iannuzza/LOCAL_PROJ/Github_copilot_proj/STBIO_AI/artifacts/stage1_requirements/ocr_extracts/DDS_STBIO1_p029.txt,approved
Digital I/O List,t_en_gpio1,output,"0 wire from u_scan_out_mux, Description: spostato il bit",Digital Subsystem,29,C:/Users/iannuzza/LOCAL_PROJ/Github_copilot_proj/STBIO_AI/artifacts/stage1_requirements/ocr_extracts/DDS_STBIO1_p029.txt,approved
Digital I/O List,t_en_gpio2,output,"0 wire from u_scan_out_mux, Description: spostato il bit",Digital Subsystem,29,C:/Users/iannuzza/LOCAL_PROJ/Github_copilot_proj/STBIO_AI/artifacts/stage1_requirements/ocr_extracts/DDS_STBIO1_p029.txt,approved
Digital I/O List,t_en_gpio3,output,0 wire from u_scan_out_mux 29,Digital Subsystem,29,C:/Users/iannuzza/LOCAL_PROJ/Github_copilot_proj/STBIO_AI/artifacts/stage1_requirements/ocr_extracts/DDS_STBIO1_p029.txt,approved
Digital I/O List,t_en_gpio4,output,0 wire from u_scan_out_mux,Digital Subsystem,30,C:/Users/iannuzza/LOCAL_PROJ/Github_copilot_proj/STBIO_AI/artifacts/stage1_requirements/ocr_extracts/DDS_STBIO1_p030.txt,approved
Digital I/O List,t_ecg0_out_pre_buf,output,0 wire from u_scan_out_mux,Digital Subsystem,30,C:/Users/iannuzza/LOCAL_PROJ/Github_copilot_proj/STBIO_AI/artifacts/stage1_requirements/ocr_extracts/DDS_STBIO1_p030.txt,approved
Digital I/O List,t_offset_gpio12,output,0 wire from u_scan_out_mux,Digital Subsystem,30,C:/Users/iannuzza/LOCAL_PROJ/Github_copilot_proj/STBIO_AI/artifacts/stage1_requirements/ocr_extracts/DDS_STBIO1_p030.txt,approved
Digital I/O List,t_in_bio_buf34,output,0 wire from u_scan_out_mux,Digital Subsystem,30,C:/Users/iannuzza/LOCAL_PROJ/Github_copilot_proj/STBIO_AI/artifacts/stage1_requirements/ocr_extracts/DDS_STBIO1_p030.txt,approved
Digital I/O List,t_ecg1_out_pre_bufp_3,output,0 wire from u_scan_out_mux,Digital Subsystem,30,C:/Users/iannuzza/LOCAL_PROJ/Github_copilot_proj/STBIO_AI/artifacts/stage1_requirements/ocr_extracts/DDS_STBIO1_p030.txt,approved
Digital I/O List,t_ecg1_out_pre_bufn_4,output,0 wire from u_scan_out_mux,Digital Subsystem,30,C:/Users/iannuzza/LOCAL_PROJ/Github_copilot_proj/STBIO_AI/artifacts/stage1_requirements/ocr_extracts/DDS_STBIO1_p030.txt,approved
Digital I/O List,t_ecg2_out_pre_bufn_3,output,0 wire from u_scan_out_mux,Digital Subsystem,30,C:/Users/iannuzza/LOCAL_PROJ/Github_copilot_proj/STBIO_AI/artifacts/stage1_requirements/ocr_extracts/DDS_STBIO1_p030.txt,approved
Digital I/O List,t_ecg2_out_pre_bufp_4,output,0 wire from u_scan_out_mux,Digital Subsystem,30,C:/Users/iannuzza/LOCAL_PROJ/Github_copilot_proj/STBIO_AI/artifacts/stage1_requirements/ocr_extracts/DDS_STBIO1_p030.txt,approved
Digital I/O List,T_CM_HLT_2,output,0 wire from u_scan_out_mux,Digital Subsystem,30,C:/Users/iannuzza/LOCAL_PROJ/Github_copilot_proj/STBIO_AI/artifacts/stage1_requirements/ocr_extracts/DDS_STBIO1_p030.txt,approved
Digital I/O List,T_CM_RLD_1,output,0 wire from u_scan_out_mux,Digital Subsystem,30,C:/Users/iannuzza/LOCAL_PROJ/Github_copilot_proj/STBIO_AI/artifacts/stage1_requirements/ocr_extracts/DDS_STBIO1_p030.txt,approved
Digital I/O List,T_ECG0_AC_1,output,0 wire from u_scan_out_mux,Digital Subsystem,30,C:/Users/iannuzza/LOCAL_PROJ/Github_copilot_proj/STBIO_AI/artifacts/stage1_requirements/ocr_extracts/DDS_STBIO1_p030.txt,approved
Digital I/O List,T_ECG0_DC_2,output,0 wire from u_scan_out_mux,Digital Subsystem,30,C:/Users/iannuzza/LOCAL_PROJ/Github_copilot_proj/STBIO_AI/artifacts/stage1_requirements/ocr_extracts/DDS_STBIO1_p030.txt,approved
Digital I/O List,T_EXT_HPF_ECG0,output,0 wire from u_scan_out_mux,Digital Subsystem,30,C:/Users/iannuzza/LOCAL_PROJ/Github_copilot_proj/STBIO_AI/artifacts/stage1_requirements/ocr_extracts/DDS_STBIO1_p030.txt,approved
Digital I/O List,T_FORCE_1V2,output,0 wire from u_pad_mux.o_t_force_1v2,Digital Subsystem,30,C:/Users/iannuzza/LOCAL_PROJ/Github_copilot_proj/STBIO_AI/artifacts/stage1_requirements/ocr_extracts/DDS_STBIO1_p030.txt,approved
Digital I/O List,T_IBG_1u_2,output,0 wire from u_scan_out_mux,Digital Subsystem,30,C:/Users/iannuzza/LOCAL_PROJ/Github_copilot_proj/STBIO_AI/artifacts/stage1_requirements/ocr_extracts/DDS_STBIO1_p030.txt,approved
Digital I/O List,T_IMPP_AC_1,output,0 wire from u_scan_out_mux,Digital Subsystem,30,C:/Users/iannuzza/LOCAL_PROJ/Github_copilot_proj/STBIO_AI/artifacts/stage1_requirements/ocr_extracts/DDS_STBIO1_p030.txt,approved
Digital I/O List,T_IMPP_DC_2,output,0 wire from u_scan_out_mux,Digital Subsystem,30,C:/Users/iannuzza/LOCAL_PROJ/Github_copilot_proj/STBIO_AI/artifacts/stage1_requirements/ocr_extracts/DDS_STBIO1_p030.txt,approved
Digital I/O List,T_IMPQ_AC_2,output,0 wire from u_scan_out_mux,Digital Subsystem,30,C:/Users/iannuzza/LOCAL_PROJ/Github_copilot_proj/STBIO_AI/artifacts/stage1_requirements/ocr_extracts/DDS_STBIO1_p030.txt,approved
Digital I/O List,T_IMPQ_DC_1,output,0 wire from u_scan_out_mux,Digital Subsystem,30,C:/Users/iannuzza/LOCAL_PROJ/Github_copilot_proj/STBIO_AI/artifacts/stage1_requirements/ocr_extracts/DDS_STBIO1_p030.txt,approved
Digital I/O List,T_IN_BIO_BUF,output,0 wire from u_scan_out_mux,Digital Subsystem,30,C:/Users/iannuzza/LOCAL_PROJ/Github_copilot_proj/STBIO_AI/artifacts/stage1_requirements/ocr_extracts/DDS_STBIO1_p030.txt,approved
Digital I/O List,T_IPTAT_1u_1,output,0 wire from u_scan_out_mux,Digital Subsystem,30,C:/Users/iannuzza/LOCAL_PROJ/Github_copilot_proj/STBIO_AI/artifacts/stage1_requirements/ocr_extracts/DDS_STBIO1_p030.txt,approved
Digital I/O List,T_OP55_1,output,0 wire from u_scan_out_mux,Digital Subsystem,30,C:/Users/iannuzza/LOCAL_PROJ/Github_copilot_proj/STBIO_AI/artifacts/stage1_requirements/ocr_extracts/DDS_STBIO1_p030.txt,approved
Digital I/O List,T_OP90_2,output,0 wire from u_scan_out_mux,Digital Subsystem,30,C:/Users/iannuzza/LOCAL_PROJ/Github_copilot_proj/STBIO_AI/artifacts/stage1_requirements/ocr_extracts/DDS_STBIO1_p030.txt,approved
Digital I/O List,T_OUT_BIO_BUF,output,0 wire from u_scan_out_mux 30,Digital Subsystem,30,C:/Users/iannuzza/LOCAL_PROJ/Github_copilot_proj/STBIO_AI/artifacts/stage1_requirements/ocr_extracts/DDS_STBIO1_p030.txt,approved
Digital I/O List,T_OUT_GSR,output,0 wire from u_scan_out_mux,Digital Subsystem,31,C:/Users/iannuzza/LOCAL_PROJ/Github_copilot_proj/STBIO_AI/artifacts/stage1_requirements/ocr_extracts/DDS_STBIO1_p031.txt,approved
Digital I/O List,T_OUT_PPG_BUF,output,0 wire from u_scan_out_mux,Digital Subsystem,31,C:/Users/iannuzza/LOCAL_PROJ/Github_copilot_proj/STBIO_AI/artifacts/stage1_requirements/ocr_extracts/DDS_STBIO1_p031.txt,approved
Digital I/O List,T_SENSE_1V2,output,0 wire from u_scan_out_mux,Digital Subsystem,31,C:/Users/iannuzza/LOCAL_PROJ/Github_copilot_proj/STBIO_AI/artifacts/stage1_requirements/ocr_extracts/DDS_STBIO1_p031.txt,approved
Digital I/O List,T_SENSEIBG_1V2,output,0 wire from u_scan_out_mux,Digital Subsystem,31,C:/Users/iannuzza/LOCAL_PROJ/Github_copilot_proj/STBIO_AI/artifacts/stage1_requirements/ocr_extracts/DDS_STBIO1_p031.txt,approved
Digital I/O List,T_CM_HLT_1,output,0 wire from u_scan_out_mux,Digital Subsystem,31,C:/Users/iannuzza/LOCAL_PROJ/Github_copilot_proj/STBIO_AI/artifacts/stage1_requirements/ocr_extracts/DDS_STBIO1_p031.txt,approved
Digital I/O List,T_SENSEVBG_1V2,output,0 wire from u_scan_out_mux,Digital Subsystem,31,C:/Users/iannuzza/LOCAL_PROJ/Github_copilot_proj/STBIO_AI/artifacts/stage1_requirements/ocr_extracts/DDS_STBIO1_p031.txt,approved
Digital I/O List,o_end_calibration_1V2,output,0 wire from u_scan_out_mux,Digital Subsystem,31,C:/Users/iannuzza/LOCAL_PROJ/Github_copilot_proj/STBIO_AI/artifacts/stage1_requirements/ocr_extracts/DDS_STBIO1_p031.txt,approved
Digital I/O List,pd_osc_clk32k,output,"0 wire from u_scan_out_mux, Description: se si seleziona",Digital Subsystem,31,C:/Users/iannuzza/LOCAL_PROJ/Github_copilot_proj/STBIO_AI/artifacts/stage1_requirements/ocr_extracts/DDS_STBIO1_p031.txt,approved
Digital I/O List,o_pd_buf_gpio1,output,1 wire from u_scan_out_mux,Digital Subsystem,31,C:/Users/iannuzza/LOCAL_PROJ/Github_copilot_proj/STBIO_AI/artifacts/stage1_requirements/ocr_extracts/DDS_STBIO1_p031.txt,approved
Digital I/O List,o_pd_buf_gpio2,output,1 wire from u_scan_out_mux,Digital Subsystem,31,C:/Users/iannuzza/LOCAL_PROJ/Github_copilot_proj/STBIO_AI/artifacts/stage1_requirements/ocr_extracts/DDS_STBIO1_p031.txt,approved
Digital I/O List,EN_CLK_EXT,output,0 wire from u_scan_out_mux,Digital Subsystem,31,C:/Users/iannuzza/LOCAL_PROJ/Github_copilot_proj/STBIO_AI/artifacts/stage1_requirements/ocr_extracts/DDS_STBIO1_p031.txt,approved
Digital I/O List,WHO_AM_I,input,"D7 wire [7:0] to u_regmap_otp.DEV_ID_i, Description: ? OK ?",Digital Subsystem,31,C:/Users/iannuzza/LOCAL_PROJ/Github_copilot_proj/STBIO_AI/artifacts/stage1_requirements/ocr_extracts/DDS_STBIO1_p031.txt,approved
Digital I/O List,if_sclk_i3c_in,input,wire to u_pad_mux,Digital Subsystem,31,C:/Users/iannuzza/LOCAL_PROJ/Github_copilot_proj/STBIO_AI/artifacts/stage1_requirements/ocr_extracts/DDS_STBIO1_p031.txt,approved
Digital I/O List,if_sda_sdi_i3c_in,input,wire to u_pad_mux,Digital Subsystem,31,C:/Users/iannuzza/LOCAL_PROJ/Github_copilot_proj/STBIO_AI/artifacts/stage1_requirements/ocr_extracts/DDS_STBIO1_p031.txt,approved
Digital I/O List,VREF,input,wire to u_otp,Digital Subsystem,31,C:/Users/iannuzza/LOCAL_PROJ/Github_copilot_proj/STBIO_AI/artifacts/stage1_requirements/ocr_extracts/DDS_STBIO1_p031.txt,approved
Digital I/O List,IREF,input,wire to u_otp,Digital Subsystem,31,C:/Users/iannuzza/LOCAL_PROJ/Github_copilot_proj/STBIO_AI/artifacts/stage1_requirements/ocr_extracts/DDS_STBIO1_p031.txt,approved
Digital I/O List,OTP_IREF_WAKEUP,output,"0 wire from u_scan_out_mux, Description: Enable Mirror OTP",Digital Subsystem,31,C:/Users/iannuzza/LOCAL_PROJ/Github_copilot_proj/STBIO_AI/artifacts/stage1_requirements/ocr_extracts/DDS_STBIO1_p031.txt,approved
PMU I/O List,clk_16m,input,wire Clock 16 MHz from analog ring oscillators,PMU,37,C:/Users/iannuzza/LOCAL_PROJ/Github_copilot_proj/STBIO_AI/artifacts/stage1_requirements/ocr_extracts/DDS_STBIO1_p037.txt,approved
PMU I/O List,clk_64k,input,wire Clock 64kHz from analog ring oscillators,PMU,37,C:/Users/iannuzza/LOCAL_PROJ/Github_copilot_proj/STBIO_AI/artifacts/stage1_requirements/ocr_extracts/DDS_STBIO1_p037.txt,approved
PMU I/O List,POR1V2_1V2,input,wire POR Signal,PMU,37,C:/Users/iannuzza/LOCAL_PROJ/Github_copilot_proj/STBIO_AI/artifacts/stage1_requirements/ocr_extracts/DDS_STBIO1_p037.txt,approved
PMU I/O List,START_CLK_16M,input,wire Clock ready for 16MHz,PMU,37,C:/Users/iannuzza/LOCAL_PROJ/Github_copilot_proj/STBIO_AI/artifacts/stage1_requirements/ocr_extracts/DDS_STBIO1_p037.txt,approved
PMU I/O List,PDClockF,input,wire Power Down for 16MHz Ring Oscillator from main controller,PMU,37,C:/Users/iannuzza/LOCAL_PROJ/Github_copilot_proj/STBIO_AI/artifacts/stage1_requirements/ocr_extracts/DDS_STBIO1_p037.txt,approved
PMU I/O List,i_bio_divider,input,wire Enable 32kHz geneartion from 16MHz when a Bio-Channel is activated,PMU,37,C:/Users/iannuzza/LOCAL_PROJ/Github_copilot_proj/STBIO_AI/artifacts/stage1_requirements/ocr_extracts/DDS_STBIO1_p037.txt,approved
PMU I/O List,EN_LDO,input,wire enable LDO from main controller,PMU,37,C:/Users/iannuzza/LOCAL_PROJ/Github_copilot_proj/STBIO_AI/artifacts/stage1_requirements/ocr_extracts/DDS_STBIO1_p037.txt,approved
PMU I/O List,PD_CLK_REG,input,wire power down 16MHz from Regmap 37,PMU,37,C:/Users/iannuzza/LOCAL_PROJ/Github_copilot_proj/STBIO_AI/artifacts/stage1_requirements/ocr_extracts/DDS_STBIO1_p037.txt,approved
PMU I/O List,EN_LDO1V8_REG,input,wire Enable LDO from regmap,PMU,38,C:/Users/iannuzza/LOCAL_PROJ/Github_copilot_proj/STBIO_AI/artifacts/stage1_requirements/ocr_extracts/DDS_STBIO1_p038.txt,approved
PMU I/O List,bist_mode,input,wire enable bist mode,PMU,38,C:/Users/iannuzza/LOCAL_PROJ/Github_copilot_proj/STBIO_AI/artifacts/stage1_requirements/ocr_extracts/DDS_STBIO1_p038.txt,approved
PMU I/O List,debug_mode,input,wire enable debug,PMU,38,C:/Users/iannuzza/LOCAL_PROJ/Github_copilot_proj/STBIO_AI/artifacts/stage1_requirements/ocr_extracts/DDS_STBIO1_p038.txt,approved
PMU I/O List,scan_mode,input,wire enable scan mode,PMU,38,C:/Users/iannuzza/LOCAL_PROJ/Github_copilot_proj/STBIO_AI/artifacts/stage1_requirements/ocr_extracts/DDS_STBIO1_p038.txt,approved
PMU I/O List,scan_enable,input,wire start scan mode,PMU,38,C:/Users/iannuzza/LOCAL_PROJ/Github_copilot_proj/STBIO_AI/artifacts/stage1_requirements/ocr_extracts/DDS_STBIO1_p038.txt,approved
PMU I/O List,scan_clk,input,wire scan clk,PMU,38,C:/Users/iannuzza/LOCAL_PROJ/Github_copilot_proj/STBIO_AI/artifacts/stage1_requirements/ocr_extracts/DDS_STBIO1_p038.txt,approved
PMU I/O List,scan_rstn,input,wire scan rst,PMU,38,C:/Users/iannuzza/LOCAL_PROJ/Github_copilot_proj/STBIO_AI/artifacts/stage1_requirements/ocr_extracts/DDS_STBIO1_p038.txt,approved
PMU I/O List,clk_bistctlr,input,wire bist controller and collar clock,PMU,38,C:/Users/iannuzza/LOCAL_PROJ/Github_copilot_proj/STBIO_AI/artifacts/stage1_requirements/ocr_extracts/DDS_STBIO1_p038.txt,approved
PMU I/O List,rst_bistctlr_n,input,wire bist controller and collar resetn,PMU,38,C:/Users/iannuzza/LOCAL_PROJ/Github_copilot_proj/STBIO_AI/artifacts/stage1_requirements/ocr_extracts/DDS_STBIO1_p038.txt,approved
PMU I/O List,clk_ext_en,input,wire enable external clock from pad,PMU,38,C:/Users/iannuzza/LOCAL_PROJ/Github_copilot_proj/STBIO_AI/artifacts/stage1_requirements/ocr_extracts/DDS_STBIO1_p038.txt,approved
PMU I/O List,clk_ext_slow,input,wire external clock 32kHz,PMU,38,C:/Users/iannuzza/LOCAL_PROJ/Github_copilot_proj/STBIO_AI/artifacts/stage1_requirements/ocr_extracts/DDS_STBIO1_p038.txt,approved
PMU I/O List,i_en_sh_clk,input,wire enable sensor hub clock,PMU,38,C:/Users/iannuzza/LOCAL_PROJ/Github_copilot_proj/STBIO_AI/artifacts/stage1_requirements/ocr_extracts/DDS_STBIO1_p038.txt,approved
PMU I/O List,i_senshub_clk_sel,input,wire [2:0] selector for sensor hub clock,PMU,38,C:/Users/iannuzza/LOCAL_PROJ/Github_copilot_proj/STBIO_AI/artifacts/stage1_requirements/ocr_extracts/DDS_STBIO1_p038.txt,approved
PMU I/O List,i_test_clk_fast,input,wire enable test and trimming for 16MHz clock,PMU,38,C:/Users/iannuzza/LOCAL_PROJ/Github_copilot_proj/STBIO_AI/artifacts/stage1_requirements/ocr_extracts/DDS_STBIO1_p038.txt,approved
PMU I/O List,i_half_charge_ldo,input,wire enable the low power mode for ldo when only ppg is selected,PMU,38,C:/Users/iannuzza/LOCAL_PROJ/Github_copilot_proj/STBIO_AI/artifacts/stage1_requirements/ocr_extracts/DDS_STBIO1_p038.txt,approved
PMU I/O List,mask_en_ldo_pdclkf,input,wire mask the control of pdf and ldo control during boot,PMU,38,C:/Users/iannuzza/LOCAL_PROJ/Github_copilot_proj/STBIO_AI/artifacts/stage1_requirements/ocr_extracts/DDS_STBIO1_p038.txt,approved
PMU I/O List,clk_en_s0,input,wire clock gating logic inside stredl_afe_top,PMU,38,C:/Users/iannuzza/LOCAL_PROJ/Github_copilot_proj/STBIO_AI/artifacts/stage1_requirements/ocr_extracts/DDS_STBIO1_p038.txt,approved
PMU I/O List,clk_en_s1,input,wire if present should be HSEL STMC AHB Master,PMU,38,C:/Users/iannuzza/LOCAL_PROJ/Github_copilot_proj/STBIO_AI/artifacts/stage1_requirements/ocr_extracts/DDS_STBIO1_p038.txt,approved
PMU I/O List,clk_en_s2_i2c,input,wire if present should be HSEL STMC AHB Master,PMU,38,C:/Users/iannuzza/LOCAL_PROJ/Github_copilot_proj/STBIO_AI/artifacts/stage1_requirements/ocr_extracts/DDS_STBIO1_p038.txt,approved
PMU I/O List,clk_en_s2_on,input,wire clk gating ON from AHB I2C/SPI Interface,PMU,38,C:/Users/iannuzza/LOCAL_PROJ/Github_copilot_proj/STBIO_AI/artifacts/stage1_requirements/ocr_extracts/DDS_STBIO1_p038.txt,approved
PMU I/O List,clk_en_s2_off,input,wire clk gating OFF from AHB I2C/SPI Interface,PMU,38,C:/Users/iannuzza/LOCAL_PROJ/Github_copilot_proj/STBIO_AI/artifacts/stage1_requirements/ocr_extracts/DDS_STBIO1_p038.txt,approved
PMU I/O List,clk_en_s3,input,wire clk gating from AHB Master Main Controller 38,PMU,38,C:/Users/iannuzza/LOCAL_PROJ/Github_copilot_proj/STBIO_AI/artifacts/stage1_requirements/ocr_extracts/DDS_STBIO1_p038.txt,approved
PMU I/O List,clk_en_s4,input,wire clock gating logic inside stredl_afe_top,PMU,39,C:/Users/iannuzza/LOCAL_PROJ/Github_copilot_proj/STBIO_AI/artifacts/stage1_requirements/ocr_extracts/DDS_STBIO1_p039.txt,approved
PMU I/O List,clk_en_s5,input,wire clock gating logic inside masterblaze_ahb,PMU,39,C:/Users/iannuzza/LOCAL_PROJ/Github_copilot_proj/STBIO_AI/artifacts/stage1_requirements/ocr_extracts/DDS_STBIO1_p039.txt,approved
PMU I/O List,clk_en_m0,input,wire clock gating logic inside stredl_afe_top,PMU,39,C:/Users/iannuzza/LOCAL_PROJ/Github_copilot_proj/STBIO_AI/artifacts/stage1_requirements/ocr_extracts/DDS_STBIO1_p039.txt,approved
PMU I/O List,clk_en_m1,input,wire HSEL M1 from xbar to STMC AHB Slave,PMU,39,C:/Users/iannuzza/LOCAL_PROJ/Github_copilot_proj/STBIO_AI/artifacts/stage1_requirements/ocr_extracts/DDS_STBIO1_p039.txt,approved
PMU I/O List,clk_en_m2,input,wire HSEL M2 from xbar to FIFO,PMU,39,C:/Users/iannuzza/LOCAL_PROJ/Github_copilot_proj/STBIO_AI/artifacts/stage1_requirements/ocr_extracts/DDS_STBIO1_p039.txt,approved
PMU I/O List,clk_en_m22,input,wire HSEL M2 from xbar to MASTERBLAZE,PMU,39,C:/Users/iannuzza/LOCAL_PROJ/Github_copilot_proj/STBIO_AI/artifacts/stage1_requirements/ocr_extracts/DDS_STBIO1_p039.txt,approved
PMU I/O List,clk_en_m3,input,wire HSEL M3 from xbar to Regmap,PMU,39,C:/Users/iannuzza/LOCAL_PROJ/Github_copilot_proj/STBIO_AI/artifacts/stage1_requirements/ocr_extracts/DDS_STBIO1_p039.txt,approved
PMU I/O List,iso_i,input,wire from register,PMU,39,C:/Users/iannuzza/LOCAL_PROJ/Github_copilot_proj/STBIO_AI/artifacts/stage1_requirements/ocr_extracts/DDS_STBIO1_p039.txt,approved
PMU I/O List,vdden_i,input,wire enable ISPU Power Island,PMU,39,C:/Users/iannuzza/LOCAL_PROJ/Github_copilot_proj/STBIO_AI/artifacts/stage1_requirements/ocr_extracts/DDS_STBIO1_p039.txt,approved
PMU I/O List,i_start_operative_16MHz,input,wire enable the lead of check,PMU,39,C:/Users/iannuzza/LOCAL_PROJ/Github_copilot_proj/STBIO_AI/artifacts/stage1_requirements/ocr_extracts/DDS_STBIO1_p039.txt,approved
PMU I/O List,main_ctrl_sw_resetn,input,wire soft reset for main controller,PMU,39,C:/Users/iannuzza/LOCAL_PROJ/Github_copilot_proj/STBIO_AI/artifacts/stage1_requirements/ocr_extracts/DDS_STBIO1_p039.txt,approved
PMU I/O List,stmc_sw_resetn,input,wire adsp soft reset,PMU,39,C:/Users/iannuzza/LOCAL_PROJ/Github_copilot_proj/STBIO_AI/artifacts/stage1_requirements/ocr_extracts/DDS_STBIO1_p039.txt,approved
PMU I/O List,fifo_sw_resetn,input,wire fifo soft reset,PMU,39,C:/Users/iannuzza/LOCAL_PROJ/Github_copilot_proj/STBIO_AI/artifacts/stage1_requirements/ocr_extracts/DDS_STBIO1_p039.txt,approved
PMU I/O List,masterblaze_sw_resetn,input,wire sensor hub soft reset,PMU,39,C:/Users/iannuzza/LOCAL_PROJ/Github_copilot_proj/STBIO_AI/artifacts/stage1_requirements/ocr_extracts/DDS_STBIO1_p039.txt,approved
PMU I/O List,regmap_sw_resetn,input,wire regmap soft reset,PMU,39,C:/Users/iannuzza/LOCAL_PROJ/Github_copilot_proj/STBIO_AI/artifacts/stage1_requirements/ocr_extracts/DDS_STBIO1_p039.txt,approved
PMU I/O List,adsp_run,input,wire adsp is running,PMU,39,C:/Users/iannuzza/LOCAL_PROJ/Github_copilot_proj/STBIO_AI/artifacts/stage1_requirements/ocr_extracts/DDS_STBIO1_p039.txt,approved
PMU I/O List,adsp_xbar_sw_en,input,wire adsp clk ahb,PMU,39,C:/Users/iannuzza/LOCAL_PROJ/Github_copilot_proj/STBIO_AI/artifacts/stage1_requirements/ocr_extracts/DDS_STBIO1_p039.txt,approved
PMU I/O List,i_en_clk_gsr_16M,input,wire enable the clock for gsr digital circuit,PMU,39,C:/Users/iannuzza/LOCAL_PROJ/Github_copilot_proj/STBIO_AI/artifacts/stage1_requirements/ocr_extracts/DDS_STBIO1_p039.txt,approved
PMU I/O List,i_en_ck_m_p_q,input,wire enable quadrature and phase clock,PMU,39,C:/Users/iannuzza/LOCAL_PROJ/Github_copilot_proj/STBIO_AI/artifacts/stage1_requirements/ocr_extracts/DDS_STBIO1_p039.txt,approved
PMU I/O List,i_en_clk_mod_debug,input,wire enable the clock modulation debug,PMU,39,C:/Users/iannuzza/LOCAL_PROJ/Github_copilot_proj/STBIO_AI/artifacts/stage1_requirements/ocr_extracts/DDS_STBIO1_p039.txt,approved
PMU I/O List,i_en_chop_ref,input,wire enable chopper clock,PMU,39,C:/Users/iannuzza/LOCAL_PROJ/Github_copilot_proj/STBIO_AI/artifacts/stage1_requirements/ocr_extracts/DDS_STBIO1_p039.txt,approved
PMU I/O List,i_en_ck_chop_imp,input,wire enable chopper clock for bia,PMU,39,C:/Users/iannuzza/LOCAL_PROJ/Github_copilot_proj/STBIO_AI/artifacts/stage1_requirements/ocr_extracts/DDS_STBIO1_p039.txt,approved
PMU I/O List,i_en_ck_hc2_10k,input,wire enable health channel clock,PMU,39,C:/Users/iannuzza/LOCAL_PROJ/Github_copilot_proj/STBIO_AI/artifacts/stage1_requirements/ocr_extracts/DDS_STBIO1_p039.txt,approved
PMU I/O List,i_freq_bia_m_p_q,input,wire [2:0] frequency selector for phase and quadrature 39,PMU,39,C:/Users/iannuzza/LOCAL_PROJ/Github_copilot_proj/STBIO_AI/artifacts/stage1_requirements/ocr_extracts/DDS_STBIO1_p039.txt,approved
PMU I/O List,i_en_clk_16MHz_sleep,input,wire enable clock in SLEEP mode when a bio- channel is selected,PMU,40,C:/Users/iannuzza/LOCAL_PROJ/Github_copilot_proj/STBIO_AI/artifacts/stage1_requirements/ocr_extracts/DDS_STBIO1_p040.txt,approved
PMU I/O List,EN_ADC_TEST_LOW_NOISE,input,wire enable adc test low noise,PMU,40,C:/Users/iannuzza/LOCAL_PROJ/Github_copilot_proj/STBIO_AI/artifacts/stage1_requirements/ocr_extracts/DDS_STBIO1_p040.txt,approved
PMU I/O List,EN_ADC_TEST_FAST,input,wire enable adc test fast,PMU,40,C:/Users/iannuzza/LOCAL_PROJ/Github_copilot_proj/STBIO_AI/artifacts/stage1_requirements/ocr_extracts/DDS_STBIO1_p040.txt,approved
PMU I/O List,if_sh_ck_in,input,wire sensor hub clock interface,PMU,40,C:/Users/iannuzza/LOCAL_PROJ/Github_copilot_proj/STBIO_AI/artifacts/stage1_requirements/ocr_extracts/DDS_STBIO1_p040.txt,approved
PMU I/O List,o_EN_LDO1V8,output,wire enable ldo to analog domain,PMU,40,C:/Users/iannuzza/LOCAL_PROJ/Github_copilot_proj/STBIO_AI/artifacts/stage1_requirements/ocr_extracts/DDS_STBIO1_p040.txt,approved
PMU I/O List,o_PD_CLKF,output,wire power down 16MHz clock to analog domain,PMU,40,C:/Users/iannuzza/LOCAL_PROJ/Github_copilot_proj/STBIO_AI/artifacts/stage1_requirements/ocr_extracts/DDS_STBIO1_p040.txt,approved
PMU I/O List,o_CLK_16M_READY,output,wire clock ready to the digital domain,PMU,40,C:/Users/iannuzza/LOCAL_PROJ/Github_copilot_proj/STBIO_AI/artifacts/stage1_requirements/ocr_extracts/DDS_STBIO1_p040.txt,approved
PMU I/O List,o_DIS_RC_VIREF,output,wire dis rc viref to the analog domain,PMU,40,C:/Users/iannuzza/LOCAL_PROJ/Github_copilot_proj/STBIO_AI/artifacts/stage1_requirements/ocr_extracts/DDS_STBIO1_p040.txt,approved
PMU I/O List,pd_osc_clk32k,output,wire power down for clk 64kHz,PMU,40,C:/Users/iannuzza/LOCAL_PROJ/Github_copilot_proj/STBIO_AI/artifacts/stage1_requirements/ocr_extracts/DDS_STBIO1_p040.txt,approved
PMU I/O List,tst_clk_32k,output,wire clock slow 32k to main_controller,PMU,40,C:/Users/iannuzza/LOCAL_PROJ/Github_copilot_proj/STBIO_AI/artifacts/stage1_requirements/ocr_extracts/DDS_STBIO1_p040.txt,approved
PMU I/O List,tst_clk_16m,output,wire clock fast 16M,PMU,40,C:/Users/iannuzza/LOCAL_PROJ/Github_copilot_proj/STBIO_AI/artifacts/stage1_requirements/ocr_extracts/DDS_STBIO1_p040.txt,approved
PMU I/O List,tst_clk_bistctlr,output,wire test clock for bist ctrl,PMU,40,C:/Users/iannuzza/LOCAL_PROJ/Github_copilot_proj/STBIO_AI/artifacts/stage1_requirements/ocr_extracts/DDS_STBIO1_p040.txt,approved
PMU I/O List,tst_rst_bistctlr_n,output,wire test reset for bist ctrl,PMU,40,C:/Users/iannuzza/LOCAL_PROJ/Github_copilot_proj/STBIO_AI/artifacts/stage1_requirements/ocr_extracts/DDS_STBIO1_p040.txt,approved
PMU I/O List,clk_stredl,output,wire clock gating logic inside stredl_afe_top,PMU,40,C:/Users/iannuzza/LOCAL_PROJ/Github_copilot_proj/STBIO_AI/artifacts/stage1_requirements/ocr_extracts/DDS_STBIO1_p040.txt,approved
PMU I/O List,clk_xbar,output,wire xbar clock,PMU,40,C:/Users/iannuzza/LOCAL_PROJ/Github_copilot_proj/STBIO_AI/artifacts/stage1_requirements/ocr_extracts/DDS_STBIO1_p040.txt,approved
PMU I/O List,clk_intf,output,wire interface clock,PMU,40,C:/Users/iannuzza/LOCAL_PROJ/Github_copilot_proj/STBIO_AI/artifacts/stage1_requirements/ocr_extracts/DDS_STBIO1_p040.txt,approved
PMU I/O List,clk_main_ctrl,output,wire clock for main controller,PMU,40,C:/Users/iannuzza/LOCAL_PROJ/Github_copilot_proj/STBIO_AI/artifacts/stage1_requirements/ocr_extracts/DDS_STBIO1_p040.txt,approved
PMU I/O List,clk_stmc,output,wire adsp clock,PMU,40,C:/Users/iannuzza/LOCAL_PROJ/Github_copilot_proj/STBIO_AI/artifacts/stage1_requirements/ocr_extracts/DDS_STBIO1_p040.txt,approved
PMU I/O List,clk_stmc_ahb,output,wire adsp clk elaboration,PMU,40,C:/Users/iannuzza/LOCAL_PROJ/Github_copilot_proj/STBIO_AI/artifacts/stage1_requirements/ocr_extracts/DDS_STBIO1_p040.txt,approved
PMU I/O List,clk_fifo,output,wire fifo clock,PMU,40,C:/Users/iannuzza/LOCAL_PROJ/Github_copilot_proj/STBIO_AI/artifacts/stage1_requirements/ocr_extracts/DDS_STBIO1_p040.txt,approved
PMU I/O List,clk_masterblaze_m,output,wire sensor hub master clock,PMU,40,C:/Users/iannuzza/LOCAL_PROJ/Github_copilot_proj/STBIO_AI/artifacts/stage1_requirements/ocr_extracts/DDS_STBIO1_p040.txt,approved
PMU I/O List,clk_masterblaze_s,output,wire sensor hub slave clock,PMU,40,C:/Users/iannuzza/LOCAL_PROJ/Github_copilot_proj/STBIO_AI/artifacts/stage1_requirements/ocr_extracts/DDS_STBIO1_p040.txt,approved
PMU I/O List,clk_regmap,output,wire regmap clock,PMU,40,C:/Users/iannuzza/LOCAL_PROJ/Github_copilot_proj/STBIO_AI/artifacts/stage1_requirements/ocr_extracts/DDS_STBIO1_p040.txt,approved
PMU I/O List,o_clk_ext_en,output,wire enable external clock 40,PMU,40,C:/Users/iannuzza/LOCAL_PROJ/Github_copilot_proj/STBIO_AI/artifacts/stage1_requirements/ocr_extracts/DDS_STBIO1_p040.txt,approved
PMU I/O List,resetn_stredl,output,wire reset mngmt inside stredl_afe_top,PMU,41,C:/Users/iannuzza/LOCAL_PROJ/Github_copilot_proj/STBIO_AI/artifacts/stage1_requirements/ocr_extracts/DDS_STBIO1_p041.txt,approved
PMU I/O List,resetn_xbar,output,wire xbar reset,PMU,41,C:/Users/iannuzza/LOCAL_PROJ/Github_copilot_proj/STBIO_AI/artifacts/stage1_requirements/ocr_extracts/DDS_STBIO1_p041.txt,approved
PMU I/O List,resetn_intf,output,wire reset interface,PMU,41,C:/Users/iannuzza/LOCAL_PROJ/Github_copilot_proj/STBIO_AI/artifacts/stage1_requirements/ocr_extracts/DDS_STBIO1_p041.txt,approved
PMU I/O List,resetn_main_ctrl,output,wire reset main controller,PMU,41,C:/Users/iannuzza/LOCAL_PROJ/Github_copilot_proj/STBIO_AI/artifacts/stage1_requirements/ocr_extracts/DDS_STBIO1_p041.txt,approved
PMU I/O List,resetn_32k_main_ctrl,output,wire reset 32kHz domain main controller,PMU,41,C:/Users/iannuzza/LOCAL_PROJ/Github_copilot_proj/STBIO_AI/artifacts/stage1_requirements/ocr_extracts/DDS_STBIO1_p041.txt,approved
PMU I/O List,resetn_stmc,output,wire reset adsp,PMU,41,C:/Users/iannuzza/LOCAL_PROJ/Github_copilot_proj/STBIO_AI/artifacts/stage1_requirements/ocr_extracts/DDS_STBIO1_p041.txt,approved
PMU I/O List,resetn_fifo,output,wire reset FIFO,PMU,41,C:/Users/iannuzza/LOCAL_PROJ/Github_copilot_proj/STBIO_AI/artifacts/stage1_requirements/ocr_extracts/DDS_STBIO1_p041.txt,approved
PMU I/O List,resetn_masterblaze,output,wire reset sensor hub,PMU,41,C:/Users/iannuzza/LOCAL_PROJ/Github_copilot_proj/STBIO_AI/artifacts/stage1_requirements/ocr_extracts/DDS_STBIO1_p041.txt,approved
PMU I/O List,resetn_regmap,output,wire reset regmap,PMU,41,C:/Users/iannuzza/LOCAL_PROJ/Github_copilot_proj/STBIO_AI/artifacts/stage1_requirements/ocr_extracts/DDS_STBIO1_p041.txt,approved
PMU I/O List,o_trimming_clk_fast,output,wire trimming output clock fast,PMU,41,C:/Users/iannuzza/LOCAL_PROJ/Github_copilot_proj/STBIO_AI/artifacts/stage1_requirements/ocr_extracts/DDS_STBIO1_p041.txt,approved
PMU I/O List,iso_o,output,wire left open . to be connected in synthesis,PMU,41,C:/Users/iannuzza/LOCAL_PROJ/Github_copilot_proj/STBIO_AI/artifacts/stage1_requirements/ocr_extracts/DDS_STBIO1_p041.txt,approved
PMU I/O List,vdden_o,output,wire to be connected to psw_ctrl.VDDIEN,PMU,41,C:/Users/iannuzza/LOCAL_PROJ/Github_copilot_proj/STBIO_AI/artifacts/stage1_requirements/ocr_extracts/DDS_STBIO1_p041.txt,approved
PMU I/O List,o_ck_bg,output,wire bg clock to analog domain,PMU,41,C:/Users/iannuzza/LOCAL_PROJ/Github_copilot_proj/STBIO_AI/artifacts/stage1_requirements/ocr_extracts/DDS_STBIO1_p041.txt,approved
PMU I/O List,o_sh_clk,output,wire sensor hub clock,PMU,41,C:/Users/iannuzza/LOCAL_PROJ/Github_copilot_proj/STBIO_AI/artifacts/stage1_requirements/ocr_extracts/DDS_STBIO1_p041.txt,approved
PMU I/O List,o_ck_chop_imp,output,wire chopper bia clock to analog domain,PMU,41,C:/Users/iannuzza/LOCAL_PROJ/Github_copilot_proj/STBIO_AI/artifacts/stage1_requirements/ocr_extracts/DDS_STBIO1_p041.txt,approved
PMU I/O List,o_ck_m,output,wire modulation clock to analog domain,PMU,41,C:/Users/iannuzza/LOCAL_PROJ/Github_copilot_proj/STBIO_AI/artifacts/stage1_requirements/ocr_extracts/DDS_STBIO1_p041.txt,approved
PMU I/O List,o_ck_hc2_10k,output,wire healt channel 10kHz clock to analog domain,PMU,41,C:/Users/iannuzza/LOCAL_PROJ/Github_copilot_proj/STBIO_AI/artifacts/stage1_requirements/ocr_extracts/DDS_STBIO1_p041.txt,approved
PMU I/O List,o_ck_p,output,wire phase clock to analog domain,PMU,41,C:/Users/iannuzza/LOCAL_PROJ/Github_copilot_proj/STBIO_AI/artifacts/stage1_requirements/ocr_extracts/DDS_STBIO1_p041.txt,approved
PMU I/O List,o_ck_q,output,wire quadrature clock to analog domain,PMU,41,C:/Users/iannuzza/LOCAL_PROJ/Github_copilot_proj/STBIO_AI/artifacts/stage1_requirements/ocr_extracts/DDS_STBIO1_p041.txt,approved
PMU I/O List,o_clk_16M_mc,output,wire 16MHz clock for Main Controller,PMU,41,C:/Users/iannuzza/LOCAL_PROJ/Github_copilot_proj/STBIO_AI/artifacts/stage1_requirements/ocr_extracts/DDS_STBIO1_p041.txt,approved
PMU I/O List,o_clk_dft_adc,output,wire 16MHz clock for ADC DFT,PMU,41,C:/Users/iannuzza/LOCAL_PROJ/Github_copilot_proj/STBIO_AI/artifacts/stage1_requirements/ocr_extracts/DDS_STBIO1_p041.txt,approved
PMU I/O List,o_clk_gsr_16M,output,wire gsr clock to digital domain,PMU,41,C:/Users/iannuzza/LOCAL_PROJ/Github_copilot_proj/STBIO_AI/artifacts/stage1_requirements/ocr_extracts/DDS_STBIO1_p041.txt,approved
PMU I/O List,o_ADC_clk_serial_dft,output,wire adc serial clock in dft,PMU,41,C:/Users/iannuzza/LOCAL_PROJ/Github_copilot_proj/STBIO_AI/artifacts/stage1_requirements/ocr_extracts/DDS_STBIO1_p041.txt,approved
PMU I/O List,o_sh_clk_gate,output,wire status clk reg clk sh 16Mhz 41,PMU,41,C:/Users/iannuzza/LOCAL_PROJ/Github_copilot_proj/STBIO_AI/artifacts/stage1_requirements/ocr_extracts/DDS_STBIO1_p041.txt,approved
PAD MUX I/O List,i_write_protection_en,input,write_protection_en OTP regmap enable from regmap,PAD MUX,49,C:/Users/iannuzza/LOCAL_PROJ/Github_copilot_proj/STBIO_AI/artifacts/stage1_requirements/ocr_extracts/DDS_STBIO1_p049.txt,approved
PAD MUX I/O List,o_write_protection_en,output,write_protection_en OTP regmap enable to regmap,PAD MUX,49,C:/Users/iannuzza/LOCAL_PROJ/Github_copilot_proj/STBIO_AI/artifacts/stage1_requirements/ocr_extracts/DDS_STBIO1_p049.txt,approved
PAD MUX I/O List,i_tap_bist_mode,input,bist_mode signal used retun in functional mode,PAD MUX,49,C:/Users/iannuzza/LOCAL_PROJ/Github_copilot_proj/STBIO_AI/artifacts/stage1_requirements/ocr_extracts/DDS_STBIO1_p049.txt,approved
PAD MUX I/O List,i_EN_0P05HP_ECG0,input,bit enable select PDRES 05 ECG0 channel,PAD MUX,49,C:/Users/iannuzza/LOCAL_PROJ/Github_copilot_proj/STBIO_AI/artifacts/stage1_requirements/ocr_extracts/DDS_STBIO1_p049.txt,approved
PAD MUX I/O List,i_EN_0P05HP_ECG12,input,bit enable select PDRES 05 ECG12 channel,PAD MUX,49,C:/Users/iannuzza/LOCAL_PROJ/Github_copilot_proj/STBIO_AI/artifacts/stage1_requirements/ocr_extracts/DDS_STBIO1_p049.txt,approved
PAD MUX I/O List,IMPQ_PSDRES_UP_02,input,[2:0] OTP value for Analog block,PAD MUX,49,C:/Users/iannuzza/LOCAL_PROJ/Github_copilot_proj/STBIO_AI/artifacts/stage1_requirements/ocr_extracts/DDS_STBIO1_p049.txt,approved
PAD MUX I/O List,IMPQ_PSDRES_DOWN_02,input,[2:0] OTP value for Analog block,PAD MUX,49,C:/Users/iannuzza/LOCAL_PROJ/Github_copilot_proj/STBIO_AI/artifacts/stage1_requirements/ocr_extracts/DDS_STBIO1_p049.txt,approved
PAD MUX I/O List,IMPP_PSDRES_UP_02,input,[2:0] OTP value for Analog block,PAD MUX,49,C:/Users/iannuzza/LOCAL_PROJ/Github_copilot_proj/STBIO_AI/artifacts/stage1_requirements/ocr_extracts/DDS_STBIO1_p049.txt,approved
PAD MUX I/O List,IMPP_PSDRES_DOWN_02,input,[2:0] OTP value for Analog block,PAD MUX,49,C:/Users/iannuzza/LOCAL_PROJ/Github_copilot_proj/STBIO_AI/artifacts/stage1_requirements/ocr_extracts/DDS_STBIO1_p049.txt,approved
PAD MUX I/O List,ECG_PSDRES_DOWN_02,input,[2:0] OTP value for Analog block,PAD MUX,49,C:/Users/iannuzza/LOCAL_PROJ/Github_copilot_proj/STBIO_AI/artifacts/stage1_requirements/ocr_extracts/DDS_STBIO1_p049.txt,approved
PAD MUX I/O List,ECG_PSDRES_UP_02,input,[2:0] OTP value for Analog block,PAD MUX,49,C:/Users/iannuzza/LOCAL_PROJ/Github_copilot_proj/STBIO_AI/artifacts/stage1_requirements/ocr_extracts/DDS_STBIO1_p049.txt,approved
PAD MUX I/O List,IMPQ_PSDRES_UP_05,input,[2:0] OTP value for Analog block,PAD MUX,49,C:/Users/iannuzza/LOCAL_PROJ/Github_copilot_proj/STBIO_AI/artifacts/stage1_requirements/ocr_extracts/DDS_STBIO1_p049.txt,approved
PAD MUX I/O List,IMPQ_PSDRES_DOWN_05,input,[2:0] OTP value for Analog block,PAD MUX,49,C:/Users/iannuzza/LOCAL_PROJ/Github_copilot_proj/STBIO_AI/artifacts/stage1_requirements/ocr_extracts/DDS_STBIO1_p049.txt,approved
PAD MUX I/O List,IMPP_PSDRES_UP_05,input,[2:0] OTP value for Analog block,PAD MUX,49,C:/Users/iannuzza/LOCAL_PROJ/Github_copilot_proj/STBIO_AI/artifacts/stage1_requirements/ocr_extracts/DDS_STBIO1_p049.txt,approved
PAD MUX I/O List,IMPP_PSDRES_DOWN_05,input,[2:0] OTP value for Analog block,PAD MUX,49,C:/Users/iannuzza/LOCAL_PROJ/Github_copilot_proj/STBIO_AI/artifacts/stage1_requirements/ocr_extracts/DDS_STBIO1_p049.txt,approved
PAD MUX I/O List,ECG_PSDRES_DOWN_05,input,[2:0] OTP value for Analog block,PAD MUX,49,C:/Users/iannuzza/LOCAL_PROJ/Github_copilot_proj/STBIO_AI/artifacts/stage1_requirements/ocr_extracts/DDS_STBIO1_p049.txt,approved
PAD MUX I/O List,ECG_PSDRES_UP_05,input,[2:0] OTP value for Analog block 49,PAD MUX,49,C:/Users/iannuzza/LOCAL_PROJ/Github_copilot_proj/STBIO_AI/artifacts/stage1_requirements/ocr_extracts/DDS_STBIO1_p049.txt,approved
PAD MUX I/O List,IMPQ_PSDRES_UP,output,[2:0] OTP value for Analog block,PAD MUX,50,C:/Users/iannuzza/LOCAL_PROJ/Github_copilot_proj/STBIO_AI/artifacts/stage1_requirements/ocr_extracts/DDS_STBIO1_p050.txt,approved
PAD MUX I/O List,IMPQ_PSDRES_DOWN,output,[2:0] OTP value for Analog block,PAD MUX,50,C:/Users/iannuzza/LOCAL_PROJ/Github_copilot_proj/STBIO_AI/artifacts/stage1_requirements/ocr_extracts/DDS_STBIO1_p050.txt,approved
PAD MUX I/O List,IMPP_PSDRES_UP,output,[2:0] OTP value for Analog block,PAD MUX,50,C:/Users/iannuzza/LOCAL_PROJ/Github_copilot_proj/STBIO_AI/artifacts/stage1_requirements/ocr_extracts/DDS_STBIO1_p050.txt,approved
PAD MUX I/O List,IMPP_PSDRES_DOWN,output,[2:0] OTP value for Analog block,PAD MUX,50,C:/Users/iannuzza/LOCAL_PROJ/Github_copilot_proj/STBIO_AI/artifacts/stage1_requirements/ocr_extracts/DDS_STBIO1_p050.txt,approved
PAD MUX I/O List,ECG_PSDRES_DOWN,output,[2:0] OTP value for Analog block,PAD MUX,50,C:/Users/iannuzza/LOCAL_PROJ/Github_copilot_proj/STBIO_AI/artifacts/stage1_requirements/ocr_extracts/DDS_STBIO1_p050.txt,approved
PAD MUX I/O List,ECG_PSDRES_UP,output,[2:0] OTP value for Analog block,PAD MUX,50,C:/Users/iannuzza/LOCAL_PROJ/Github_copilot_proj/STBIO_AI/artifacts/stage1_requirements/ocr_extracts/DDS_STBIO1_p050.txt,approved
PAD MUX I/O List,i_TS_IRQ_ST,input,time slot irq,PAD MUX,50,C:/Users/iannuzza/LOCAL_PROJ/Github_copilot_proj/STBIO_AI/artifacts/stage1_requirements/ocr_extracts/DDS_STBIO1_p050.txt,approved
PAD MUX I/O List,i_DCCK_IRQ_ST,input,DCCK irq change status,PAD MUX,50,C:/Users/iannuzza/LOCAL_PROJ/Github_copilot_proj/STBIO_AI/artifacts/stage1_requirements/ocr_extracts/DDS_STBIO1_p050.txt,approved
PAD MUX I/O List,o_en_tx_1V2,input,input to LED pilot,PAD MUX,50,C:/Users/iannuzza/LOCAL_PROJ/Github_copilot_proj/STBIO_AI/artifacts/stage1_requirements/ocr_extracts/DDS_STBIO1_p050.txt,approved
PAD MUX I/O List,o_tx_preset_1V2,input,input to LED pilot,PAD MUX,50,C:/Users/iannuzza/LOCAL_PROJ/Github_copilot_proj/STBIO_AI/artifacts/stage1_requirements/ocr_extracts/DDS_STBIO1_p050.txt,approved
PAD MUX I/O List,o_tx1_outlab_sel_frame_x_1V2,input,input to LED pilot,PAD MUX,50,C:/Users/iannuzza/LOCAL_PROJ/Github_copilot_proj/STBIO_AI/artifacts/stage1_requirements/ocr_extracts/DDS_STBIO1_p050.txt,approved
PAD MUX I/O List,sel_irq_gpio1,input,"[3:0] sel irq gpi1 {000:NC, 001:i_fifo_irq, 010:i_LED_Pilot, 011:i_DCCK_irq, 100:i_error_time_slot, 101:i_time_slot_irq}",PAD MUX,50,C:/Users/iannuzza/LOCAL_PROJ/Github_copilot_proj/STBIO_AI/artifacts/stage1_requirements/ocr_extracts/DDS_STBIO1_p050.txt,approved
PAD MUX I/O List,sel_irq_gpio2,input,"[3:0] sel irq gpi2 {000:NC, 001:i_fifo_irq, 010:i_LED_Pilot, 011:i_DCCK_irq, 100:i_error_time_slot, 101:i_time_slot_irq}",PAD MUX,50,C:/Users/iannuzza/LOCAL_PROJ/Github_copilot_proj/STBIO_AI/artifacts/stage1_requirements/ocr_extracts/DDS_STBIO1_p050.txt,approved
PAD MUX I/O List,sel_irq_gpio3,input,"[3:0] sel irq gpi3 {000:NC, 001:i_fifo_irq, 010:i_LED_Pilot, 011:i_DCCK_irq, 100:i_error_time_slot, 101:i_time_slot_irq}",PAD MUX,50,C:/Users/iannuzza/LOCAL_PROJ/Github_copilot_proj/STBIO_AI/artifacts/stage1_requirements/ocr_extracts/DDS_STBIO1_p050.txt,approved
PAD MUX I/O List,sel_irq_gpio4,input,"[3:0] sel irq gpi4 {000:NC, 001:i_fifo_irq, 010:i_LED_Pilot, 011:i_DCCK_irq, 100:i_error_time_slot, 101:i_time_slot_irq}",PAD MUX,50,C:/Users/iannuzza/LOCAL_PROJ/Github_copilot_proj/STBIO_AI/artifacts/stage1_requirements/ocr_extracts/DDS_STBIO1_p050.txt,approved
PAD MUX I/O List,DCCK_P_en,input,"Manages lead off mode DCCK_P, Source: Regmap",PAD MUX,50,C:/Users/iannuzza/LOCAL_PROJ/Github_copilot_proj/STBIO_AI/artifacts/stage1_requirements/ocr_extracts/DDS_STBIO1_p050.txt,approved
PAD MUX I/O List,DCCK_N_en,input,"Manages lead off mode DCCK_P, Source: Regmap",PAD MUX,50,C:/Users/iannuzza/LOCAL_PROJ/Github_copilot_proj/STBIO_AI/artifacts/stage1_requirements/ocr_extracts/DDS_STBIO1_p050.txt,approved
PAD MUX I/O List,MODE_OPERATION,input,Start Divice operations status 50,PAD MUX,50,C:/Users/iannuzza/LOCAL_PROJ/Github_copilot_proj/STBIO_AI/artifacts/stage1_requirements/ocr_extracts/DDS_STBIO1_p050.txt,approved
PAD MUX I/O List,o_pd_p,output,"enable lead off mode DCCK_P, Destination:Analog block",PAD MUX,51,C:/Users/iannuzza/LOCAL_PROJ/Github_copilot_proj/STBIO_AI/artifacts/stage1_requirements/ocr_extracts/DDS_STBIO1_p051.txt,approved
PAD MUX I/O List,o_pd_n,output,"enable lead off mode DCCK_N, Destination:Analog block",PAD MUX,51,C:/Users/iannuzza/LOCAL_PROJ/Github_copilot_proj/STBIO_AI/artifacts/stage1_requirements/ocr_extracts/DDS_STBIO1_p051.txt,approved
PAD MUX I/O List,O_DCCK_P_i,input,"status lead off mode DCCK_P {0:low impedance,1:floating electrode}, Source: Analog block",PAD MUX,51,C:/Users/iannuzza/LOCAL_PROJ/Github_copilot_proj/STBIO_AI/artifacts/stage1_requirements/ocr_extracts/DDS_STBIO1_p051.txt,approved
PAD MUX I/O List,O_DCCK_N_i,input,"status lead off mode DCCK_N {0:low impedance,1:floating electrode}, Source: Analog block",PAD MUX,51,C:/Users/iannuzza/LOCAL_PROJ/Github_copilot_proj/STBIO_AI/artifacts/stage1_requirements/ocr_extracts/DDS_STBIO1_p051.txt,approved
PAD MUX I/O List,if_gpio1_in_reg,output,ZI value from regmap,PAD MUX,51,C:/Users/iannuzza/LOCAL_PROJ/Github_copilot_proj/STBIO_AI/artifacts/stage1_requirements/ocr_extracts/DDS_STBIO1_p051.txt,approved
PAD MUX I/O List,if_gpio1_en_reg,input,EN value from regmap,PAD MUX,51,C:/Users/iannuzza/LOCAL_PROJ/Github_copilot_proj/STBIO_AI/artifacts/stage1_requirements/ocr_extracts/DDS_STBIO1_p051.txt,approved
PAD MUX I/O List,if_gpio1_out_reg,input,OUT value from regmap,PAD MUX,51,C:/Users/iannuzza/LOCAL_PROJ/Github_copilot_proj/STBIO_AI/artifacts/stage1_requirements/ocr_extracts/DDS_STBIO1_p051.txt,approved
PAD MUX I/O List,if_gpio2_in_reg,output,ZI value from regmap// ZI,PAD MUX,51,C:/Users/iannuzza/LOCAL_PROJ/Github_copilot_proj/STBIO_AI/artifacts/stage1_requirements/ocr_extracts/DDS_STBIO1_p051.txt,approved
PAD MUX I/O List,if_gpio2_en_reg,input,EN value from regmap,PAD MUX,51,C:/Users/iannuzza/LOCAL_PROJ/Github_copilot_proj/STBIO_AI/artifacts/stage1_requirements/ocr_extracts/DDS_STBIO1_p051.txt,approved
PAD MUX I/O List,if_gpio2_out_reg,input,OUT value from regmap,PAD MUX,51,C:/Users/iannuzza/LOCAL_PROJ/Github_copilot_proj/STBIO_AI/artifacts/stage1_requirements/ocr_extracts/DDS_STBIO1_p051.txt,approved
PAD MUX I/O List,if_gpio3_in_reg,output,ZI value from regmap,PAD MUX,51,C:/Users/iannuzza/LOCAL_PROJ/Github_copilot_proj/STBIO_AI/artifacts/stage1_requirements/ocr_extracts/DDS_STBIO1_p051.txt,approved
PAD MUX I/O List,if_gpio3_en_reg,input,EN value from regmap,PAD MUX,51,C:/Users/iannuzza/LOCAL_PROJ/Github_copilot_proj/STBIO_AI/artifacts/stage1_requirements/ocr_extracts/DDS_STBIO1_p051.txt,approved
PAD MUX I/O List,if_gpio3_out_reg,input,OUT value from regmap,PAD MUX,51,C:/Users/iannuzza/LOCAL_PROJ/Github_copilot_proj/STBIO_AI/artifacts/stage1_requirements/ocr_extracts/DDS_STBIO1_p051.txt,approved
PAD MUX I/O List,if_gpio4_in_reg,output,ZI value from regmap,PAD MUX,51,C:/Users/iannuzza/LOCAL_PROJ/Github_copilot_proj/STBIO_AI/artifacts/stage1_requirements/ocr_extracts/DDS_STBIO1_p051.txt,approved
PAD MUX I/O List,if_gpio4_en_reg,input,EN value from regmap,PAD MUX,51,C:/Users/iannuzza/LOCAL_PROJ/Github_copilot_proj/STBIO_AI/artifacts/stage1_requirements/ocr_extracts/DDS_STBIO1_p051.txt,approved
PAD MUX I/O List,if_gpio4_out_reg,input,OUT value from regmap,PAD MUX,51,C:/Users/iannuzza/LOCAL_PROJ/Github_copilot_proj/STBIO_AI/artifacts/stage1_requirements/ocr_extracts/DDS_STBIO1_p051.txt,approved
PAD MUX I/O List,o_ext_reg_dt_afe,input,[7:0] i2c/spi read data u_regmap_otp,PAD MUX,51,C:/Users/iannuzza/LOCAL_PROJ/Github_copilot_proj/STBIO_AI/artifacts/stage1_requirements/ocr_extracts/DDS_STBIO1_p051.txt,approved
PAD MUX I/O List,o_ext_reg_dt,output,[7:0] i2c/spi read data output,PAD MUX,51,C:/Users/iannuzza/LOCAL_PROJ/Github_copilot_proj/STBIO_AI/artifacts/stage1_requirements/ocr_extracts/DDS_STBIO1_p051.txt,approved
PAD MUX I/O List,i_ext_reg_add,input,[7:0] i2c/spi address,PAD MUX,51,C:/Users/iannuzza/LOCAL_PROJ/Github_copilot_proj/STBIO_AI/artifacts/stage1_requirements/ocr_extracts/DDS_STBIO1_p051.txt,approved
PAD MUX I/O List,i_ext_reg_dt,input,[7:0] i2c/spi write data,PAD MUX,51,C:/Users/iannuzza/LOCAL_PROJ/Github_copilot_proj/STBIO_AI/artifacts/stage1_requirements/ocr_extracts/DDS_STBIO1_p051.txt,approved
PAD MUX I/O List,i_ext_reg_ck_wr,input,i2c/spi clk 51,PAD MUX,51,C:/Users/iannuzza/LOCAL_PROJ/Github_copilot_proj/STBIO_AI/artifacts/stage1_requirements/ocr_extracts/DDS_STBIO1_p051.txt,approved
PAD MUX I/O List,i_ext_reg_we,input,i2c/spi regmap direct write enable,PAD MUX,52,C:/Users/iannuzza/LOCAL_PROJ/Github_copilot_proj/STBIO_AI/artifacts/stage1_requirements/ocr_extracts/DDS_STBIO1_p052.txt,approved
PAD MUX I/O List,if_sclk_in,input,ZI_I2C,PAD MUX,52,C:/Users/iannuzza/LOCAL_PROJ/Github_copilot_proj/STBIO_AI/artifacts/stage1_requirements/ocr_extracts/DDS_STBIO1_p052.txt,approved
PAD MUX I/O List,if_sclk_i3c_in,input,ZI_I3C,PAD MUX,52,C:/Users/iannuzza/LOCAL_PROJ/Github_copilot_proj/STBIO_AI/artifacts/stage1_requirements/ocr_extracts/DDS_STBIO1_p052.txt,approved
PAD MUX I/O List,if_sclk_out,output,A,PAD MUX,52,C:/Users/iannuzza/LOCAL_PROJ/Github_copilot_proj/STBIO_AI/artifacts/stage1_requirements/ocr_extracts/DDS_STBIO1_p052.txt,approved
PAD MUX I/O List,if_sclk_en,output,EN,PAD MUX,52,C:/Users/iannuzza/LOCAL_PROJ/Github_copilot_proj/STBIO_AI/artifacts/stage1_requirements/ocr_extracts/DDS_STBIO1_p052.txt,approved
PAD MUX I/O List,if_sclk_tud,output,TUD,PAD MUX,52,C:/Users/iannuzza/LOCAL_PROJ/Github_copilot_proj/STBIO_AI/artifacts/stage1_requirements/ocr_extracts/DDS_STBIO1_p052.txt,approved
PAD MUX I/O List,if_sda_sdi_in,input,ZI_I2C,PAD MUX,52,C:/Users/iannuzza/LOCAL_PROJ/Github_copilot_proj/STBIO_AI/artifacts/stage1_requirements/ocr_extracts/DDS_STBIO1_p052.txt,approved
PAD MUX I/O List,if_sda_sdi_i3c_in,input,ZI_I3C,PAD MUX,52,C:/Users/iannuzza/LOCAL_PROJ/Github_copilot_proj/STBIO_AI/artifacts/stage1_requirements/ocr_extracts/DDS_STBIO1_p052.txt,approved
PAD MUX I/O List,if_sda_sdi_out,output,A,PAD MUX,52,C:/Users/iannuzza/LOCAL_PROJ/Github_copilot_proj/STBIO_AI/artifacts/stage1_requirements/ocr_extracts/DDS_STBIO1_p052.txt,approved
PAD MUX I/O List,if_sda_sdi_en,output,EN,PAD MUX,52,C:/Users/iannuzza/LOCAL_PROJ/Github_copilot_proj/STBIO_AI/artifacts/stage1_requirements/ocr_extracts/DDS_STBIO1_p052.txt,approved
PAD MUX I/O List,if_sda_sdi_tud,output,TUD,PAD MUX,52,C:/Users/iannuzza/LOCAL_PROJ/Github_copilot_proj/STBIO_AI/artifacts/stage1_requirements/ocr_extracts/DDS_STBIO1_p052.txt,approved
PAD MUX I/O List,if_cs_in,input,ZI CS,PAD MUX,52,C:/Users/iannuzza/LOCAL_PROJ/Github_copilot_proj/STBIO_AI/artifacts/stage1_requirements/ocr_extracts/DDS_STBIO1_p052.txt,approved
PAD MUX I/O List,if_cs_out,output,A,PAD MUX,52,C:/Users/iannuzza/LOCAL_PROJ/Github_copilot_proj/STBIO_AI/artifacts/stage1_requirements/ocr_extracts/DDS_STBIO1_p052.txt,approved
PAD MUX I/O List,if_cs_en,output,EN,PAD MUX,52,C:/Users/iannuzza/LOCAL_PROJ/Github_copilot_proj/STBIO_AI/artifacts/stage1_requirements/ocr_extracts/DDS_STBIO1_p052.txt,approved
PAD MUX I/O List,if_cs_tud,output,TUD,PAD MUX,52,C:/Users/iannuzza/LOCAL_PROJ/Github_copilot_proj/STBIO_AI/artifacts/stage1_requirements/ocr_extracts/DDS_STBIO1_p052.txt,approved
PAD MUX I/O List,if_gpio0_in,input,ZI GPIO0,PAD MUX,52,C:/Users/iannuzza/LOCAL_PROJ/Github_copilot_proj/STBIO_AI/artifacts/stage1_requirements/ocr_extracts/DDS_STBIO1_p052.txt,approved
PAD MUX I/O List,if_gpio0_out,output,A,PAD MUX,52,C:/Users/iannuzza/LOCAL_PROJ/Github_copilot_proj/STBIO_AI/artifacts/stage1_requirements/ocr_extracts/DDS_STBIO1_p052.txt,approved
PAD MUX I/O List,if_gpio0_en,output,EN,PAD MUX,52,C:/Users/iannuzza/LOCAL_PROJ/Github_copilot_proj/STBIO_AI/artifacts/stage1_requirements/ocr_extracts/DDS_STBIO1_p052.txt,approved
PAD MUX I/O List,if_gpio0_tud,output,TUD,PAD MUX,52,C:/Users/iannuzza/LOCAL_PROJ/Github_copilot_proj/STBIO_AI/artifacts/stage1_requirements/ocr_extracts/DDS_STBIO1_p052.txt,approved
PAD MUX I/O List,if_gpio1_in,input,ZI GPIO1,PAD MUX,52,C:/Users/iannuzza/LOCAL_PROJ/Github_copilot_proj/STBIO_AI/artifacts/stage1_requirements/ocr_extracts/DDS_STBIO1_p052.txt,approved
PAD MUX I/O List,if_gpio1_out,output,A,PAD MUX,52,C:/Users/iannuzza/LOCAL_PROJ/Github_copilot_proj/STBIO_AI/artifacts/stage1_requirements/ocr_extracts/DDS_STBIO1_p052.txt,approved
PAD MUX I/O List,if_gpio1_en,output,EN,PAD MUX,52,C:/Users/iannuzza/LOCAL_PROJ/Github_copilot_proj/STBIO_AI/artifacts/stage1_requirements/ocr_extracts/DDS_STBIO1_p052.txt,approved
PAD MUX I/O List,if_gpio1_tud,output,TUD,PAD MUX,52,C:/Users/iannuzza/LOCAL_PROJ/Github_copilot_proj/STBIO_AI/artifacts/stage1_requirements/ocr_extracts/DDS_STBIO1_p052.txt,approved
PAD MUX I/O List,if_gpio2_in,input,ZI GPIO2 52,PAD MUX,52,C:/Users/iannuzza/LOCAL_PROJ/Github_copilot_proj/STBIO_AI/artifacts/stage1_requirements/ocr_extracts/DDS_STBIO1_p052.txt,approved
PAD MUX I/O List,if_gpio2_out,output,A,PAD MUX,53,C:/Users/iannuzza/LOCAL_PROJ/Github_copilot_proj/STBIO_AI/artifacts/stage1_requirements/ocr_extracts/DDS_STBIO1_p053.txt,approved
PAD MUX I/O List,if_gpio2_en,output,EN,PAD MUX,53,C:/Users/iannuzza/LOCAL_PROJ/Github_copilot_proj/STBIO_AI/artifacts/stage1_requirements/ocr_extracts/DDS_STBIO1_p053.txt,approved
PAD MUX I/O List,if_gpio2_tud,output,TUD,PAD MUX,53,C:/Users/iannuzza/LOCAL_PROJ/Github_copilot_proj/STBIO_AI/artifacts/stage1_requirements/ocr_extracts/DDS_STBIO1_p053.txt,approved
PAD MUX I/O List,if_gpio3_in,input,ZI GPIO3,PAD MUX,53,C:/Users/iannuzza/LOCAL_PROJ/Github_copilot_proj/STBIO_AI/artifacts/stage1_requirements/ocr_extracts/DDS_STBIO1_p053.txt,approved
PAD MUX I/O List,if_gpio3_out,output,A,PAD MUX,53,C:/Users/iannuzza/LOCAL_PROJ/Github_copilot_proj/STBIO_AI/artifacts/stage1_requirements/ocr_extracts/DDS_STBIO1_p053.txt,approved
PAD MUX I/O List,if_gpio3_en,output,EN,PAD MUX,53,C:/Users/iannuzza/LOCAL_PROJ/Github_copilot_proj/STBIO_AI/artifacts/stage1_requirements/ocr_extracts/DDS_STBIO1_p053.txt,approved
PAD MUX I/O List,if_gpio3_tud,output,TUD,PAD MUX,53,C:/Users/iannuzza/LOCAL_PROJ/Github_copilot_proj/STBIO_AI/artifacts/stage1_requirements/ocr_extracts/DDS_STBIO1_p053.txt,approved
PAD MUX I/O List,if_gpio4_in,input,ZI GPIO4,PAD MUX,53,C:/Users/iannuzza/LOCAL_PROJ/Github_copilot_proj/STBIO_AI/artifacts/stage1_requirements/ocr_extracts/DDS_STBIO1_p053.txt,approved
PAD MUX I/O List,if_gpio4_out,output,A,PAD MUX,53,C:/Users/iannuzza/LOCAL_PROJ/Github_copilot_proj/STBIO_AI/artifacts/stage1_requirements/ocr_extracts/DDS_STBIO1_p053.txt,approved
PAD MUX I/O List,if_gpio4_en,output,EN,PAD MUX,53,C:/Users/iannuzza/LOCAL_PROJ/Github_copilot_proj/STBIO_AI/artifacts/stage1_requirements/ocr_extracts/DDS_STBIO1_p053.txt,approved
PAD MUX I/O List,if_gpio4_tud,output,TUD,PAD MUX,53,C:/Users/iannuzza/LOCAL_PROJ/Github_copilot_proj/STBIO_AI/artifacts/stage1_requirements/ocr_extracts/DDS_STBIO1_p053.txt,approved
PAD MUX I/O List,if_sh_ck_in,input,ZI sensor hub ck,PAD MUX,53,C:/Users/iannuzza/LOCAL_PROJ/Github_copilot_proj/STBIO_AI/artifacts/stage1_requirements/ocr_extracts/DDS_STBIO1_p053.txt,approved
PAD MUX I/O List,if_sh_ck_out,output,A,PAD MUX,53,C:/Users/iannuzza/LOCAL_PROJ/Github_copilot_proj/STBIO_AI/artifacts/stage1_requirements/ocr_extracts/DDS_STBIO1_p053.txt,approved
PAD MUX I/O List,if_sh_ck_en,output,EN,PAD MUX,53,C:/Users/iannuzza/LOCAL_PROJ/Github_copilot_proj/STBIO_AI/artifacts/stage1_requirements/ocr_extracts/DDS_STBIO1_p053.txt,approved
PAD MUX I/O List,if_sh_ck_tud,output,TUD,PAD MUX,53,C:/Users/iannuzza/LOCAL_PROJ/Github_copilot_proj/STBIO_AI/artifacts/stage1_requirements/ocr_extracts/DDS_STBIO1_p053.txt,approved
PAD MUX I/O List,if_sh_sda_in,input,ZI sensor hub SDA,PAD MUX,53,C:/Users/iannuzza/LOCAL_PROJ/Github_copilot_proj/STBIO_AI/artifacts/stage1_requirements/ocr_extracts/DDS_STBIO1_p053.txt,approved
PAD MUX I/O List,if_sh_sda_out,output,A,PAD MUX,53,C:/Users/iannuzza/LOCAL_PROJ/Github_copilot_proj/STBIO_AI/artifacts/stage1_requirements/ocr_extracts/DDS_STBIO1_p053.txt,approved
PAD MUX I/O List,if_sh_sda_en,output,EN,PAD MUX,53,C:/Users/iannuzza/LOCAL_PROJ/Github_copilot_proj/STBIO_AI/artifacts/stage1_requirements/ocr_extracts/DDS_STBIO1_p053.txt,approved
PAD MUX I/O List,if_sh_sda_tud,output,TUD,PAD MUX,53,C:/Users/iannuzza/LOCAL_PROJ/Github_copilot_proj/STBIO_AI/artifacts/stage1_requirements/ocr_extracts/DDS_STBIO1_p053.txt,approved
PAD MUX I/O List,POR1V2_1V2,input,POR,PAD MUX,53,C:/Users/iannuzza/LOCAL_PROJ/Github_copilot_proj/STBIO_AI/artifacts/stage1_requirements/ocr_extracts/DDS_STBIO1_p053.txt,approved
PAD MUX I/O List,ispu_tck,output,jtag clk port ispu in ispu debug mode,PAD MUX,53,C:/Users/iannuzza/LOCAL_PROJ/Github_copilot_proj/STBIO_AI/artifacts/stage1_requirements/ocr_extracts/DDS_STBIO1_p053.txt,approved
PAD MUX I/O List,ispu_tdi,output,jtag data in port ispu in ispu debug mode,PAD MUX,53,C:/Users/iannuzza/LOCAL_PROJ/Github_copilot_proj/STBIO_AI/artifacts/stage1_requirements/ocr_extracts/DDS_STBIO1_p053.txt,approved
PAD MUX I/O List,ispu_tdo,input,jtag data out port ispu in ispu debug mode,PAD MUX,53,C:/Users/iannuzza/LOCAL_PROJ/Github_copilot_proj/STBIO_AI/artifacts/stage1_requirements/ocr_extracts/DDS_STBIO1_p053.txt,approved
PAD MUX I/O List,ispu_tdo_en,input,jtag en port ispu in ispu debug mode 53,PAD MUX,53,C:/Users/iannuzza/LOCAL_PROJ/Github_copilot_proj/STBIO_AI/artifacts/stage1_requirements/ocr_extracts/DDS_STBIO1_p053.txt,approved
PAD MUX I/O List,ispu_tms,output,jtag state in port ispu in ispu debug mode,PAD MUX,54,C:/Users/iannuzza/LOCAL_PROJ/Github_copilot_proj/STBIO_AI/artifacts/stage1_requirements/ocr_extracts/DDS_STBIO1_p054.txt,approved
PAD MUX I/O List,ispu_trst_n,output,jtag reset in port ispu in ispu debug mode,PAD MUX,54,C:/Users/iannuzza/LOCAL_PROJ/Github_copilot_proj/STBIO_AI/artifacts/stage1_requirements/ocr_extracts/DDS_STBIO1_p054.txt,approved
PAD MUX I/O List,i_if_ck,output,i2c/spi clk,PAD MUX,54,C:/Users/iannuzza/LOCAL_PROJ/Github_copilot_proj/STBIO_AI/artifacts/stage1_requirements/ocr_extracts/DDS_STBIO1_p054.txt,approved
PAD MUX I/O List,i_if_cs,output,i2c/spi cs,PAD MUX,54,C:/Users/iannuzza/LOCAL_PROJ/Github_copilot_proj/STBIO_AI/artifacts/stage1_requirements/ocr_extracts/DDS_STBIO1_p054.txt,approved
PAD MUX I/O List,i_if_sda_sdi_in,output,i2c/spi data,PAD MUX,54,C:/Users/iannuzza/LOCAL_PROJ/Github_copilot_proj/STBIO_AI/artifacts/stage1_requirements/ocr_extracts/DDS_STBIO1_p054.txt,approved
PAD MUX I/O List,o_if_cs_en_n,input,i2c/spi cs en from i2c/spi ip,PAD MUX,54,C:/Users/iannuzza/LOCAL_PROJ/Github_copilot_proj/STBIO_AI/artifacts/stage1_requirements/ocr_extracts/DDS_STBIO1_p054.txt,approved
PAD MUX I/O List,o_if_cs_out_n,input,i2c/spi cs out from i2c/spi ip,PAD MUX,54,C:/Users/iannuzza/LOCAL_PROJ/Github_copilot_proj/STBIO_AI/artifacts/stage1_requirements/ocr_extracts/DDS_STBIO1_p054.txt,approved
PAD MUX I/O List,o_if_cs_tud,input,i2c/spi cs tud from i2c/spi ip,PAD MUX,54,C:/Users/iannuzza/LOCAL_PROJ/Github_copilot_proj/STBIO_AI/artifacts/stage1_requirements/ocr_extracts/DDS_STBIO1_p054.txt,approved
PAD MUX I/O List,o_if_sda_sdi_en_n,input,i2c/spi data en from i2c/spi ip,PAD MUX,54,C:/Users/iannuzza/LOCAL_PROJ/Github_copilot_proj/STBIO_AI/artifacts/stage1_requirements/ocr_extracts/DDS_STBIO1_p054.txt,approved
PAD MUX I/O List,o_if_sda_sdi_out,input,i2c/spi data out from i2c/spi ip,PAD MUX,54,C:/Users/iannuzza/LOCAL_PROJ/Github_copilot_proj/STBIO_AI/artifacts/stage1_requirements/ocr_extracts/DDS_STBIO1_p054.txt,approved
PAD MUX I/O List,scl_master_in,output,from sensorhub,PAD MUX,54,C:/Users/iannuzza/LOCAL_PROJ/Github_copilot_proj/STBIO_AI/artifacts/stage1_requirements/ocr_extracts/DDS_STBIO1_p054.txt,approved
PAD MUX I/O List,scl_master_out,input,from sensorhub,PAD MUX,54,C:/Users/iannuzza/LOCAL_PROJ/Github_copilot_proj/STBIO_AI/artifacts/stage1_requirements/ocr_extracts/DDS_STBIO1_p054.txt,approved
PAD MUX I/O List,sda_master_in,output,to sensorhub,PAD MUX,54,C:/Users/iannuzza/LOCAL_PROJ/Github_copilot_proj/STBIO_AI/artifacts/stage1_requirements/ocr_extracts/DDS_STBIO1_p054.txt,approved
PAD MUX I/O List,sda_master_out,input,from sensorhub,PAD MUX,54,C:/Users/iannuzza/LOCAL_PROJ/Github_copilot_proj/STBIO_AI/artifacts/stage1_requirements/ocr_extracts/DDS_STBIO1_p054.txt,approved
PAD MUX I/O List,afe_bist_ctrl_tdi,output,bist jtag port,PAD MUX,54,C:/Users/iannuzza/LOCAL_PROJ/Github_copilot_proj/STBIO_AI/artifacts/stage1_requirements/ocr_extracts/DDS_STBIO1_p054.txt,approved
PAD MUX I/O List,afe_bist_ctrl_trstn,output,bist jtag port,PAD MUX,54,C:/Users/iannuzza/LOCAL_PROJ/Github_copilot_proj/STBIO_AI/artifacts/stage1_requirements/ocr_extracts/DDS_STBIO1_p054.txt,approved
PAD MUX I/O List,afe_bist_ctrl_tms,output,bist jtag port,PAD MUX,54,C:/Users/iannuzza/LOCAL_PROJ/Github_copilot_proj/STBIO_AI/artifacts/stage1_requirements/ocr_extracts/DDS_STBIO1_p054.txt,approved
PAD MUX I/O List,afe_bist_ctrl_tdo,input,bist jtag port,PAD MUX,54,C:/Users/iannuzza/LOCAL_PROJ/Github_copilot_proj/STBIO_AI/artifacts/stage1_requirements/ocr_extracts/DDS_STBIO1_p054.txt,approved
PAD MUX I/O List,afe_bist_ctrl_tdo_en_n,input,bist jtag port,PAD MUX,54,C:/Users/iannuzza/LOCAL_PROJ/Github_copilot_proj/STBIO_AI/artifacts/stage1_requirements/ocr_extracts/DDS_STBIO1_p054.txt,approved
PAD MUX I/O List,afe_bist_ctrl_tck,output,bist jtag port,PAD MUX,54,C:/Users/iannuzza/LOCAL_PROJ/Github_copilot_proj/STBIO_AI/artifacts/stage1_requirements/ocr_extracts/DDS_STBIO1_p054.txt,approved
PAD MUX I/O List,ck_16m,input,clk16MHz trimming in debug mode,PAD MUX,54,C:/Users/iannuzza/LOCAL_PROJ/Github_copilot_proj/STBIO_AI/artifacts/stage1_requirements/ocr_extracts/DDS_STBIO1_p054.txt,approved
PAD MUX I/O List,ck_2m,input,clk2MHz trimming in debug mode,PAD MUX,54,C:/Users/iannuzza/LOCAL_PROJ/Github_copilot_proj/STBIO_AI/artifacts/stage1_requirements/ocr_extracts/DDS_STBIO1_p054.txt,approved
PAD MUX I/O List,ck_64k,input,clk64MHz trimming in debug mode,PAD MUX,54,C:/Users/iannuzza/LOCAL_PROJ/Github_copilot_proj/STBIO_AI/artifacts/stage1_requirements/ocr_extracts/DDS_STBIO1_p054.txt,approved
PAD MUX I/O List,scan_rstn,output,scan reset 54,PAD MUX,54,C:/Users/iannuzza/LOCAL_PROJ/Github_copilot_proj/STBIO_AI/artifacts/stage1_requirements/ocr_extracts/DDS_STBIO1_p054.txt,approved
PAD MUX I/O List,scan_enable,output,scan enable,PAD MUX,55,C:/Users/iannuzza/LOCAL_PROJ/Github_copilot_proj/STBIO_AI/artifacts/stage1_requirements/ocr_extracts/DDS_STBIO1_p055.txt,approved
PAD MUX I/O List,scan_clk,output,scan clock,PAD MUX,55,C:/Users/iannuzza/LOCAL_PROJ/Github_copilot_proj/STBIO_AI/artifacts/stage1_requirements/ocr_extracts/DDS_STBIO1_p055.txt,approved
PAD MUX I/O List,ext_cap_en,input,extenal cap in debug mode,PAD MUX,55,C:/Users/iannuzza/LOCAL_PROJ/Github_copilot_proj/STBIO_AI/artifacts/stage1_requirements/ocr_extracts/DDS_STBIO1_p055.txt,approved
PAD MUX I/O List,irq_fifo,input,fifo irq from main controller - regmap,PAD MUX,55,C:/Users/iannuzza/LOCAL_PROJ/Github_copilot_proj/STBIO_AI/artifacts/stage1_requirements/ocr_extracts/DDS_STBIO1_p055.txt,approved
PAD MUX I/O List,error_time_slot,input,error timeslot from error time slot,PAD MUX,55,C:/Users/iannuzza/LOCAL_PROJ/Github_copilot_proj/STBIO_AI/artifacts/stage1_requirements/ocr_extracts/DDS_STBIO1_p055.txt,approved
PAD MUX I/O List,gpio_in,output,gpio0 in in functional mode from regmap,PAD MUX,55,C:/Users/iannuzza/LOCAL_PROJ/Github_copilot_proj/STBIO_AI/artifacts/stage1_requirements/ocr_extracts/DDS_STBIO1_p055.txt,approved
PAD MUX I/O List,gpio_out,input,gpio0 out in functional mode from regmap,PAD MUX,55,C:/Users/iannuzza/LOCAL_PROJ/Github_copilot_proj/STBIO_AI/artifacts/stage1_requirements/ocr_extracts/DDS_STBIO1_p055.txt,approved
PAD MUX I/O List,gpio_en,input,gpio0 en in functional mode from regmap,PAD MUX,55,C:/Users/iannuzza/LOCAL_PROJ/Github_copilot_proj/STBIO_AI/artifacts/stage1_requirements/ocr_extracts/DDS_STBIO1_p055.txt,approved
PAD MUX I/O List,irq_SENSHUB_STS,input,sensorhub status,PAD MUX,55,C:/Users/iannuzza/LOCAL_PROJ/Github_copilot_proj/STBIO_AI/artifacts/stage1_requirements/ocr_extracts/DDS_STBIO1_p055.txt,approved
PAD MUX I/O List,irq_ISPU_MC_INTR_STS,input,irq main controller data-valid,PAD MUX,55,C:/Users/iannuzza/LOCAL_PROJ/Github_copilot_proj/STBIO_AI/artifacts/stage1_requirements/ocr_extracts/DDS_STBIO1_p055.txt,approved
PAD MUX I/O List,scan_mode,output,stbio1 scan mode,PAD MUX,55,C:/Users/iannuzza/LOCAL_PROJ/Github_copilot_proj/STBIO_AI/artifacts/stage1_requirements/ocr_extracts/DDS_STBIO1_p055.txt,approved
PAD MUX I/O List,bist_mode,output,stbio1 bist mode,PAD MUX,55,C:/Users/iannuzza/LOCAL_PROJ/Github_copilot_proj/STBIO_AI/artifacts/stage1_requirements/ocr_extracts/DDS_STBIO1_p055.txt,approved
PAD MUX I/O List,debug_mode,output,stbio1 debug mode,PAD MUX,55,C:/Users/iannuzza/LOCAL_PROJ/Github_copilot_proj/STBIO_AI/artifacts/stage1_requirements/ocr_extracts/DDS_STBIO1_p055.txt,approved
PAD MUX I/O List,memsafe,output,memsafe for bist,PAD MUX,55,C:/Users/iannuzza/LOCAL_PROJ/Github_copilot_proj/STBIO_AI/artifacts/stage1_requirements/ocr_extracts/DDS_STBIO1_p055.txt,approved
PAD MUX I/O List,test_clk_fast,input,enable test clk 16MHz trimming,PAD MUX,55,C:/Users/iannuzza/LOCAL_PROJ/Github_copilot_proj/STBIO_AI/artifacts/stage1_requirements/ocr_extracts/DDS_STBIO1_p055.txt,approved
PAD MUX I/O List,test_clk_slow,input,enable test clk 64kHz trimming,PAD MUX,55,C:/Users/iannuzza/LOCAL_PROJ/Github_copilot_proj/STBIO_AI/artifacts/stage1_requirements/ocr_extracts/DDS_STBIO1_p055.txt,approved
PAD MUX I/O List,if_sclk_tud_reg,input,if sclk_tud from reg,PAD MUX,55,C:/Users/iannuzza/LOCAL_PROJ/Github_copilot_proj/STBIO_AI/artifacts/stage1_requirements/ocr_extracts/DDS_STBIO1_p055.txt,approved
PAD MUX I/O List,if_sda_sdi_tud_reg,input,if sda_sdi_tud from re,PAD MUX,55,C:/Users/iannuzza/LOCAL_PROJ/Github_copilot_proj/STBIO_AI/artifacts/stage1_requirements/ocr_extracts/DDS_STBIO1_p055.txt,approved
PAD MUX I/O List,if_sh_sda_tud_reg,input,if sh_sda_tud from reg,PAD MUX,55,C:/Users/iannuzza/LOCAL_PROJ/Github_copilot_proj/STBIO_AI/artifacts/stage1_requirements/ocr_extracts/DDS_STBIO1_p055.txt,approved
PAD MUX I/O List,if_gpio0_tud_reg,input,if gpio0_tud from reg,PAD MUX,55,C:/Users/iannuzza/LOCAL_PROJ/Github_copilot_proj/STBIO_AI/artifacts/stage1_requirements/ocr_extracts/DDS_STBIO1_p055.txt,approved
PAD MUX I/O List,if_gpio1_tud_reg,input,if gpio1_tud from reg,PAD MUX,55,C:/Users/iannuzza/LOCAL_PROJ/Github_copilot_proj/STBIO_AI/artifacts/stage1_requirements/ocr_extracts/DDS_STBIO1_p055.txt,approved
PAD MUX I/O List,if_gpio2_tud_reg,input,if gpio2_tud from reg,PAD MUX,55,C:/Users/iannuzza/LOCAL_PROJ/Github_copilot_proj/STBIO_AI/artifacts/stage1_requirements/ocr_extracts/DDS_STBIO1_p055.txt,approved
PAD MUX I/O List,if_gpio3_tud_reg,input,if gpio3_tud from reg 55,PAD MUX,55,C:/Users/iannuzza/LOCAL_PROJ/Github_copilot_proj/STBIO_AI/artifacts/stage1_requirements/ocr_extracts/DDS_STBIO1_p055.txt,approved
PAD MUX I/O List,if_gpio4_tud_reg,input,if gpio4_tud from reg,PAD MUX,56,C:/Users/iannuzza/LOCAL_PROJ/Github_copilot_proj/STBIO_AI/artifacts/stage1_requirements/ocr_extracts/DDS_STBIO1_p056.txt,approved
PAD MUX I/O List,if_sh_ck_tud_reg,input,if sh_ck_tud from reg,PAD MUX,56,C:/Users/iannuzza/LOCAL_PROJ/Github_copilot_proj/STBIO_AI/artifacts/stage1_requirements/ocr_extracts/DDS_STBIO1_p056.txt,approved
PAD MUX I/O List,clk_dft_adc,input,16MHz adc dft clk,PAD MUX,56,C:/Users/iannuzza/LOCAL_PROJ/Github_copilot_proj/STBIO_AI/artifacts/stage1_requirements/ocr_extracts/DDS_STBIO1_p056.txt,approved
PAD MUX I/O List,i_ADC_clk_serial_dft,input,"serial clk for adc dft 16Mhz:Fast mode, if_sh_ck_in:Low noise mode",PAD MUX,56,C:/Users/iannuzza/LOCAL_PROJ/Github_copilot_proj/STBIO_AI/artifacts/stage1_requirements/ocr_extracts/DDS_STBIO1_p056.txt,approved
PAD MUX I/O List,EN_ADC_TEST_FAST,input,enable adc test fast,PAD MUX,56,C:/Users/iannuzza/LOCAL_PROJ/Github_copilot_proj/STBIO_AI/artifacts/stage1_requirements/ocr_extracts/DDS_STBIO1_p056.txt,approved
PAD MUX I/O List,EN_ADC_TEST_LOW_NOISE,input,enable adc test low noise,PAD MUX,56,C:/Users/iannuzza/LOCAL_PROJ/Github_copilot_proj/STBIO_AI/artifacts/stage1_requirements/ocr_extracts/DDS_STBIO1_p056.txt,approved
PAD MUX I/O List,i_ADC_EOC,input,adc eoc input,PAD MUX,56,C:/Users/iannuzza/LOCAL_PROJ/Github_copilot_proj/STBIO_AI/artifacts/stage1_requirements/ocr_extracts/DDS_STBIO1_p056.txt,approved
PAD MUX I/O List,i_ADC_start,input,adc star from main controller,PAD MUX,56,C:/Users/iannuzza/LOCAL_PROJ/Github_copilot_proj/STBIO_AI/artifacts/stage1_requirements/ocr_extracts/DDS_STBIO1_p056.txt,approved
PAD MUX I/O List,i_data_ADC_out,input,[15:0] adc data input,PAD MUX,56,C:/Users/iannuzza/LOCAL_PROJ/Github_copilot_proj/STBIO_AI/artifacts/stage1_requirements/ocr_extracts/DDS_STBIO1_p056.txt,approved
PAD MUX I/O List,o_ADC_start,output,adc star output,PAD MUX,56,C:/Users/iannuzza/LOCAL_PROJ/Github_copilot_proj/STBIO_AI/artifacts/stage1_requirements/ocr_extracts/DDS_STBIO1_p056.txt,approved
PAD MUX I/O List,i_N_clk,input,[6- 1:0] n clk start time high,PAD MUX,56,C:/Users/iannuzza/LOCAL_PROJ/Github_copilot_proj/STBIO_AI/artifacts/stage1_requirements/ocr_extracts/DDS_STBIO1_p056.txt,approved
PAD MUX I/O List,i_saturation_irq,input,interrupt saturation from main controller,PAD MUX,56,C:/Users/iannuzza/LOCAL_PROJ/Github_copilot_proj/STBIO_AI/artifacts/stage1_requirements/ocr_extracts/DDS_STBIO1_p056.txt,approved
PAD MUX I/O List,i_end_boot,input,end boot signal from adsp,PAD MUX,56,C:/Users/iannuzza/LOCAL_PROJ/Github_copilot_proj/STBIO_AI/artifacts/stage1_requirements/ocr_extracts/DDS_STBIO1_p056.txt,approved
PAD MUX I/O List,quokka_run,input,status quokka elaboration 1:run 0:not elaboration,PAD MUX,56,C:/Users/iannuzza/LOCAL_PROJ/Github_copilot_proj/STBIO_AI/artifacts/stage1_requirements/ocr_extracts/DDS_STBIO1_p056.txt,approved
PAD MUX I/O List,sensor_hub_status,input,status sensor_hob from regmap,PAD MUX,56,C:/Users/iannuzza/LOCAL_PROJ/Github_copilot_proj/STBIO_AI/artifacts/stage1_requirements/ocr_extracts/DDS_STBIO1_p056.txt,approved
PAD MUX I/O List,SH_CKL_EN,input,sensorhub clk enable from regmap (master_end_op_clr or sleep_master_clr or ahb_master_on_clr),PAD MUX,56,C:/Users/iannuzza/LOCAL_PROJ/Github_copilot_proj/STBIO_AI/artifacts/stage1_requirements/ocr_extracts/DDS_STBIO1_p056.txt,approved
PAD MUX I/O List,i_t_force_1v2,input,input force signal to IDDQ test,PAD MUX,56,C:/Users/iannuzza/LOCAL_PROJ/Github_copilot_proj/STBIO_AI/artifacts/stage1_requirements/ocr_extracts/DDS_STBIO1_p056.txt,approved
PAD MUX I/O List,o_t_force_1v2,output,force signal to IDDQ test,PAD MUX,56,C:/Users/iannuzza/LOCAL_PROJ/Github_copilot_proj/STBIO_AI/artifacts/stage1_requirements/ocr_extracts/DDS_STBIO1_p056.txt,approved
PAD MUX I/O List,i_bfail_fifo,input,bist fail fifo ram,PAD MUX,56,C:/Users/iannuzza/LOCAL_PROJ/Github_copilot_proj/STBIO_AI/artifacts/stage1_requirements/ocr_extracts/DDS_STBIO1_p056.txt,approved
PAD MUX I/O List,i_bfail_qk,input,bist fail adsp ram,PAD MUX,56,C:/Users/iannuzza/LOCAL_PROJ/Github_copilot_proj/STBIO_AI/artifacts/stage1_requirements/ocr_extracts/DDS_STBIO1_p056.txt,approved
PAD MUX I/O List,i_bfail_ispu1,input,bist fail ispu ram instruction mem,PAD MUX,56,C:/Users/iannuzza/LOCAL_PROJ/Github_copilot_proj/STBIO_AI/artifacts/stage1_requirements/ocr_extracts/DDS_STBIO1_p056.txt,approved
PAD MUX I/O List,i_bfail_ispu2,input,bist fail ispu ram data mem 1 56,PAD MUX,56,C:/Users/iannuzza/LOCAL_PROJ/Github_copilot_proj/STBIO_AI/artifacts/stage1_requirements/ocr_extracts/DDS_STBIO1_p056.txt,approved
PAD MUX I/O List,i_bfail_ispu3,input,bist fail ispu ram data mem 2,PAD MUX,57,C:/Users/iannuzza/LOCAL_PROJ/Github_copilot_proj/STBIO_AI/artifacts/stage1_requirements/ocr_extracts/DDS_STBIO1_p057.txt,approved
PAD MUX I/O List,i_bfail_ispu4,input,bist fail ispu ram data mem 3,PAD MUX,57,C:/Users/iannuzza/LOCAL_PROJ/Github_copilot_proj/STBIO_AI/artifacts/stage1_requirements/ocr_extracts/DDS_STBIO1_p057.txt,approved
PAD MUX I/O List,i_bend,input,bist end signal,PAD MUX,57,C:/Users/iannuzza/LOCAL_PROJ/Github_copilot_proj/STBIO_AI/artifacts/stage1_requirements/ocr_extracts/DDS_STBIO1_p057.txt,approved
PAD MUX I/O List,i_bbad,input,signal fail bist test,PAD MUX,57,C:/Users/iannuzza/LOCAL_PROJ/Github_copilot_proj/STBIO_AI/artifacts/stage1_requirements/ocr_extracts/DDS_STBIO1_p057.txt,approved
PAD MUX I/O List,o_bypass,output,bypass memory signal,PAD MUX,57,C:/Users/iannuzza/LOCAL_PROJ/Github_copilot_proj/STBIO_AI/artifacts/stage1_requirements/ocr_extracts/DDS_STBIO1_p057.txt,approved
Main Controller I/O List,i_clk_32kHz,input,clk 32kHz from pmu,Main Controller,76,C:/Users/iannuzza/LOCAL_PROJ/Github_copilot_proj/STBIO_AI/artifacts/stage1_requirements/ocr_extracts/DDS_STBIO1_p076.txt,approved
Main Controller I/O List,i_clk_16MHz,input,clk 16MHz from pmu,Main Controller,76,C:/Users/iannuzza/LOCAL_PROJ/Github_copilot_proj/STBIO_AI/artifacts/stage1_requirements/ocr_extracts/DDS_STBIO1_p076.txt,approved
Main Controller I/O List,i_clk_gsr_16M,input,clk for gsr signal,Main Controller,76,C:/Users/iannuzza/LOCAL_PROJ/Github_copilot_proj/STBIO_AI/artifacts/stage1_requirements/ocr_extracts/DDS_STBIO1_p076.txt,approved
Main Controller I/O List,i_clk_ahb_master,input,clock for ahb master,Main Controller,76,C:/Users/iannuzza/LOCAL_PROJ/Github_copilot_proj/STBIO_AI/artifacts/stage1_requirements/ocr_extracts/DDS_STBIO1_p076.txt,approved
Main Controller I/O List,i_rstn,input,reset in 16MHz domain,Main Controller,76,C:/Users/iannuzza/LOCAL_PROJ/Github_copilot_proj/STBIO_AI/artifacts/stage1_requirements/ocr_extracts/DDS_STBIO1_p076.txt,approved
Main Controller I/O List,i_rstn_sync_32,input,reset in 32kz domain,Main Controller,76,C:/Users/iannuzza/LOCAL_PROJ/Github_copilot_proj/STBIO_AI/artifacts/stage1_requirements/ocr_extracts/DDS_STBIO1_p076.txt,approved
Main Controller I/O List,i_wave_velocity_mode,input,enable of the wave velocity mode,Main Controller,76,C:/Users/iannuzza/LOCAL_PROJ/Github_copilot_proj/STBIO_AI/artifacts/stage1_requirements/ocr_extracts/DDS_STBIO1_p076.txt,approved
Main Controller I/O List,i_ispu_end_elab,input,,Main Controller,76,C:/Users/iannuzza/LOCAL_PROJ/Github_copilot_proj/STBIO_AI/artifacts/stage1_requirements/ocr_extracts/DDS_STBIO1_p076.txt,approved
Main Controller I/O List,i_n_ppg_frame,input,[ppg_frame_bit_top-1:0] number of frame selected,Main Controller,76,C:/Users/iannuzza/LOCAL_PROJ/Github_copilot_proj/STBIO_AI/artifacts/stage1_requirements/ocr_extracts/DDS_STBIO1_p076.txt,approved
Main Controller I/O List,i_const_value_ioff,input,[data_in_size_bit_top-1:0] constant value from regmap used for ppg ioff calibraton,Main Controller,76,C:/Users/iannuzza/LOCAL_PROJ/Github_copilot_proj/STBIO_AI/artifacts/stage1_requirements/ocr_extracts/DDS_STBIO1_p076.txt,approved
Main Controller I/O List,i_rx_ch_frame,input,[n_max_frame-1:0] ppg rx channel frame from regamp,Main Controller,76,C:/Users/iannuzza/LOCAL_PROJ/Github_copilot_proj/STBIO_AI/artifacts/stage1_requirements/ocr_extracts/DDS_STBIO1_p076.txt,approved
Main Controller I/O List,i_T_tx_led_set,input,[n_max_frame-1:0] tx led set time from regmap,Main Controller,76,C:/Users/iannuzza/LOCAL_PROJ/Github_copilot_proj/STBIO_AI/artifacts/stage1_requirements/ocr_extracts/DDS_STBIO1_p076.txt,approved
Main Controller I/O List,i_T_tx_led_off,input,[n_max_frame-1:0] tx led off time from regmap,Main Controller,76,C:/Users/iannuzza/LOCAL_PROJ/Github_copilot_proj/STBIO_AI/artifacts/stage1_requirements/ocr_extracts/DDS_STBIO1_p076.txt,approved
Main Controller I/O List,i_curr_sel_tx_frame_x,input,[n_max_frame-1:0] current injection,Main Controller,76,C:/Users/iannuzza/LOCAL_PROJ/Github_copilot_proj/STBIO_AI/artifacts/stage1_requirements/ocr_extracts/DDS_STBIO1_p076.txt,approved
Main Controller I/O List,i_tx1_outlab_sel_frame_x,input,[n_max_frame-1:0] led output selected from regmap for each frame,Main Controller,76,C:/Users/iannuzza/LOCAL_PROJ/Github_copilot_proj/STBIO_AI/artifacts/stage1_requirements/ocr_extracts/DDS_STBIO1_p076.txt,approved
Main Controller I/O List,i_tx2_outlab_sel_frame_x,input,[n_max_frame-1:0] led output selected from regmap for each frame,Main Controller,76,C:/Users/iannuzza/LOCAL_PROJ/Github_copilot_proj/STBIO_AI/artifacts/stage1_requirements/ocr_extracts/DDS_STBIO1_p076.txt,approved
Main Controller I/O List,i_tx3_outlab_sel_frame_x,input,[n_max_frame-1:0] led output selected from regmap for each frame,Main Controller,76,C:/Users/iannuzza/LOCAL_PROJ/Github_copilot_proj/STBIO_AI/artifacts/stage1_requirements/ocr_extracts/DDS_STBIO1_p076.txt,approved
Main Controller I/O List,i_tx4_outlab_sel_frame_x,input,[n_max_frame-1:0] led output selected from regmap for each frame,Main Controller,76,C:/Users/iannuzza/LOCAL_PROJ/Github_copilot_proj/STBIO_AI/artifacts/stage1_requirements/ocr_extracts/DDS_STBIO1_p076.txt,approved
Main Controller I/O List,i_idac_dc_ppg_frame,input,[n_max_frame-1:0] idac value for each frame selected from regmap,Main Controller,76,C:/Users/iannuzza/LOCAL_PROJ/Github_copilot_proj/STBIO_AI/artifacts/stage1_requirements/ocr_extracts/DDS_STBIO1_p076.txt,approved
Main Controller I/O List,i_average_ppg,input,[n_max_frame-1:0] average ppg for each frame selected from regmap,Main Controller,76,C:/Users/iannuzza/LOCAL_PROJ/Github_copilot_proj/STBIO_AI/artifacts/stage1_requirements/ocr_extracts/DDS_STBIO1_p076.txt,approved
Main Controller I/O List,i_gain_alc_start,input,[gain_max_bit_top-1:0] btia gain for alc from regmap,Main Controller,76,C:/Users/iannuzza/LOCAL_PROJ/Github_copilot_proj/STBIO_AI/artifacts/stage1_requirements/ocr_extracts/DDS_STBIO1_p076.txt,approved
Main Controller I/O List,i_gain_start,input,[n_max_frame-1:0] btia gain start for compensation from regmap,Main Controller,76,C:/Users/iannuzza/LOCAL_PROJ/Github_copilot_proj/STBIO_AI/artifacts/stage1_requirements/ocr_extracts/DDS_STBIO1_p076.txt,approved
Main Controller I/O List,i_Tx_idac_Vref_debug,input,[Nmax_bit_top-1:0] Idac value for debug from regmap 76,Main Controller,76,C:/Users/iannuzza/LOCAL_PROJ/Github_copilot_proj/STBIO_AI/artifacts/stage1_requirements/ocr_extracts/DDS_STBIO1_p076.txt,approved
Main Controller I/O List,i_ppg_start_up_time,input,[ppg_start_up_decod_bit_top-1:0] start up time for ppg from regmap,Main Controller,77,C:/Users/iannuzza/LOCAL_PROJ/Github_copilot_proj/STBIO_AI/artifacts/stage1_requirements/ocr_extracts/DDS_STBIO1_p077.txt,approved
Main Controller I/O List,i_en_txi,input,[n_max_frame-1:0] tx enabling for each frame from regmap,Main Controller,77,C:/Users/iannuzza/LOCAL_PROJ/Github_copilot_proj/STBIO_AI/artifacts/stage1_requirements/ocr_extracts/DDS_STBIO1_p077.txt,approved
Main Controller I/O List,i_frame_repetition,input,[n_max_frame-1:0] i frame repetition for each frame from regmap,Main Controller,77,C:/Users/iannuzza/LOCAL_PROJ/Github_copilot_proj/STBIO_AI/artifacts/stage1_requirements/ocr_extracts/DDS_STBIO1_p077.txt,approved
Main Controller I/O List,i_T_preset,input,[1:0] Preset time for digital ramp from regmap,Main Controller,77,C:/Users/iannuzza/LOCAL_PROJ/Github_copilot_proj/STBIO_AI/artifacts/stage1_requirements/ocr_extracts/DDS_STBIO1_p077.txt,approved
Main Controller I/O List,i_m_ecg,input,[m_odr_max_bit_top-1:0] m parameter for ecg from regmap,Main Controller,77,C:/Users/iannuzza/LOCAL_PROJ/Github_copilot_proj/STBIO_AI/artifacts/stage1_requirements/ocr_extracts/DDS_STBIO1_p077.txt,approved
Main Controller I/O List,i_m_bia,input,[m_odr_max_bit_top-1:0] m parameter for bia from regmap,Main Controller,77,C:/Users/iannuzza/LOCAL_PROJ/Github_copilot_proj/STBIO_AI/artifacts/stage1_requirements/ocr_extracts/DDS_STBIO1_p077.txt,approved
Main Controller I/O List,i_m_gsr,input,[m_odr_max_bit_top-1:0] m parameter for gsr from regmap,Main Controller,77,C:/Users/iannuzza/LOCAL_PROJ/Github_copilot_proj/STBIO_AI/artifacts/stage1_requirements/ocr_extracts/DDS_STBIO1_p077.txt,approved
Main Controller I/O List,i_m_ppg,input,[m_odr_max_bit_top-1:0] m parameter for ppg from regmap,Main Controller,77,C:/Users/iannuzza/LOCAL_PROJ/Github_copilot_proj/STBIO_AI/artifacts/stage1_requirements/ocr_extracts/DDS_STBIO1_p077.txt,approved
Main Controller I/O List,i_debug_adc_error_cap8_0_bypass,input,error cap bypass for adc from regmap,Main Controller,77,C:/Users/iannuzza/LOCAL_PROJ/Github_copilot_proj/STBIO_AI/artifacts/stage1_requirements/ocr_extracts/DDS_STBIO1_p077.txt,approved
Main Controller I/O List,i_base_address_ecg0,input,[base_address_bit_top-1:0] base address for ecg0 in multiple fifo,Main Controller,77,C:/Users/iannuzza/LOCAL_PROJ/Github_copilot_proj/STBIO_AI/artifacts/stage1_requirements/ocr_extracts/DDS_STBIO1_p077.txt,approved
Main Controller I/O List,i_base_address_bia,input,[base_address_bit_top-1:0] base address for bia/ecg1-2 in multiple fifo,Main Controller,77,C:/Users/iannuzza/LOCAL_PROJ/Github_copilot_proj/STBIO_AI/artifacts/stage1_requirements/ocr_extracts/DDS_STBIO1_p077.txt,approved
Main Controller I/O List,i_base_address_gsr,input,[base_address_bit_top-1:0] base address for gsr in multiple fifo,Main Controller,77,C:/Users/iannuzza/LOCAL_PROJ/Github_copilot_proj/STBIO_AI/artifacts/stage1_requirements/ocr_extracts/DDS_STBIO1_p077.txt,approved
Main Controller I/O List,i_base_address_ppg,input,[base_address_bit_top-1:0] base address for ppg in multiple fifo,Main Controller,77,C:/Users/iannuzza/LOCAL_PROJ/Github_copilot_proj/STBIO_AI/artifacts/stage1_requirements/ocr_extracts/DDS_STBIO1_p077.txt,approved
Main Controller I/O List,i_frame_ppg_debug,input,[ppg_frame_bit_top-1:0] frame selection for ppg data debug,Main Controller,77,C:/Users/iannuzza/LOCAL_PROJ/Github_copilot_proj/STBIO_AI/artifacts/stage1_requirements/ocr_extracts/DDS_STBIO1_p077.txt,approved
Main Controller I/O List,i_en_buf_gpio1,input,enable buffer on gpio1,Main Controller,77,C:/Users/iannuzza/LOCAL_PROJ/Github_copilot_proj/STBIO_AI/artifacts/stage1_requirements/ocr_extracts/DDS_STBIO1_p077.txt,approved
Main Controller I/O List,i_en_buf_gpio2,input,enable buffer on gpio2,Main Controller,77,C:/Users/iannuzza/LOCAL_PROJ/Github_copilot_proj/STBIO_AI/artifacts/stage1_requirements/ocr_extracts/DDS_STBIO1_p077.txt,approved
Main Controller I/O List,i_en_biobuf,input,enable biobuffer,Main Controller,77,C:/Users/iannuzza/LOCAL_PROJ/Github_copilot_proj/STBIO_AI/artifacts/stage1_requirements/ocr_extracts/DDS_STBIO1_p077.txt,approved
Main Controller I/O List,i_do_calibration,input,enabling for adc calibration,Main Controller,77,C:/Users/iannuzza/LOCAL_PROJ/Github_copilot_proj/STBIO_AI/artifacts/stage1_requirements/ocr_extracts/DDS_STBIO1_p077.txt,approved
Main Controller I/O List,i_mode_operation,input,[mode_operation_n_bit_top-1:0] mode operation selection,Main Controller,77,C:/Users/iannuzza/LOCAL_PROJ/Github_copilot_proj/STBIO_AI/artifacts/stage1_requirements/ocr_extracts/DDS_STBIO1_p077.txt,approved
Main Controller I/O List,i_T_rx_set,input,[T1_max_bit_from_decoder_top- 1:0] rx channel time set,Main Controller,77,C:/Users/iannuzza/LOCAL_PROJ/Github_copilot_proj/STBIO_AI/artifacts/stage1_requirements/ocr_extracts/DDS_STBIO1_p077.txt,approved
Main Controller I/O List,i_en_clkf,input,en 16 MHz clock,Main Controller,77,C:/Users/iannuzza/LOCAL_PROJ/Github_copilot_proj/STBIO_AI/artifacts/stage1_requirements/ocr_extracts/DDS_STBIO1_p077.txt,approved
Main Controller I/O List,i_quokka_boot_end,input,from quokka,Main Controller,77,C:/Users/iannuzza/LOCAL_PROJ/Github_copilot_proj/STBIO_AI/artifacts/stage1_requirements/ocr_extracts/DDS_STBIO1_p077.txt,approved
Main Controller I/O List,i_quokka_run,input,from quokka 77,Main Controller,77,C:/Users/iannuzza/LOCAL_PROJ/Github_copilot_proj/STBIO_AI/artifacts/stage1_requirements/ocr_extracts/DDS_STBIO1_p077.txt,approved
Main Controller I/O List,i_clk_16MHz_ready,input,(from analog circuit),Main Controller,78,C:/Users/iannuzza/LOCAL_PROJ/Github_copilot_proj/STBIO_AI/artifacts/stage1_requirements/ocr_extracts/DDS_STBIO1_p078.txt,approved
Main Controller I/O List,i_imp_curinj_en,input,enabling current injection for bia,Main Controller,78,C:/Users/iannuzza/LOCAL_PROJ/Github_copilot_proj/STBIO_AI/artifacts/stage1_requirements/ocr_extracts/DDS_STBIO1_p078.txt,approved
Main Controller I/O List,i_en_ldo_1v8,input,enabling ldo 1v8,Main Controller,78,C:/Users/iannuzza/LOCAL_PROJ/Github_copilot_proj/STBIO_AI/artifacts/stage1_requirements/ocr_extracts/DDS_STBIO1_p078.txt,approved
Main Controller I/O List,i_debug_comp_rx_ck,input,enabling debug for comp rx ck,Main Controller,78,C:/Users/iannuzza/LOCAL_PROJ/Github_copilot_proj/STBIO_AI/artifacts/stage1_requirements/ocr_extracts/DDS_STBIO1_p078.txt,approved
Main Controller I/O List,i_debug_gsr_on,input,gsr on debug mode,Main Controller,78,C:/Users/iannuzza/LOCAL_PROJ/Github_copilot_proj/STBIO_AI/artifacts/stage1_requirements/ocr_extracts/DDS_STBIO1_p078.txt,approved
Main Controller I/O List,i_debug_gsr_curr_on,input,gsr curr on debug mode,Main Controller,78,C:/Users/iannuzza/LOCAL_PROJ/Github_copilot_proj/STBIO_AI/artifacts/stage1_requirements/ocr_extracts/DDS_STBIO1_p078.txt,approved
Main Controller I/O List,i_alc_disabled,input,[n_max_frame-1:0] disabling alc bit for each frame,Main Controller,78,C:/Users/iannuzza/LOCAL_PROJ/Github_copilot_proj/STBIO_AI/artifacts/stage1_requirements/ocr_extracts/DDS_STBIO1_p078.txt,approved
Main Controller I/O List,i_en_cm_buf,input,enabling common buffer,Main Controller,78,C:/Users/iannuzza/LOCAL_PROJ/Github_copilot_proj/STBIO_AI/artifacts/stage1_requirements/ocr_extracts/DDS_STBIO1_p078.txt,approved
Main Controller I/O List,i_en_rld,input,enabling rld,Main Controller,78,C:/Users/iannuzza/LOCAL_PROJ/Github_copilot_proj/STBIO_AI/artifacts/stage1_requirements/ocr_extracts/DDS_STBIO1_p078.txt,approved
Main Controller I/O List,i_en_avg1,input,enabling avg1,Main Controller,78,C:/Users/iannuzza/LOCAL_PROJ/Github_copilot_proj/STBIO_AI/artifacts/stage1_requirements/ocr_extracts/DDS_STBIO1_p078.txt,approved
Main Controller I/O List,i_en_avg2,input,enabling avg1,Main Controller,78,C:/Users/iannuzza/LOCAL_PROJ/Github_copilot_proj/STBIO_AI/artifacts/stage1_requirements/ocr_extracts/DDS_STBIO1_p078.txt,approved
Main Controller I/O List,i_hc_en,input,enabling health channel,Main Controller,78,C:/Users/iannuzza/LOCAL_PROJ/Github_copilot_proj/STBIO_AI/artifacts/stage1_requirements/ocr_extracts/DDS_STBIO1_p078.txt,approved
Main Controller I/O List,i_debug,input,enabling debug mode,Main Controller,78,C:/Users/iannuzza/LOCAL_PROJ/Github_copilot_proj/STBIO_AI/artifacts/stage1_requirements/ocr_extracts/DDS_STBIO1_p078.txt,approved
Main Controller I/O List,i_imp_en,input,enabling bia channel,Main Controller,78,C:/Users/iannuzza/LOCAL_PROJ/Github_copilot_proj/STBIO_AI/artifacts/stage1_requirements/ocr_extracts/DDS_STBIO1_p078.txt,approved
Main Controller I/O List,i_debug_en_tia,input,enabling debug tia,Main Controller,78,C:/Users/iannuzza/LOCAL_PROJ/Github_copilot_proj/STBIO_AI/artifacts/stage1_requirements/ocr_extracts/DDS_STBIO1_p078.txt,approved
Main Controller I/O List,i_debug_en_buffer,input,enabling debug for buffer,Main Controller,78,C:/Users/iannuzza/LOCAL_PROJ/Github_copilot_proj/STBIO_AI/artifacts/stage1_requirements/ocr_extracts/DDS_STBIO1_p078.txt,approved
Main Controller I/O List,i_debug_en_idac,input,enabling debug for IDAC,Main Controller,78,C:/Users/iannuzza/LOCAL_PROJ/Github_copilot_proj/STBIO_AI/artifacts/stage1_requirements/ocr_extracts/DDS_STBIO1_p078.txt,approved
Main Controller I/O List,i_en_clk_chop10k,input,enabling chopper clock,Main Controller,78,C:/Users/iannuzza/LOCAL_PROJ/Github_copilot_proj/STBIO_AI/artifacts/stage1_requirements/ocr_extracts/DDS_STBIO1_p078.txt,approved
Main Controller I/O List,i_debug_tx_preset,input,enabling tx preset,Main Controller,78,C:/Users/iannuzza/LOCAL_PROJ/Github_copilot_proj/STBIO_AI/artifacts/stage1_requirements/ocr_extracts/DDS_STBIO1_p078.txt,approved
Main Controller I/O List,i_en_ldo_1v8_ext,input,enabling external ldo 1v8,Main Controller,78,C:/Users/iannuzza/LOCAL_PROJ/Github_copilot_proj/STBIO_AI/artifacts/stage1_requirements/ocr_extracts/DDS_STBIO1_p078.txt,approved
Main Controller I/O List,i_clk_imp_10k_en,input,enabling clock chopper for bia,Main Controller,78,C:/Users/iannuzza/LOCAL_PROJ/Github_copilot_proj/STBIO_AI/artifacts/stage1_requirements/ocr_extracts/DDS_STBIO1_p078.txt,approved
Main Controller I/O List,i_b_cap_idac,input,[1:0] enabling cap for idac,Main Controller,78,C:/Users/iannuzza/LOCAL_PROJ/Github_copilot_proj/STBIO_AI/artifacts/stage1_requirements/ocr_extracts/DDS_STBIO1_p078.txt,approved
Main Controller I/O List,i_adc_mux_bio_channel_debug,input,[2:0] enabling debug adc mux bio channel,Main Controller,78,C:/Users/iannuzza/LOCAL_PROJ/Github_copilot_proj/STBIO_AI/artifacts/stage1_requirements/ocr_extracts/DDS_STBIO1_p078.txt,approved
Main Controller I/O List,i_adc_mux_sel_debug,input,enabling adc mux 78,Main Controller,78,C:/Users/iannuzza/LOCAL_PROJ/Github_copilot_proj/STBIO_AI/artifacts/stage1_requirements/ocr_extracts/DDS_STBIO1_p078.txt,approved
Main Controller I/O List,i_ispu_core_sw_rstn,input,ispu core enabling,Main Controller,79,C:/Users/iannuzza/LOCAL_PROJ/Github_copilot_proj/STBIO_AI/artifacts/stage1_requirements/ocr_extracts/DDS_STBIO1_p079.txt,approved
Main Controller I/O List,i_T_TIAON,input,[T1_max_bit_from_decoder_top- 1:0] TIA Time,Main Controller,79,C:/Users/iannuzza/LOCAL_PROJ/Github_copilot_proj/STBIO_AI/artifacts/stage1_requirements/ocr_extracts/DDS_STBIO1_p079.txt,approved
Main Controller I/O List,i_scan_mode,input,scan mode enabling,Main Controller,79,C:/Users/iannuzza/LOCAL_PROJ/Github_copilot_proj/STBIO_AI/artifacts/stage1_requirements/ocr_extracts/DDS_STBIO1_p079.txt,approved
Main Controller I/O List,i_reset_debug_adc_data,input,reset adc data debug,Main Controller,79,C:/Users/iannuzza/LOCAL_PROJ/Github_copilot_proj/STBIO_AI/artifacts/stage1_requirements/ocr_extracts/DDS_STBIO1_p079.txt,approved
Main Controller I/O List,i_start_adc_debug,input,pilot adc start om debug,Main Controller,79,C:/Users/iannuzza/LOCAL_PROJ/Github_copilot_proj/STBIO_AI/artifacts/stage1_requirements/ocr_extracts/DDS_STBIO1_p079.txt,approved
Main Controller I/O List,i_en_ADC_debug,input,enabling adc debug,Main Controller,79,C:/Users/iannuzza/LOCAL_PROJ/Github_copilot_proj/STBIO_AI/artifacts/stage1_requirements/ocr_extracts/DDS_STBIO1_p079.txt,approved
Main Controller I/O List,i_debug_adc_readout_bypass,input,enabling adc readout bypass,Main Controller,79,C:/Users/iannuzza/LOCAL_PROJ/Github_copilot_proj/STBIO_AI/artifacts/stage1_requirements/ocr_extracts/DDS_STBIO1_p079.txt,approved
Main Controller I/O List,i_su_hlt_dly,input,enabling start up delay for ecg,Main Controller,79,C:/Users/iannuzza/LOCAL_PROJ/Github_copilot_proj/STBIO_AI/artifacts/stage1_requirements/ocr_extracts/DDS_STBIO1_p079.txt,approved
Main Controller I/O List,i_multiple_fifo_sel,input,enabling multiple fifo,Main Controller,79,C:/Users/iannuzza/LOCAL_PROJ/Github_copilot_proj/STBIO_AI/artifacts/stage1_requirements/ocr_extracts/DDS_STBIO1_p079.txt,approved
Main Controller I/O List,i_debug_calibration,input,enabling debug calibraiton,Main Controller,79,C:/Users/iannuzza/LOCAL_PROJ/Github_copilot_proj/STBIO_AI/artifacts/stage1_requirements/ocr_extracts/DDS_STBIO1_p079.txt,approved
Main Controller I/O List,i_en_gsr_dc_cds,input,[1:0] enabling gsr cds mode,Main Controller,79,C:/Users/iannuzza/LOCAL_PROJ/Github_copilot_proj/STBIO_AI/artifacts/stage1_requirements/ocr_extracts/DDS_STBIO1_p079.txt,approved
Main Controller I/O List,i_ADC_EOC,input,end of conversion from adc,Main Controller,79,C:/Users/iannuzza/LOCAL_PROJ/Github_copilot_proj/STBIO_AI/artifacts/stage1_requirements/ocr_extracts/DDS_STBIO1_p079.txt,approved
Main Controller I/O List,i_ecg0_sel,input,select ecg0 channel,Main Controller,79,C:/Users/iannuzza/LOCAL_PROJ/Github_copilot_proj/STBIO_AI/artifacts/stage1_requirements/ocr_extracts/DDS_STBIO1_p079.txt,approved
Main Controller I/O List,i_bia_sel,input,select bia channel,Main Controller,79,C:/Users/iannuzza/LOCAL_PROJ/Github_copilot_proj/STBIO_AI/artifacts/stage1_requirements/ocr_extracts/DDS_STBIO1_p079.txt,approved
Main Controller I/O List,i_gsr_sel,input,select gsr channel,Main Controller,79,C:/Users/iannuzza/LOCAL_PROJ/Github_copilot_proj/STBIO_AI/artifacts/stage1_requirements/ocr_extracts/DDS_STBIO1_p079.txt,approved
Main Controller I/O List,i_ppg_sel,input,select ppg channel,Main Controller,79,C:/Users/iannuzza/LOCAL_PROJ/Github_copilot_proj/STBIO_AI/artifacts/stage1_requirements/ocr_extracts/DDS_STBIO1_p079.txt,approved
Main Controller I/O List,i_ppg_ioff_calibration,input,enabling ppg ioff calibration,Main Controller,79,C:/Users/iannuzza/LOCAL_PROJ/Github_copilot_proj/STBIO_AI/artifacts/stage1_requirements/ocr_extracts/DDS_STBIO1_p079.txt,approved
Main Controller I/O List,i_ecg1_ecg2_sel,input,enabling ecg1 and ecg2 channel,Main Controller,79,C:/Users/iannuzza/LOCAL_PROJ/Github_copilot_proj/STBIO_AI/artifacts/stage1_requirements/ocr_extracts/DDS_STBIO1_p079.txt,approved
Main Controller I/O List,i_rst_async_ecg,input,reset async for ecg,Main Controller,79,C:/Users/iannuzza/LOCAL_PROJ/Github_copilot_proj/STBIO_AI/artifacts/stage1_requirements/ocr_extracts/DDS_STBIO1_p079.txt,approved
Main Controller I/O List,i_rst_async_bia,input,reset async for bia,Main Controller,79,C:/Users/iannuzza/LOCAL_PROJ/Github_copilot_proj/STBIO_AI/artifacts/stage1_requirements/ocr_extracts/DDS_STBIO1_p079.txt,approved
Main Controller I/O List,i_ppg_quokka_elab_sel,input,enabling adsp elab for ppg,Main Controller,79,C:/Users/iannuzza/LOCAL_PROJ/Github_copilot_proj/STBIO_AI/artifacts/stage1_requirements/ocr_extracts/DDS_STBIO1_p079.txt,approved
Main Controller I/O List,i_data_ADC_out,input,[data_in_size_bit_top-1:0] (from analog circuit),Main Controller,79,C:/Users/iannuzza/LOCAL_PROJ/Github_copilot_proj/STBIO_AI/artifacts/stage1_requirements/ocr_extracts/DDS_STBIO1_p079.txt,approved
Main Controller I/O List,i_time_slot_selection,input,[time_slot_sel_bit_top-1:0] odr selection from regmap 79,Main Controller,79,C:/Users/iannuzza/LOCAL_PROJ/Github_copilot_proj/STBIO_AI/artifacts/stage1_requirements/ocr_extracts/DDS_STBIO1_p079.txt,approved
Main Controller I/O List,i_Nmax_to_reg,input,[Nmax_bit_top-1:0] Max value for digital ramp,Main Controller,80,C:/Users/iannuzza/LOCAL_PROJ/Github_copilot_proj/STBIO_AI/artifacts/stage1_requirements/ocr_extracts/DDS_STBIO1_p080.txt,approved
Main Controller I/O List,i_nstart_case,input,[Nmax_bit_top-1:0] n_start value for frist sterp,Main Controller,80,C:/Users/iannuzza/LOCAL_PROJ/Github_copilot_proj/STBIO_AI/artifacts/stage1_requirements/ocr_extracts/DDS_STBIO1_p080.txt,approved
Main Controller I/O List,i_debug_rx_ch,input,[rx_ch_frame_n_bit_top-1:0] enabling debug for rx channel,Main Controller,80,C:/Users/iannuzza/LOCAL_PROJ/Github_copilot_proj/STBIO_AI/artifacts/stage1_requirements/ocr_extracts/DDS_STBIO1_p080.txt,approved
Main Controller I/O List,i_T_delta1_to_reg,input,[delta_bit_top-1:0] delta 1 time for digital ramp,Main Controller,80,C:/Users/iannuzza/LOCAL_PROJ/Github_copilot_proj/STBIO_AI/artifacts/stage1_requirements/ocr_extracts/DDS_STBIO1_p080.txt,approved
Main Controller I/O List,i_gain_max_set,input,[gain_max_bit_top-1:0] gain max for alc,Main Controller,80,C:/Users/iannuzza/LOCAL_PROJ/Github_copilot_proj/STBIO_AI/artifacts/stage1_requirements/ocr_extracts/DDS_STBIO1_p080.txt,approved
Main Controller I/O List,i_BTIA_ALC_debug,input,[BTIA_ALC_register_bit_top-1:0] BTIA ALC Debug enable,Main Controller,80,C:/Users/iannuzza/LOCAL_PROJ/Github_copilot_proj/STBIO_AI/artifacts/stage1_requirements/ocr_extracts/DDS_STBIO1_p080.txt,approved
Main Controller I/O List,i_comp_rx_out,input,input from analog comparator,Main Controller,80,C:/Users/iannuzza/LOCAL_PROJ/Github_copilot_proj/STBIO_AI/artifacts/stage1_requirements/ocr_extracts/DDS_STBIO1_p080.txt,approved
Main Controller I/O List,i_adc_error_cap8_debug,input,[6:0] adc cap error debug,Main Controller,80,C:/Users/iannuzza/LOCAL_PROJ/Github_copilot_proj/STBIO_AI/artifacts/stage1_requirements/ocr_extracts/DDS_STBIO1_p080.txt,approved
Main Controller I/O List,i_adc_error_cap7_debug,input,[6:0] adc cap error debug,Main Controller,80,C:/Users/iannuzza/LOCAL_PROJ/Github_copilot_proj/STBIO_AI/artifacts/stage1_requirements/ocr_extracts/DDS_STBIO1_p080.txt,approved
Main Controller I/O List,i_adc_error_cap6_debug,input,[6:0] adc cap error debug,Main Controller,80,C:/Users/iannuzza/LOCAL_PROJ/Github_copilot_proj/STBIO_AI/artifacts/stage1_requirements/ocr_extracts/DDS_STBIO1_p080.txt,approved
Main Controller I/O List,i_adc_error_cap5_debug,input,[6:0] adc cap error debug,Main Controller,80,C:/Users/iannuzza/LOCAL_PROJ/Github_copilot_proj/STBIO_AI/artifacts/stage1_requirements/ocr_extracts/DDS_STBIO1_p080.txt,approved
Main Controller I/O List,i_adc_error_cap4_debug,input,[6:0] adc cap error debug,Main Controller,80,C:/Users/iannuzza/LOCAL_PROJ/Github_copilot_proj/STBIO_AI/artifacts/stage1_requirements/ocr_extracts/DDS_STBIO1_p080.txt,approved
Main Controller I/O List,i_adc_error_cap3_debug,input,[6:0] adc cap error debug,Main Controller,80,C:/Users/iannuzza/LOCAL_PROJ/Github_copilot_proj/STBIO_AI/artifacts/stage1_requirements/ocr_extracts/DDS_STBIO1_p080.txt,approved
Main Controller I/O List,i_adc_error_cap2_debug,input,[6:0] adc cap error debug,Main Controller,80,C:/Users/iannuzza/LOCAL_PROJ/Github_copilot_proj/STBIO_AI/artifacts/stage1_requirements/ocr_extracts/DDS_STBIO1_p080.txt,approved
Main Controller I/O List,i_adc_error_cap1_debug,input,[6:0] adc cap error debug,Main Controller,80,C:/Users/iannuzza/LOCAL_PROJ/Github_copilot_proj/STBIO_AI/artifacts/stage1_requirements/ocr_extracts/DDS_STBIO1_p080.txt,approved
Main Controller I/O List,i_adc_error_cap0_debug,input,[6:0] adc cap error debug,Main Controller,80,C:/Users/iannuzza/LOCAL_PROJ/Github_copilot_proj/STBIO_AI/artifacts/stage1_requirements/ocr_extracts/DDS_STBIO1_p080.txt,approved
Main Controller I/O List,i_BIDAC_debug_register,input,[IDAC_offset-1:0],Main Controller,80,C:/Users/iannuzza/LOCAL_PROJ/Github_copilot_proj/STBIO_AI/artifacts/stage1_requirements/ocr_extracts/DDS_STBIO1_p080.txt,approved
Main Controller I/O List,i_sleep_master,input,,Main Controller,80,C:/Users/iannuzza/LOCAL_PROJ/Github_copilot_proj/STBIO_AI/artifacts/stage1_requirements/ocr_extracts/DDS_STBIO1_p080.txt,approved
Main Controller I/O List,i_lpm,input,[1:0] low power mode for ldo,Main Controller,80,C:/Users/iannuzza/LOCAL_PROJ/Github_copilot_proj/STBIO_AI/artifacts/stage1_requirements/ocr_extracts/DDS_STBIO1_p080.txt,approved
Main Controller I/O List,i_mpm,input,[1:0] medium power mode for ldo,Main Controller,80,C:/Users/iannuzza/LOCAL_PROJ/Github_copilot_proj/STBIO_AI/artifacts/stage1_requirements/ocr_extracts/DDS_STBIO1_p080.txt,approved
Main Controller I/O List,i_hpm,input,[1:0] high power mode for ldo,Main Controller,80,C:/Users/iannuzza/LOCAL_PROJ/Github_copilot_proj/STBIO_AI/artifacts/stage1_requirements/ocr_extracts/DDS_STBIO1_p080.txt,approved
Main Controller I/O List,i_dis_rc_viref,input,dis rc viref,Main Controller,80,C:/Users/iannuzza/LOCAL_PROJ/Github_copilot_proj/STBIO_AI/artifacts/stage1_requirements/ocr_extracts/DDS_STBIO1_p080.txt,approved
Main Controller I/O List,i_T1,input,[T1_max_bit_from_decoder_top- 1:0] 4 to 10 us=160nclk 80,Main Controller,80,C:/Users/iannuzza/LOCAL_PROJ/Github_copilot_proj/STBIO_AI/artifacts/stage1_requirements/ocr_extracts/DDS_STBIO1_p080.txt,approved
Main Controller I/O List,i_T2,input,[T2_max_bit_from_decoder_top- 1:0] 0.5 to 2 us=~32,Main Controller,81,C:/Users/iannuzza/LOCAL_PROJ/Github_copilot_proj/STBIO_AI/artifacts/stage1_requirements/ocr_extracts/DDS_STBIO1_p081.txt,approved
Main Controller I/O List,i_N_clk_ppg,input,[N_clk_max_bit_top-1:0] Sample time for ppg,Main Controller,81,C:/Users/iannuzza/LOCAL_PROJ/Github_copilot_proj/STBIO_AI/artifacts/stage1_requirements/ocr_extracts/DDS_STBIO1_p081.txt,approved
Main Controller I/O List,i_N_clk_ecg,input,[N_clk_max_bit_top-1:0] Sample time for ecg,Main Controller,81,C:/Users/iannuzza/LOCAL_PROJ/Github_copilot_proj/STBIO_AI/artifacts/stage1_requirements/ocr_extracts/DDS_STBIO1_p081.txt,approved
Main Controller I/O List,i_N_clk_cal,input,[N_clk_max_bit_top-1:0] Sample time for adc calibration,Main Controller,81,C:/Users/iannuzza/LOCAL_PROJ/Github_copilot_proj/STBIO_AI/artifacts/stage1_requirements/ocr_extracts/DDS_STBIO1_p081.txt,approved
Main Controller I/O List,scan_enable,input,scan enable for scan mode,Main Controller,81,C:/Users/iannuzza/LOCAL_PROJ/Github_copilot_proj/STBIO_AI/artifacts/stage1_requirements/ocr_extracts/DDS_STBIO1_p081.txt,approved
Main Controller I/O List,i_timer_buffer_config,input,[1:0] timer buffer configuration,Main Controller,81,C:/Users/iannuzza/LOCAL_PROJ/Github_copilot_proj/STBIO_AI/artifacts/stage1_requirements/ocr_extracts/DDS_STBIO1_p081.txt,approved
Main Controller I/O List,i_ppg_alc_frame_save,input,[ppg_frame_bit_top-1:0] alc data frame to save,Main Controller,81,C:/Users/iannuzza/LOCAL_PROJ/Github_copilot_proj/STBIO_AI/artifacts/stage1_requirements/ocr_extracts/DDS_STBIO1_p081.txt,approved
Main Controller I/O List,i_reset_ppg_ioff_calib,input,,Main Controller,81,C:/Users/iannuzza/LOCAL_PROJ/Github_copilot_proj/STBIO_AI/artifacts/stage1_requirements/ocr_extracts/DDS_STBIO1_p081.txt,approved
Main Controller I/O List,HRDATA,input,[31:0] AHB Protocol signals,Main Controller,81,C:/Users/iannuzza/LOCAL_PROJ/Github_copilot_proj/STBIO_AI/artifacts/stage1_requirements/ocr_extracts/DDS_STBIO1_p081.txt,approved
Main Controller I/O List,HREADY,input,AHB Protocol signals,Main Controller,81,C:/Users/iannuzza/LOCAL_PROJ/Github_copilot_proj/STBIO_AI/artifacts/stage1_requirements/ocr_extracts/DDS_STBIO1_p081.txt,approved
Main Controller I/O List,HRESP,input,[1:0] AHB Protocol signals,Main Controller,81,C:/Users/iannuzza/LOCAL_PROJ/Github_copilot_proj/STBIO_AI/artifacts/stage1_requirements/ocr_extracts/DDS_STBIO1_p081.txt,approved
Main Controller I/O List,HGRANT,input,AHB Protocol signals,Main Controller,81,C:/Users/iannuzza/LOCAL_PROJ/Github_copilot_proj/STBIO_AI/artifacts/stage1_requirements/ocr_extracts/DDS_STBIO1_p081.txt,approved
Main Controller I/O List,SCANENABLE,input,Scan Test Mode Enbl,Main Controller,81,C:/Users/iannuzza/LOCAL_PROJ/Github_copilot_proj/STBIO_AI/artifacts/stage1_requirements/ocr_extracts/DDS_STBIO1_p081.txt,approved
Main Controller I/O List,SCANINHCLK,input,Scan Chain Input,Main Controller,81,C:/Users/iannuzza/LOCAL_PROJ/Github_copilot_proj/STBIO_AI/artifacts/stage1_requirements/ocr_extracts/DDS_STBIO1_p081.txt,approved
Main Controller I/O List,SCANOUTHCLK,output,Scan Chain Output,Main Controller,81,C:/Users/iannuzza/LOCAL_PROJ/Github_copilot_proj/STBIO_AI/artifacts/stage1_requirements/ocr_extracts/DDS_STBIO1_p081.txt,approved
Main Controller I/O List,HSEL,output,0 AHB Protocol signals,Main Controller,81,C:/Users/iannuzza/LOCAL_PROJ/Github_copilot_proj/STBIO_AI/artifacts/stage1_requirements/ocr_extracts/DDS_STBIO1_p081.txt,approved
Main Controller I/O List,HADDR,output,[31:0] 0 AHB Protocol signals,Main Controller,81,C:/Users/iannuzza/LOCAL_PROJ/Github_copilot_proj/STBIO_AI/artifacts/stage1_requirements/ocr_extracts/DDS_STBIO1_p081.txt,approved
Main Controller I/O List,HTRANS,output,[1:0] 0 AHB Protocol signals,Main Controller,81,C:/Users/iannuzza/LOCAL_PROJ/Github_copilot_proj/STBIO_AI/artifacts/stage1_requirements/ocr_extracts/DDS_STBIO1_p081.txt,approved
Main Controller I/O List,HWRITE,output,0 AHB Protocol signals,Main Controller,81,C:/Users/iannuzza/LOCAL_PROJ/Github_copilot_proj/STBIO_AI/artifacts/stage1_requirements/ocr_extracts/DDS_STBIO1_p081.txt,approved
Main Controller I/O List,HSIZE,output,[2:0] 0 AHB Protocol signals,Main Controller,81,C:/Users/iannuzza/LOCAL_PROJ/Github_copilot_proj/STBIO_AI/artifacts/stage1_requirements/ocr_extracts/DDS_STBIO1_p081.txt,approved
Main Controller I/O List,HBURST,output,[2:0] 0 AHB Protocol signals,Main Controller,81,C:/Users/iannuzza/LOCAL_PROJ/Github_copilot_proj/STBIO_AI/artifacts/stage1_requirements/ocr_extracts/DDS_STBIO1_p081.txt,approved
Main Controller I/O List,HPROT,output,[3:0] 0 AHB Protocol signals,Main Controller,81,C:/Users/iannuzza/LOCAL_PROJ/Github_copilot_proj/STBIO_AI/artifacts/stage1_requirements/ocr_extracts/DDS_STBIO1_p081.txt,approved
Main Controller I/O List,HWDATA,output,[31:0] 0 AHB Protocol signals 81,Main Controller,81,C:/Users/iannuzza/LOCAL_PROJ/Github_copilot_proj/STBIO_AI/artifacts/stage1_requirements/ocr_extracts/DDS_STBIO1_p081.txt,approved
Main Controller I/O List,HBUSREQ,output,0 AHB Protocol signals,Main Controller,82,C:/Users/iannuzza/LOCAL_PROJ/Github_copilot_proj/STBIO_AI/artifacts/stage1_requirements/ocr_extracts/DDS_STBIO1_p082.txt,approved
Main Controller I/O List,HLOCK,output,0 AHB Protocol signals,Main Controller,82,C:/Users/iannuzza/LOCAL_PROJ/Github_copilot_proj/STBIO_AI/artifacts/stage1_requirements/ocr_extracts/DDS_STBIO1_p082.txt,approved
Main Controller I/O List,o_bio_clock_div,output,0 output for clock chopper,Main Controller,82,C:/Users/iannuzza/LOCAL_PROJ/Github_copilot_proj/STBIO_AI/artifacts/stage1_requirements/ocr_extracts/DDS_STBIO1_p082.txt,approved
Main Controller I/O List,o_BIDAC,output,[IDAC_offset-1:0] 0 IDAC for top,Main Controller,82,C:/Users/iannuzza/LOCAL_PROJ/Github_copilot_proj/STBIO_AI/artifacts/stage1_requirements/ocr_extracts/DDS_STBIO1_p082.txt,approved
Main Controller I/O List,o_rst_imp,output,1 bia start up rst signal,Main Controller,82,C:/Users/iannuzza/LOCAL_PROJ/Github_copilot_proj/STBIO_AI/artifacts/stage1_requirements/ocr_extracts/DDS_STBIO1_p082.txt,approved
Main Controller I/O List,o_rsti_imp,output,1 bia start up rsti signal,Main Controller,82,C:/Users/iannuzza/LOCAL_PROJ/Github_copilot_proj/STBIO_AI/artifacts/stage1_requirements/ocr_extracts/DDS_STBIO1_p082.txt,approved
Main Controller I/O List,o_sug_imp,output,1 bia start up sug channel,Main Controller,82,C:/Users/iannuzza/LOCAL_PROJ/Github_copilot_proj/STBIO_AI/artifacts/stage1_requirements/ocr_extracts/DDS_STBIO1_p082.txt,approved
Main Controller I/O List,o_pd_imp,output,1 bia start up pd channel,Main Controller,82,C:/Users/iannuzza/LOCAL_PROJ/Github_copilot_proj/STBIO_AI/artifacts/stage1_requirements/ocr_extracts/DDS_STBIO1_p082.txt,approved
Main Controller I/O List,o_start_operative_16MHz,output,0 start operative 16MHz,Main Controller,82,C:/Users/iannuzza/LOCAL_PROJ/Github_copilot_proj/STBIO_AI/artifacts/stage1_requirements/ocr_extracts/DDS_STBIO1_p082.txt,approved
Main Controller I/O List,o_su_hc2,output,1 ecg start up hc2 signal,Main Controller,82,C:/Users/iannuzza/LOCAL_PROJ/Github_copilot_proj/STBIO_AI/artifacts/stage1_requirements/ocr_extracts/DDS_STBIO1_p082.txt,approved
Main Controller I/O List,o_rst_hc2,output,1 ecg start up rst signal,Main Controller,82,C:/Users/iannuzza/LOCAL_PROJ/Github_copilot_proj/STBIO_AI/artifacts/stage1_requirements/ocr_extracts/DDS_STBIO1_p082.txt,approved
Main Controller I/O List,o_rsti_hc2,output,1 ecg start up rsti signal,Main Controller,82,C:/Users/iannuzza/LOCAL_PROJ/Github_copilot_proj/STBIO_AI/artifacts/stage1_requirements/ocr_extracts/DDS_STBIO1_p082.txt,approved
Main Controller I/O List,o_pd_hc2,output,1 ecg start up pd signal,Main Controller,82,C:/Users/iannuzza/LOCAL_PROJ/Github_copilot_proj/STBIO_AI/artifacts/stage1_requirements/ocr_extracts/DDS_STBIO1_p082.txt,approved
Main Controller I/O List,o_reset_reg_rst,output,1 end of reset async phase,Main Controller,82,C:/Users/iannuzza/LOCAL_PROJ/Github_copilot_proj/STBIO_AI/artifacts/stage1_requirements/ocr_extracts/DDS_STBIO1_p082.txt,approved
Main Controller I/O List,o_reset_reg_rst_imp_async,output,1 end of reset async phase,Main Controller,82,C:/Users/iannuzza/LOCAL_PROJ/Github_copilot_proj/STBIO_AI/artifacts/stage1_requirements/ocr_extracts/DDS_STBIO1_p082.txt,approved
Main Controller I/O List,o_imp_curinj_pd,output,0 bia current injection output,Main Controller,82,C:/Users/iannuzza/LOCAL_PROJ/Github_copilot_proj/STBIO_AI/artifacts/stage1_requirements/ocr_extracts/DDS_STBIO1_p082.txt,approved
Main Controller I/O List,o_Txi_IDAC_Vref,output,[Nmax_bit_top-1:0] 0 TX IDAC VREF TO analog domain,Main Controller,82,C:/Users/iannuzza/LOCAL_PROJ/Github_copilot_proj/STBIO_AI/artifacts/stage1_requirements/ocr_extracts/DDS_STBIO1_p082.txt,approved
Main Controller I/O List,o_comp_rx_ck,output,0 output for comparator debug,Main Controller,82,C:/Users/iannuzza/LOCAL_PROJ/Github_copilot_proj/STBIO_AI/artifacts/stage1_requirements/ocr_extracts/DDS_STBIO1_p082.txt,approved
Main Controller I/O List,o_BTIA_gain,output,[gain_max_bit_top-1:0] 0 BTIA gain output to analog domain,Main Controller,82,C:/Users/iannuzza/LOCAL_PROJ/Github_copilot_proj/STBIO_AI/artifacts/stage1_requirements/ocr_extracts/DDS_STBIO1_p082.txt,approved
Main Controller I/O List,o_data_out_debug_adc,output,[15:0] 0 o data output for adc debug,Main Controller,82,C:/Users/iannuzza/LOCAL_PROJ/Github_copilot_proj/STBIO_AI/artifacts/stage1_requirements/ocr_extracts/DDS_STBIO1_p082.txt,approved
Main Controller I/O List,o_en_mask_ldo_pdclkf_reg,output,1 mask for en_ldo and pdf,Main Controller,82,C:/Users/iannuzza/LOCAL_PROJ/Github_copilot_proj/STBIO_AI/artifacts/stage1_requirements/ocr_extracts/DDS_STBIO1_p082.txt,approved
Main Controller I/O List,o_pd_clkf,output,1 pd_clkf,Main Controller,82,C:/Users/iannuzza/LOCAL_PROJ/Github_copilot_proj/STBIO_AI/artifacts/stage1_requirements/ocr_extracts/DDS_STBIO1_p082.txt,approved
Main Controller I/O List,o_trim_ldo_d,output,[1:0] 3 trim ldo value,Main Controller,82,C:/Users/iannuzza/LOCAL_PROJ/Github_copilot_proj/STBIO_AI/artifacts/stage1_requirements/ocr_extracts/DDS_STBIO1_p082.txt,approved
Main Controller I/O List,o_BDC_PPG,output,[idac_dc_ppg_frame_bit_top-1:0] 0 idac dc ppg frame output 82,Main Controller,82,C:/Users/iannuzza/LOCAL_PROJ/Github_copilot_proj/STBIO_AI/artifacts/stage1_requirements/ocr_extracts/DDS_STBIO1_p082.txt,approved
Main Controller I/O List,o_adc_mux_bio_channel,output,[2:0] 0 adc mux bio channel,Main Controller,83,C:/Users/iannuzza/LOCAL_PROJ/Github_copilot_proj/STBIO_AI/artifacts/stage1_requirements/ocr_extracts/DDS_STBIO1_p083.txt,approved
Main Controller I/O List,o_adc_mux_sel,output,0 adc mux sel output,Main Controller,83,C:/Users/iannuzza/LOCAL_PROJ/Github_copilot_proj/STBIO_AI/artifacts/stage1_requirements/ocr_extracts/DDS_STBIO1_p083.txt,approved
Main Controller I/O List,o_error_time_slot,output,0 error time slot irq,Main Controller,83,C:/Users/iannuzza/LOCAL_PROJ/Github_copilot_proj/STBIO_AI/artifacts/stage1_requirements/ocr_extracts/DDS_STBIO1_p083.txt,approved
Main Controller I/O List,o_curr_sel_tx_frame_x,output,[curr_sel_bit_top-1:0] 0 current selection for tx channel output,Main Controller,83,C:/Users/iannuzza/LOCAL_PROJ/Github_copilot_proj/STBIO_AI/artifacts/stage1_requirements/ocr_extracts/DDS_STBIO1_p083.txt,approved
Main Controller I/O List,o_tx1_outlab_sel_frame_x,output,[bit_outab_sel_top-1:0] 0 tx outlab sel frame x,Main Controller,83,C:/Users/iannuzza/LOCAL_PROJ/Github_copilot_proj/STBIO_AI/artifacts/stage1_requirements/ocr_extracts/DDS_STBIO1_p083.txt,approved
Main Controller I/O List,o_tx2_outlab_sel_frame_x,output,[bit_outab_sel_top-1:0] 0 tx outlab sel frame x,Main Controller,83,C:/Users/iannuzza/LOCAL_PROJ/Github_copilot_proj/STBIO_AI/artifacts/stage1_requirements/ocr_extracts/DDS_STBIO1_p083.txt,approved
Main Controller I/O List,o_tx3_outlab_sel_frame_x,output,[bit_outab_sel_top-1:0] 0 tx outlab sel frame x,Main Controller,83,C:/Users/iannuzza/LOCAL_PROJ/Github_copilot_proj/STBIO_AI/artifacts/stage1_requirements/ocr_extracts/DDS_STBIO1_p083.txt,approved
Main Controller I/O List,o_tx4_outlab_sel_frame_x,output,[bit_outab_sel_top-1:0] 0 tx outlab sel frame x,Main Controller,83,C:/Users/iannuzza/LOCAL_PROJ/Github_copilot_proj/STBIO_AI/artifacts/stage1_requirements/ocr_extracts/DDS_STBIO1_p083.txt,approved
Main Controller I/O List,o_tx_preset,output,0 tx prese to analog domain,Main Controller,83,C:/Users/iannuzza/LOCAL_PROJ/Github_copilot_proj/STBIO_AI/artifacts/stage1_requirements/ocr_extracts/DDS_STBIO1_p083.txt,approved
Main Controller I/O List,o_en_tx,output,[n_tx_channel-1:0] 0 tx enable to analog domain,Main Controller,83,C:/Users/iannuzza/LOCAL_PROJ/Github_copilot_proj/STBIO_AI/artifacts/stage1_requirements/ocr_extracts/DDS_STBIO1_p083.txt,approved
Main Controller I/O List,o_PD_TIA,output,1 enabling tia to analog domain,Main Controller,83,C:/Users/iannuzza/LOCAL_PROJ/Github_copilot_proj/STBIO_AI/artifacts/stage1_requirements/ocr_extracts/DDS_STBIO1_p083.txt,approved
Main Controller I/O List,o_PD_PGA,output,1 enabling buffer to analog domain,Main Controller,83,C:/Users/iannuzza/LOCAL_PROJ/Github_copilot_proj/STBIO_AI/artifacts/stage1_requirements/ocr_extracts/DDS_STBIO1_p083.txt,approved
Main Controller I/O List,o_PD_IDAC,output,1 enabling idac to analog domain,Main Controller,83,C:/Users/iannuzza/LOCAL_PROJ/Github_copilot_proj/STBIO_AI/artifacts/stage1_requirements/ocr_extracts/DDS_STBIO1_p083.txt,approved
Main Controller I/O List,o_gsr_curr_on,output,0 gsr curr on pilot to analog domain,Main Controller,83,C:/Users/iannuzza/LOCAL_PROJ/Github_copilot_proj/STBIO_AI/artifacts/stage1_requirements/ocr_extracts/DDS_STBIO1_p083.txt,approved
Main Controller I/O List,o_gsr_on,output,0 grs on on pilot to analog domain,Main Controller,83,C:/Users/iannuzza/LOCAL_PROJ/Github_copilot_proj/STBIO_AI/artifacts/stage1_requirements/ocr_extracts/DDS_STBIO1_p083.txt,approved
Main Controller I/O List,o_ADC_en,output,0 ADC enabling,Main Controller,83,C:/Users/iannuzza/LOCAL_PROJ/Github_copilot_proj/STBIO_AI/artifacts/stage1_requirements/ocr_extracts/DDS_STBIO1_p083.txt,approved
Main Controller I/O List,o_half_charge_ldo,output,0,Main Controller,83,C:/Users/iannuzza/LOCAL_PROJ/Github_copilot_proj/STBIO_AI/artifacts/stage1_requirements/ocr_extracts/DDS_STBIO1_p083.txt,approved
Main Controller I/O List,o_ADC_start,output,0 ADC Start sampling,Main Controller,83,C:/Users/iannuzza/LOCAL_PROJ/Github_copilot_proj/STBIO_AI/artifacts/stage1_requirements/ocr_extracts/DDS_STBIO1_p083.txt,approved
Main Controller I/O List,o_N_step2_to_reg,output,[rx_ch_gain_limit-1:0] 0 N_Step2 calibration value,Main Controller,83,C:/Users/iannuzza/LOCAL_PROJ/Github_copilot_proj/STBIO_AI/artifacts/stage1_requirements/ocr_extracts/DDS_STBIO1_p083.txt,approved
Main Controller I/O List,o_adc_test_cap,output,[9:0] 0 adc test cap,Main Controller,83,C:/Users/iannuzza/LOCAL_PROJ/Github_copilot_proj/STBIO_AI/artifacts/stage1_requirements/ocr_extracts/DDS_STBIO1_p083.txt,approved
Main Controller I/O List,o_adc_error_cap9,output,[7:0] 0 adc calibration result,Main Controller,83,C:/Users/iannuzza/LOCAL_PROJ/Github_copilot_proj/STBIO_AI/artifacts/stage1_requirements/ocr_extracts/DDS_STBIO1_p083.txt,approved
Main Controller I/O List,o_adc_error_cap8,output,[6:0] 0 adc calibration result,Main Controller,83,C:/Users/iannuzza/LOCAL_PROJ/Github_copilot_proj/STBIO_AI/artifacts/stage1_requirements/ocr_extracts/DDS_STBIO1_p083.txt,approved
Main Controller I/O List,o_adc_error_cap7,output,[6:0] 0 adc calibration result,Main Controller,83,C:/Users/iannuzza/LOCAL_PROJ/Github_copilot_proj/STBIO_AI/artifacts/stage1_requirements/ocr_extracts/DDS_STBIO1_p083.txt,approved
Main Controller I/O List,o_adc_error_cap6,output,[6:0] 0 adc calibration result 83,Main Controller,83,C:/Users/iannuzza/LOCAL_PROJ/Github_copilot_proj/STBIO_AI/artifacts/stage1_requirements/ocr_extracts/DDS_STBIO1_p083.txt,approved
Main Controller I/O List,o_adc_error_cap5,output,[6:0] 0 adc calibration result,Main Controller,84,C:/Users/iannuzza/LOCAL_PROJ/Github_copilot_proj/STBIO_AI/artifacts/stage1_requirements/ocr_extracts/DDS_STBIO1_p084.txt,approved
Main Controller I/O List,o_adc_error_cap4,output,[6:0] 0 adc calibration result,Main Controller,84,C:/Users/iannuzza/LOCAL_PROJ/Github_copilot_proj/STBIO_AI/artifacts/stage1_requirements/ocr_extracts/DDS_STBIO1_p084.txt,approved
Main Controller I/O List,o_adc_error_cap3,output,[6:0] 0 adc calibration result,Main Controller,84,C:/Users/iannuzza/LOCAL_PROJ/Github_copilot_proj/STBIO_AI/artifacts/stage1_requirements/ocr_extracts/DDS_STBIO1_p084.txt,approved
Main Controller I/O List,o_adc_error_cap2,output,[6:0] 0 adc calibration result,Main Controller,84,C:/Users/iannuzza/LOCAL_PROJ/Github_copilot_proj/STBIO_AI/artifacts/stage1_requirements/ocr_extracts/DDS_STBIO1_p084.txt,approved
Main Controller I/O List,o_adc_error_cap1,output,[6:0] 0 adc calibration result,Main Controller,84,C:/Users/iannuzza/LOCAL_PROJ/Github_copilot_proj/STBIO_AI/artifacts/stage1_requirements/ocr_extracts/DDS_STBIO1_p084.txt,approved
Main Controller I/O List,o_adc_error_cap0,output,[6:0] 0 adc calibration result,Main Controller,84,C:/Users/iannuzza/LOCAL_PROJ/Github_copilot_proj/STBIO_AI/artifacts/stage1_requirements/ocr_extracts/DDS_STBIO1_p084.txt,approved
Main Controller I/O List,o_pd_cm_buf,output,1 power down common buffer,Main Controller,84,C:/Users/iannuzza/LOCAL_PROJ/Github_copilot_proj/STBIO_AI/artifacts/stage1_requirements/ocr_extracts/DDS_STBIO1_p084.txt,approved
Main Controller I/O List,o_pd_rld,output,1 power down rld,Main Controller,84,C:/Users/iannuzza/LOCAL_PROJ/Github_copilot_proj/STBIO_AI/artifacts/stage1_requirements/ocr_extracts/DDS_STBIO1_p084.txt,approved
Main Controller I/O List,o_pd_avg1,output,1 power down avg1,Main Controller,84,C:/Users/iannuzza/LOCAL_PROJ/Github_copilot_proj/STBIO_AI/artifacts/stage1_requirements/ocr_extracts/DDS_STBIO1_p084.txt,approved
Main Controller I/O List,o_pd_avg2,output,1 power down avg2,Main Controller,84,C:/Users/iannuzza/LOCAL_PROJ/Github_copilot_proj/STBIO_AI/artifacts/stage1_requirements/ocr_extracts/DDS_STBIO1_p084.txt,approved
Main Controller I/O List,o_mc_ahb_clk_en,output,0 enable for master ahb clock,Main Controller,84,C:/Users/iannuzza/LOCAL_PROJ/Github_copilot_proj/STBIO_AI/artifacts/stage1_requirements/ocr_extracts/DDS_STBIO1_p084.txt,approved
Main Controller I/O List,o_main_controller_device_status_register,output,[2:0] 0 device status register,Main Controller,84,C:/Users/iannuzza/LOCAL_PROJ/Github_copilot_proj/STBIO_AI/artifacts/stage1_requirements/ocr_extracts/DDS_STBIO1_p084.txt,approved
Main Controller I/O List,o_main_controller_elab_status_register,output,[3:0] 0 device status register,Main Controller,84,C:/Users/iannuzza/LOCAL_PROJ/Github_copilot_proj/STBIO_AI/artifacts/stage1_requirements/ocr_extracts/DDS_STBIO1_p084.txt,approved
Main Controller I/O List,o_en_ldo_1v8,output,0 enable ldo,Main Controller,84,C:/Users/iannuzza/LOCAL_PROJ/Github_copilot_proj/STBIO_AI/artifacts/stage1_requirements/ocr_extracts/DDS_STBIO1_p084.txt,approved
Main Controller I/O List,o_en_bufxbio,output,0 enable biobuffer to analog domain,Main Controller,84,C:/Users/iannuzza/LOCAL_PROJ/Github_copilot_proj/STBIO_AI/artifacts/stage1_requirements/ocr_extracts/DDS_STBIO1_p084.txt,approved
Main Controller I/O List,o_rx_ch_frame,output,[ppg_rx_channel_bit_top-1:0] 0 selected rx ch frame to analog domain,Main Controller,84,C:/Users/iannuzza/LOCAL_PROJ/Github_copilot_proj/STBIO_AI/artifacts/stage1_requirements/ocr_extracts/DDS_STBIO1_p084.txt,approved
Main Controller I/O List,o_ldo_ext,output,0 enable external ldo,Main Controller,84,C:/Users/iannuzza/LOCAL_PROJ/Github_copilot_proj/STBIO_AI/artifacts/stage1_requirements/ocr_extracts/DDS_STBIO1_p084.txt,approved
Main Controller I/O List,o_ppg_status_register,output,[n_state_bit-1:0] 0 ppg state status register,Main Controller,84,C:/Users/iannuzza/LOCAL_PROJ/Github_copilot_proj/STBIO_AI/artifacts/stage1_requirements/ocr_extracts/DDS_STBIO1_p084.txt,approved
Main Controller I/O List,o_b_cap_idac,output,[1:0] 0 b cap idac to analog domain,Main Controller,84,C:/Users/iannuzza/LOCAL_PROJ/Github_copilot_proj/STBIO_AI/artifacts/stage1_requirements/ocr_extracts/DDS_STBIO1_p084.txt,approved
Main Controller I/O List,o_ispu_irq_ctrl,output,[3:0] 0 ispu irq,Main Controller,84,C:/Users/iannuzza/LOCAL_PROJ/Github_copilot_proj/STBIO_AI/artifacts/stage1_requirements/ocr_extracts/DDS_STBIO1_p084.txt,approved
Main Controller I/O List,o_irq_start_measurement,output,0 irq start measurement to GPIO,Main Controller,84,C:/Users/iannuzza/LOCAL_PROJ/Github_copilot_proj/STBIO_AI/artifacts/stage1_requirements/ocr_extracts/DDS_STBIO1_p084.txt,approved
Main Controller I/O List,o_end_calibration,output,1 end calibration to analog domain,Main Controller,84,C:/Users/iannuzza/LOCAL_PROJ/Github_copilot_proj/STBIO_AI/artifacts/stage1_requirements/ocr_extracts/DDS_STBIO1_p084.txt,approved
Main Controller I/O List,o_alc_data,output,[data_out_size_bit_top+2:0] 0 alc data to regmap,Main Controller,84,C:/Users/iannuzza/LOCAL_PROJ/Github_copilot_proj/STBIO_AI/artifacts/stage1_requirements/ocr_extracts/DDS_STBIO1_p084.txt,approved
Main Controller I/O List,o_ppg_data_raw,output,[data_out_size_bit_top+2:0] 0 ppg raw data to regmap 84,Main Controller,84,C:/Users/iannuzza/LOCAL_PROJ/Github_copilot_proj/STBIO_AI/artifacts/stage1_requirements/ocr_extracts/DDS_STBIO1_p084.txt,approved
Main Controller I/O List,o_pd_buf_gpio1,output,1 power down for buffer gpio1,Main Controller,85,C:/Users/iannuzza/LOCAL_PROJ/Github_copilot_proj/STBIO_AI/artifacts/stage1_requirements/ocr_extracts/DDS_STBIO1_p085.txt,approved
Main Controller I/O List,o_pd_buf_gpio2,output,1 power down for buffer gpio2,Main Controller,85,C:/Users/iannuzza/LOCAL_PROJ/Github_copilot_proj/STBIO_AI/artifacts/stage1_requirements/ocr_extracts/DDS_STBIO1_p085.txt,approved
Main Controller I/O List,o_adc_data_debug_alc_1,output,[frame_ppg_debug_alc_top-1:0] 0 alc 1 registers data debug,Main Controller,85,C:/Users/iannuzza/LOCAL_PROJ/Github_copilot_proj/STBIO_AI/artifacts/stage1_requirements/ocr_extracts/DDS_STBIO1_p085.txt,approved
Main Controller I/O List,o_adc_data_debug_alc_2,output,[frame_ppg_debug_alc_top-1:0] 0 alc 2 registers data debug,Main Controller,85,C:/Users/iannuzza/LOCAL_PROJ/Github_copilot_proj/STBIO_AI/artifacts/stage1_requirements/ocr_extracts/DDS_STBIO1_p085.txt,approved
Main Controller I/O List,o_adc_data_debug_ppg_raw,output,[frame_ppg_debug_ppg_raw_top- 1:0] 0 ppg raw registers data debug,Main Controller,85,C:/Users/iannuzza/LOCAL_PROJ/Github_copilot_proj/STBIO_AI/artifacts/stage1_requirements/ocr_extracts/DDS_STBIO1_p085.txt,approved
Main Controller I/O List,o_en_lead_off,output,0 mask lead off,Main Controller,85,C:/Users/iannuzza/LOCAL_PROJ/Github_copilot_proj/STBIO_AI/artifacts/stage1_requirements/ocr_extracts/DDS_STBIO1_p085.txt,approved
Main Controller I/O List,o_mc_busy,output,0 main controller is working,Main Controller,85,C:/Users/iannuzza/LOCAL_PROJ/Github_copilot_proj/STBIO_AI/artifacts/stage1_requirements/ocr_extracts/DDS_STBIO1_p085.txt,approved
Main Controller I/O List,o_en_ck_m_p_q,output,0 clock m and q bia,Main Controller,85,C:/Users/iannuzza/LOCAL_PROJ/Github_copilot_proj/STBIO_AI/artifacts/stage1_requirements/ocr_extracts/DDS_STBIO1_p085.txt,approved
Main Controller I/O List,o_en_ck_chop_imp,output,0 clock chopper bia,Main Controller,85,C:/Users/iannuzza/LOCAL_PROJ/Github_copilot_proj/STBIO_AI/artifacts/stage1_requirements/ocr_extracts/DDS_STBIO1_p085.txt,approved
Main Controller I/O List,o_saturation_flag,output,[n_max_frame-1:0] 0 ppg saturation flag,Main Controller,85,C:/Users/iannuzza/LOCAL_PROJ/Github_copilot_proj/STBIO_AI/artifacts/stage1_requirements/ocr_extracts/DDS_STBIO1_p085.txt,approved
Main Controller I/O List,o_en_ck_hc2_10k,output,0 clock chipper ecg,Main Controller,85,C:/Users/iannuzza/LOCAL_PROJ/Github_copilot_proj/STBIO_AI/artifacts/stage1_requirements/ocr_extracts/DDS_STBIO1_p085.txt,approved
Main Controller I/O List,o_en_clk_16MHz_sleep,output,1 sleep signal for pmu,Main Controller,85,C:/Users/iannuzza/LOCAL_PROJ/Github_copilot_proj/STBIO_AI/artifacts/stage1_requirements/ocr_extracts/DDS_STBIO1_p085.txt,approved
Main Controller I/O List,o_gsr_clk_en_16M,output,0 enable clock for gsr channel,Main Controller,85,C:/Users/iannuzza/LOCAL_PROJ/Github_copilot_proj/STBIO_AI/artifacts/stage1_requirements/ocr_extracts/DDS_STBIO1_p085.txt,approved
ADSP I/O List,stmc_clk,input,wire u_pmu.tst_clk_16m,ADSP,86,C:/Users/iannuzza/LOCAL_PROJ/Github_copilot_proj/STBIO_AI/artifacts/stage1_requirements/ocr_extracts/DDS_STBIO1_p086.txt,approved
ADSP I/O List,HCLK,input,wire u_pmu.clk_stmc,ADSP,86,C:/Users/iannuzza/LOCAL_PROJ/Github_copilot_proj/STBIO_AI/artifacts/stage1_requirements/ocr_extracts/DDS_STBIO1_p086.txt,approved
ADSP I/O List,HRESETn,input,wire u_pmu.resetn_stmc,ADSP,86,C:/Users/iannuzza/LOCAL_PROJ/Github_copilot_proj/STBIO_AI/artifacts/stage1_requirements/ocr_extracts/DDS_STBIO1_p086.txt,approved
ADSP I/O List,HSELS,input,wire u_xbar_afe.,ADSP,86,C:/Users/iannuzza/LOCAL_PROJ/Github_copilot_proj/STBIO_AI/artifacts/stage1_requirements/ocr_extracts/DDS_STBIO1_p086.txt,approved
ADSP I/O List,HADDRS,input,wire [ADDRWIDTH-1:0] u_xbar_afe.haddr_M1,ADSP,86,C:/Users/iannuzza/LOCAL_PROJ/Github_copilot_proj/STBIO_AI/artifacts/stage1_requirements/ocr_extracts/DDS_STBIO1_p086.txt,approved
ADSP I/O List,HTRANSS,input,wire [ 1:0] u_xbar_afe.htrans_M1,ADSP,86,C:/Users/iannuzza/LOCAL_PROJ/Github_copilot_proj/STBIO_AI/artifacts/stage1_requirements/ocr_extracts/DDS_STBIO1_p086.txt,approved
ADSP I/O List,HSIZES,input,wire [ 2:0] u_xbar_afe.,ADSP,86,C:/Users/iannuzza/LOCAL_PROJ/Github_copilot_proj/STBIO_AI/artifacts/stage1_requirements/ocr_extracts/DDS_STBIO1_p086.txt,approved
ADSP I/O List,HWRITES,input,wire u_xbar_afe.,ADSP,86,C:/Users/iannuzza/LOCAL_PROJ/Github_copilot_proj/STBIO_AI/artifacts/stage1_requirements/ocr_extracts/DDS_STBIO1_p086.txt,approved
ADSP I/O List,HREADYS,input,wire u_xbar_afe.,ADSP,86,C:/Users/iannuzza/LOCAL_PROJ/Github_copilot_proj/STBIO_AI/artifacts/stage1_requirements/ocr_extracts/DDS_STBIO1_p086.txt,approved
ADSP I/O List,HWDATAS,input,wire [ 31:0] u_xbar_afe.,ADSP,86,C:/Users/iannuzza/LOCAL_PROJ/Github_copilot_proj/STBIO_AI/artifacts/stage1_requirements/ocr_extracts/DDS_STBIO1_p086.txt,approved
ADSP I/O List,HREADYOUTS,output,wire u_xbar_afe.,ADSP,86,C:/Users/iannuzza/LOCAL_PROJ/Github_copilot_proj/STBIO_AI/artifacts/stage1_requirements/ocr_extracts/DDS_STBIO1_p086.txt,approved
ADSP I/O List,HRESPS,output,wire u_xbar_afe.,ADSP,86,C:/Users/iannuzza/LOCAL_PROJ/Github_copilot_proj/STBIO_AI/artifacts/stage1_requirements/ocr_extracts/DDS_STBIO1_p086.txt,approved
ADSP I/O List,HRDATAS,output,wire [ 31:0] u_xbar_afe.,ADSP,86,C:/Users/iannuzza/LOCAL_PROJ/Github_copilot_proj/STBIO_AI/artifacts/stage1_requirements/ocr_extracts/DDS_STBIO1_p086.txt,approved
ADSP I/O List,HRDATAM,input,wire [ 31:0],ADSP,86,C:/Users/iannuzza/LOCAL_PROJ/Github_copilot_proj/STBIO_AI/artifacts/stage1_requirements/ocr_extracts/DDS_STBIO1_p086.txt,approved
ADSP I/O List,HREADYM,input,wire,ADSP,86,C:/Users/iannuzza/LOCAL_PROJ/Github_copilot_proj/STBIO_AI/artifacts/stage1_requirements/ocr_extracts/DDS_STBIO1_p086.txt,approved
ADSP I/O List,HRESPM,input,wire [ 1:0],ADSP,86,C:/Users/iannuzza/LOCAL_PROJ/Github_copilot_proj/STBIO_AI/artifacts/stage1_requirements/ocr_extracts/DDS_STBIO1_p086.txt,approved
ADSP I/O List,HGRANTM,input,wire,ADSP,86,C:/Users/iannuzza/LOCAL_PROJ/Github_copilot_proj/STBIO_AI/artifacts/stage1_requirements/ocr_extracts/DDS_STBIO1_p086.txt,approved
ADSP I/O List,HSELM,output,wire,ADSP,86,C:/Users/iannuzza/LOCAL_PROJ/Github_copilot_proj/STBIO_AI/artifacts/stage1_requirements/ocr_extracts/DDS_STBIO1_p086.txt,approved
ADSP I/O List,HADDRM,output,wire [ 31:0],ADSP,86,C:/Users/iannuzza/LOCAL_PROJ/Github_copilot_proj/STBIO_AI/artifacts/stage1_requirements/ocr_extracts/DDS_STBIO1_p086.txt,approved
ADSP I/O List,HTRANSM,output,wire [ 1:0],ADSP,86,C:/Users/iannuzza/LOCAL_PROJ/Github_copilot_proj/STBIO_AI/artifacts/stage1_requirements/ocr_extracts/DDS_STBIO1_p086.txt,approved
ADSP I/O List,HWRITEM,output,wire,ADSP,86,C:/Users/iannuzza/LOCAL_PROJ/Github_copilot_proj/STBIO_AI/artifacts/stage1_requirements/ocr_extracts/DDS_STBIO1_p086.txt,approved
ADSP I/O List,HSIZEM,output,wire [ 2:0] 86,ADSP,86,C:/Users/iannuzza/LOCAL_PROJ/Github_copilot_proj/STBIO_AI/artifacts/stage1_requirements/ocr_extracts/DDS_STBIO1_p086.txt,approved
ADSP I/O List,HBURSTM,output,wire [ 2:0],ADSP,87,C:/Users/iannuzza/LOCAL_PROJ/Github_copilot_proj/STBIO_AI/artifacts/stage1_requirements/ocr_extracts/DDS_STBIO1_p087.txt,approved
ADSP I/O List,HPROTM,output,wire [ 3:0],ADSP,87,C:/Users/iannuzza/LOCAL_PROJ/Github_copilot_proj/STBIO_AI/artifacts/stage1_requirements/ocr_extracts/DDS_STBIO1_p087.txt,approved
ADSP I/O List,HWDATAM,output,wire [ 31:0],ADSP,87,C:/Users/iannuzza/LOCAL_PROJ/Github_copilot_proj/STBIO_AI/artifacts/stage1_requirements/ocr_extracts/DDS_STBIO1_p087.txt,approved
ADSP I/O List,HBUSREQM,output,wire,ADSP,87,C:/Users/iannuzza/LOCAL_PROJ/Github_copilot_proj/STBIO_AI/artifacts/stage1_requirements/ocr_extracts/DDS_STBIO1_p087.txt,approved
ADSP I/O List,HLOCKM,output,wire,ADSP,87,C:/Users/iannuzza/LOCAL_PROJ/Github_copilot_proj/STBIO_AI/artifacts/stage1_requirements/ocr_extracts/DDS_STBIO1_p087.txt,approved
ADSP I/O List,stmc_data_CSN,output,wire,ADSP,87,C:/Users/iannuzza/LOCAL_PROJ/Github_copilot_proj/STBIO_AI/artifacts/stage1_requirements/ocr_extracts/DDS_STBIO1_p087.txt,approved
ADSP I/O List,stmc_data_WEN,output,wire,ADSP,87,C:/Users/iannuzza/LOCAL_PROJ/Github_copilot_proj/STBIO_AI/artifacts/stage1_requirements/ocr_extracts/DDS_STBIO1_p087.txt,approved
ADSP I/O List,stmc_data_A,output,wire [ 8:0],ADSP,87,C:/Users/iannuzza/LOCAL_PROJ/Github_copilot_proj/STBIO_AI/artifacts/stage1_requirements/ocr_extracts/DDS_STBIO1_p087.txt,approved
ADSP I/O List,stmc_data_D,output,wire [ 63:0],ADSP,87,C:/Users/iannuzza/LOCAL_PROJ/Github_copilot_proj/STBIO_AI/artifacts/stage1_requirements/ocr_extracts/DDS_STBIO1_p087.txt,approved
ADSP I/O List,stmc_data_M,output,wire [ 63:0],ADSP,87,C:/Users/iannuzza/LOCAL_PROJ/Github_copilot_proj/STBIO_AI/artifacts/stage1_requirements/ocr_extracts/DDS_STBIO1_p087.txt,approved
ADSP I/O List,stmc_data_Q,input,wire [ 63:0],ADSP,87,C:/Users/iannuzza/LOCAL_PROJ/Github_copilot_proj/STBIO_AI/artifacts/stage1_requirements/ocr_extracts/DDS_STBIO1_p087.txt,approved
ADSP I/O List,stmc_rom_CLK,output,wire,ADSP,87,C:/Users/iannuzza/LOCAL_PROJ/Github_copilot_proj/STBIO_AI/artifacts/stage1_requirements/ocr_extracts/DDS_STBIO1_p087.txt,approved
ADSP I/O List,stmc_rom_CSN,output,wire,ADSP,87,C:/Users/iannuzza/LOCAL_PROJ/Github_copilot_proj/STBIO_AI/artifacts/stage1_requirements/ocr_extracts/DDS_STBIO1_p087.txt,approved
ADSP I/O List,stmc_rom_A,output,wire [ 10:0],ADSP,87,C:/Users/iannuzza/LOCAL_PROJ/Github_copilot_proj/STBIO_AI/artifacts/stage1_requirements/ocr_extracts/DDS_STBIO1_p087.txt,approved
ADSP I/O List,stmc_rom_Q,input,wire [ 22:0],ADSP,87,C:/Users/iannuzza/LOCAL_PROJ/Github_copilot_proj/STBIO_AI/artifacts/stage1_requirements/ocr_extracts/DDS_STBIO1_p087.txt,approved
ADSP I/O List,quokka_run,output,wire u_pmu.adsp_run main_controller_top.i_quokka_r un,ADSP,87,C:/Users/iannuzza/LOCAL_PROJ/Github_copilot_proj/STBIO_AI/artifacts/stage1_requirements/ocr_extracts/DDS_STBIO1_p087.txt,approved
ADSP I/O List,quokka_boot_end,output,wire main_controller_top.i_quokka_b oot_end,ADSP,87,C:/Users/iannuzza/LOCAL_PROJ/Github_copilot_proj/STBIO_AI/artifacts/stage1_requirements/ocr_extracts/DDS_STBIO1_p087.txt,approved
ADSP I/O List,ahb_master_clk_en,output,wire U_pmu.clk_en_s1,ADSP,87,C:/Users/iannuzza/LOCAL_PROJ/Github_copilot_proj/STBIO_AI/artifacts/stage1_requirements/ocr_extracts/DDS_STBIO1_p087.txt,approved
ADSP I/O List,scan_mode,input,wire,ADSP,87,C:/Users/iannuzza/LOCAL_PROJ/Github_copilot_proj/STBIO_AI/artifacts/stage1_requirements/ocr_extracts/DDS_STBIO1_p087.txt,approved
ADSP I/O List,scan_en,input,wire,ADSP,87,C:/Users/iannuzza/LOCAL_PROJ/Github_copilot_proj/STBIO_AI/artifacts/stage1_requirements/ocr_extracts/DDS_STBIO1_p087.txt,approved
ADSP I/O List,scan_clk,input,wire,ADSP,87,C:/Users/iannuzza/LOCAL_PROJ/Github_copilot_proj/STBIO_AI/artifacts/stage1_requirements/ocr_extracts/DDS_STBIO1_p087.txt,approved
ADSP I/O List,scan_rst_n,input,wire,ADSP,87,C:/Users/iannuzza/LOCAL_PROJ/Github_copilot_proj/STBIO_AI/artifacts/stage1_requirements/ocr_extracts/DDS_STBIO1_p087.txt,approved
OTP I/O List,PDN,unspecified,Power down command.,OTP,88,C:/Users/iannuzza/LOCAL_PROJ/Github_copilot_proj/STBIO_AI/artifacts/stage1_requirements/ocr_extracts/DDS_STBIO1_p088.txt,approved
OTP I/O List,Memory,unspecified,is in low power mode when PDN is low.,OTP,88,C:/Users/iannuzza/LOCAL_PROJ/Github_copilot_proj/STBIO_AI/artifacts/stage1_requirements/ocr_extracts/DDS_STBIO1_p088.txt,approved
OTP I/O List,A<6:0>,unspecified,A<6:0> is the word address for read or,OTP,88,C:/Users/iannuzza/LOCAL_PROJ/Github_copilot_proj/STBIO_AI/artifacts/stage1_requirements/ocr_extracts/DDS_STBIO1_p088.txt,approved
OTP I/O List,programming,unspecified,operation,OTP,88,C:/Users/iannuzza/LOCAL_PROJ/Github_copilot_proj/STBIO_AI/artifacts/stage1_requirements/ocr_extracts/DDS_STBIO1_p088.txt,approved
OTP I/O List,BANKEN<1:0>,unspecified,Bank selection bits.,OTP,88,C:/Users/iannuzza/LOCAL_PROJ/Github_copilot_proj/STBIO_AI/artifacts/stage1_requirements/ocr_extracts/DDS_STBIO1_p088.txt,approved
OTP I/O List,Used,unspecified,to program and read each bank separately.,OTP,88,C:/Users/iannuzza/LOCAL_PROJ/Github_copilot_proj/STBIO_AI/artifacts/stage1_requirements/ocr_extracts/DDS_STBIO1_p088.txt,approved
OTP I/O List,Or,unspecified,to activate redundancy when reading (2,OTP,88,C:/Users/iannuzza/LOCAL_PROJ/Github_copilot_proj/STBIO_AI/artifacts/stage1_requirements/ocr_extracts/DDS_STBIO1_p088.txt,approved
OTP I/O List,banks,unspecified,"read simultaneously,",OTP,88,C:/Users/iannuzza/LOCAL_PROJ/Github_copilot_proj/STBIO_AI/artifacts/stage1_requirements/ocr_extracts/DDS_STBIO1_p088.txt,approved
OTP I/O List,correction,unspecified,enabled),OTP,88,C:/Users/iannuzza/LOCAL_PROJ/Github_copilot_proj/STBIO_AI/artifacts/stage1_requirements/ocr_extracts/DDS_STBIO1_p088.txt,approved
OTP I/O List,BITSEL<2:0>,unspecified,To define the bit to be programmed in the 8 bit word.,OTP,88,C:/Users/iannuzza/LOCAL_PROJ/Github_copilot_proj/STBIO_AI/artifacts/stage1_requirements/ocr_extracts/DDS_STBIO1_p088.txt,approved
OTP I/O List,Decimal,unspecified,value of (BITSEL<2:0>),OTP,88,C:/Users/iannuzza/LOCAL_PROJ/Github_copilot_proj/STBIO_AI/artifacts/stage1_requirements/ocr_extracts/DDS_STBIO1_p088.txt,approved
OTP I/O List,SELECTWLBL,unspecified,To select antifuse block to be programmed,OTP,88,C:/Users/iannuzza/LOCAL_PROJ/Github_copilot_proj/STBIO_AI/artifacts/stage1_requirements/ocr_extracts/DDS_STBIO1_p088.txt,approved
OTP I/O List,PRG,unspecified,To select programming mode (active high),OTP,88,C:/Users/iannuzza/LOCAL_PROJ/Github_copilot_proj/STBIO_AI/artifacts/stage1_requirements/ocr_extracts/DDS_STBIO1_p088.txt,approved
OTP I/O List,FUSE,unspecified,Fuse command to program bit cell.,OTP,88,C:/Users/iannuzza/LOCAL_PROJ/Github_copilot_proj/STBIO_AI/artifacts/stage1_requirements/ocr_extracts/DDS_STBIO1_p088.txt,approved
OTP I/O List,TREAD<3:0>,unspecified,For read condition trimming (sense current and,OTP,88,C:/Users/iannuzza/LOCAL_PROJ/Github_copilot_proj/STBIO_AI/artifacts/stage1_requirements/ocr_extracts/DDS_STBIO1_p088.txt,approved
OTP I/O List,read,unspecified,voltage).,OTP,88,C:/Users/iannuzza/LOCAL_PROJ/Github_copilot_proj/STBIO_AI/artifacts/stage1_requirements/ocr_extracts/DDS_STBIO1_p088.txt,approved
OTP I/O List,VREF,unspecified,Analog 1.25V+/-5% bandgap reference voltage,OTP,88,C:/Users/iannuzza/LOCAL_PROJ/Github_copilot_proj/STBIO_AI/artifacts/stage1_requirements/ocr_extracts/DDS_STBIO1_p088.txt,approved
OTP I/O List,IREF,unspecified,Pin requiring external current sink of 10uA+/- 30%,OTP,88,C:/Users/iannuzza/LOCAL_PROJ/Github_copilot_proj/STBIO_AI/artifacts/stage1_requirements/ocr_extracts/DDS_STBIO1_p088.txt,approved
I2C/SPI AHB I/O List,rst_n,input,POR,I2C_SPI_AHB,99,C:/Users/iannuzza/LOCAL_PROJ/Github_copilot_proj/STBIO_AI/artifacts/stage1_requirements/ocr_extracts/DDS_STBIO1_p099.txt,approved
I2C/SPI AHB I/O List,i_if_cs,input,CS for SPI interface,I2C_SPI_AHB,99,C:/Users/iannuzza/LOCAL_PROJ/Github_copilot_proj/STBIO_AI/artifacts/stage1_requirements/ocr_extracts/DDS_STBIO1_p099.txt,approved
I2C/SPI AHB I/O List,o_if_cs_tud,output,Control for CS PAD. 1 in scan mode 0 otherwise,I2C_SPI_AHB,99,C:/Users/iannuzza/LOCAL_PROJ/Github_copilot_proj/STBIO_AI/artifacts/stage1_requirements/ocr_extracts/DDS_STBIO1_p099.txt,approved
I2C/SPI AHB I/O List,o_if_cs_en_n,output,Set to 0 for CS pad id bidir pad is used. Could be inverted depending on the PAD,I2C_SPI_AHB,99,C:/Users/iannuzza/LOCAL_PROJ/Github_copilot_proj/STBIO_AI/artifacts/stage1_requirements/ocr_extracts/DDS_STBIO1_p099.txt,approved
I2C/SPI AHB I/O List,o_if_cs_out_n,output,Set to 0 for CS pad id bidir pad is used. Could be inverted depending on the PAD,I2C_SPI_AHB,99,C:/Users/iannuzza/LOCAL_PROJ/Github_copilot_proj/STBIO_AI/artifacts/stage1_requirements/ocr_extracts/DDS_STBIO1_p099.txt,approved
I2C/SPI AHB I/O List,i_if_ck,input,Interface clock 99,I2C_SPI_AHB,99,C:/Users/iannuzza/LOCAL_PROJ/Github_copilot_proj/STBIO_AI/artifacts/stage1_requirements/ocr_extracts/DDS_STBIO1_p099.txt,approved
I2C/SPI AHB I/O List,i_if_sda_sdi_in,input,SDA/SDI from pad,I2C_SPI_AHB,100,C:/Users/iannuzza/LOCAL_PROJ/Github_copilot_proj/STBIO_AI/artifacts/stage1_requirements/ocr_extracts/DDS_STBIO1_p100.txt,approved
I2C/SPI AHB I/O List,o_if_sda_sdi_en_n,output,SDA/SDI pad enable,I2C_SPI_AHB,100,C:/Users/iannuzza/LOCAL_PROJ/Github_copilot_proj/STBIO_AI/artifacts/stage1_requirements/ocr_extracts/DDS_STBIO1_p100.txt,approved
I2C/SPI AHB I/O List,o_if_sda_sdi_out,output,SDA/SDI to pad,I2C_SPI_AHB,100,C:/Users/iannuzza/LOCAL_PROJ/Github_copilot_proj/STBIO_AI/artifacts/stage1_requirements/ocr_extracts/DDS_STBIO1_p100.txt,approved
I2C/SPI AHB I/O List,o_ctrl_reg_7,output,[7:0] 8 configuration bit set by local register (addr. 0x5e),I2C_SPI_AHB,100,C:/Users/iannuzza/LOCAL_PROJ/Github_copilot_proj/STBIO_AI/artifacts/stage1_requirements/ocr_extracts/DDS_STBIO1_p100.txt,approved
I2C/SPI AHB I/O List,i_ext_reg_dt,input,[7:0] Data from external register block (if present),I2C_SPI_AHB,100,C:/Users/iannuzza/LOCAL_PROJ/Github_copilot_proj/STBIO_AI/artifacts/stage1_requirements/ocr_extracts/DDS_STBIO1_p100.txt,approved
I2C/SPI AHB I/O List,o_ext_reg_wr_add,output,[7:0] Write address to external register block (if present),I2C_SPI_AHB,100,C:/Users/iannuzza/LOCAL_PROJ/Github_copilot_proj/STBIO_AI/artifacts/stage1_requirements/ocr_extracts/DDS_STBIO1_p100.txt,approved
I2C/SPI AHB I/O List,o_ext_reg_rd_add,output,[7:0] Read address to external register block (if present),I2C_SPI_AHB,100,C:/Users/iannuzza/LOCAL_PROJ/Github_copilot_proj/STBIO_AI/artifacts/stage1_requirements/ocr_extracts/DDS_STBIO1_p100.txt,approved
I2C/SPI AHB I/O List,o_ext_reg_dt,output,[7:0] Data to external register block (if present),I2C_SPI_AHB,100,C:/Users/iannuzza/LOCAL_PROJ/Github_copilot_proj/STBIO_AI/artifacts/stage1_requirements/ocr_extracts/DDS_STBIO1_p100.txt,approved
I2C/SPI AHB I/O List,o_ext_reg_ck_wr,output,Write enable for external register block (if present),I2C_SPI_AHB,100,C:/Users/iannuzza/LOCAL_PROJ/Github_copilot_proj/STBIO_AI/artifacts/stage1_requirements/ocr_extracts/DDS_STBIO1_p100.txt,approved
I2C/SPI AHB I/O List,o_ext_reg_we,output,Write direct enable for external register block (if present) rst_16m_n Sw reset for AHB domain,I2C_SPI_AHB,100,C:/Users/iannuzza/LOCAL_PROJ/Github_copilot_proj/STBIO_AI/artifacts/stage1_requirements/ocr_extracts/DDS_STBIO1_p100.txt,approved
I2C/SPI AHB I/O List,sys_16m_clk,input,AHB clock,I2C_SPI_AHB,100,C:/Users/iannuzza/LOCAL_PROJ/Github_copilot_proj/STBIO_AI/artifacts/stage1_requirements/ocr_extracts/DDS_STBIO1_p100.txt,approved
I2C/SPI AHB I/O List,o_hselm,output,AHB_M,I2C_SPI_AHB,100,C:/Users/iannuzza/LOCAL_PROJ/Github_copilot_proj/STBIO_AI/artifacts/stage1_requirements/ocr_extracts/DDS_STBIO1_p100.txt,approved
I2C/SPI AHB I/O List,o_haddrm,output,[31:0] AHB_M,I2C_SPI_AHB,100,C:/Users/iannuzza/LOCAL_PROJ/Github_copilot_proj/STBIO_AI/artifacts/stage1_requirements/ocr_extracts/DDS_STBIO1_p100.txt,approved
I2C/SPI AHB I/O List,o_htransm,output,[1:0] AHB_M,I2C_SPI_AHB,100,C:/Users/iannuzza/LOCAL_PROJ/Github_copilot_proj/STBIO_AI/artifacts/stage1_requirements/ocr_extracts/DDS_STBIO1_p100.txt,approved
I2C/SPI AHB I/O List,o_hmasterm,output,[3:0] AHB_M,I2C_SPI_AHB,100,C:/Users/iannuzza/LOCAL_PROJ/Github_copilot_proj/STBIO_AI/artifacts/stage1_requirements/ocr_extracts/DDS_STBIO1_p100.txt,approved
I2C/SPI AHB I/O List,o_hwritem,output,AHB_M,I2C_SPI_AHB,100,C:/Users/iannuzza/LOCAL_PROJ/Github_copilot_proj/STBIO_AI/artifacts/stage1_requirements/ocr_extracts/DDS_STBIO1_p100.txt,approved
I2C/SPI AHB I/O List,o_hsizem,output,[2:0] AHB_M,I2C_SPI_AHB,100,C:/Users/iannuzza/LOCAL_PROJ/Github_copilot_proj/STBIO_AI/artifacts/stage1_requirements/ocr_extracts/DDS_STBIO1_p100.txt,approved
I2C/SPI AHB I/O List,o_hmastlockm,output,AHB_M,I2C_SPI_AHB,100,C:/Users/iannuzza/LOCAL_PROJ/Github_copilot_proj/STBIO_AI/artifacts/stage1_requirements/ocr_extracts/DDS_STBIO1_p100.txt,approved
I2C/SPI AHB I/O List,o_hwdatam,output,[31:0] AHB_M,I2C_SPI_AHB,100,C:/Users/iannuzza/LOCAL_PROJ/Github_copilot_proj/STBIO_AI/artifacts/stage1_requirements/ocr_extracts/DDS_STBIO1_p100.txt,approved
I2C/SPI AHB I/O List,o_hburstm,output,[2:0] AHB_M,I2C_SPI_AHB,100,C:/Users/iannuzza/LOCAL_PROJ/Github_copilot_proj/STBIO_AI/artifacts/stage1_requirements/ocr_extracts/DDS_STBIO1_p100.txt,approved
I2C/SPI AHB I/O List,o_hprotm,output,[3:0] AHB_M,I2C_SPI_AHB,100,C:/Users/iannuzza/LOCAL_PROJ/Github_copilot_proj/STBIO_AI/artifacts/stage1_requirements/ocr_extracts/DDS_STBIO1_p100.txt,approved
I2C/SPI AHB I/O List,i_hrdatam,input,[31:0] AHB_M,I2C_SPI_AHB,100,C:/Users/iannuzza/LOCAL_PROJ/Github_copilot_proj/STBIO_AI/artifacts/stage1_requirements/ocr_extracts/DDS_STBIO1_p100.txt,approved
I2C/SPI AHB I/O List,i_hreadym,input,AHB_M,I2C_SPI_AHB,100,C:/Users/iannuzza/LOCAL_PROJ/Github_copilot_proj/STBIO_AI/artifacts/stage1_requirements/ocr_extracts/DDS_STBIO1_p100.txt,approved
I2C/SPI AHB I/O List,i_hrespm,input,AHB_M,I2C_SPI_AHB,100,C:/Users/iannuzza/LOCAL_PROJ/Github_copilot_proj/STBIO_AI/artifacts/stage1_requirements/ocr_extracts/DDS_STBIO1_p100.txt,approved
I2C/SPI AHB I/O List,o_gt_ck_on,output,Pulse on interface clock to inform system that AHB clock must be switched on 100,I2C_SPI_AHB,100,C:/Users/iannuzza/LOCAL_PROJ/Github_copilot_proj/STBIO_AI/artifacts/stage1_requirements/ocr_extracts/DDS_STBIO1_p100.txt,approved
I2C/SPI AHB I/O List,o_gt_ck_off,output,Pulse on AHB clock to inform system that AHB clock can be switched off,I2C_SPI_AHB,101,C:/Users/iannuzza/LOCAL_PROJ/Github_copilot_proj/STBIO_AI/artifacts/stage1_requirements/ocr_extracts/DDS_STBIO1_p101.txt,approved
I2C/SPI AHB I/O List,o_ahb_error,output,Error on AHB side. Active if bit 1 or of register at address 0x4f are active.,I2C_SPI_AHB,101,C:/Users/iannuzza/LOCAL_PROJ/Github_copilot_proj/STBIO_AI/artifacts/stage1_requirements/ocr_extracts/DDS_STBIO1_p101.txt,approved
I2C/SPI AHB I/O List,o_rd_byte_nr_err,output,Active when,I2C_SPI_AHB,101,C:/Users/iannuzza/LOCAL_PROJ/Github_copilot_proj/STBIO_AI/artifacts/stage1_requirements/ocr_extracts/DDS_STBIO1_p101.txt,approved
I2C/SPI AHB I/O List,o_req_error,output,Active when number of byte is missing for read or timeout between double yte write and read is expired,I2C_SPI_AHB,101,C:/Users/iannuzza/LOCAL_PROJ/Github_copilot_proj/STBIO_AI/artifacts/stage1_requirements/ocr_extracts/DDS_STBIO1_p101.txt,approved
I2C/SPI AHB I/O List,scan_mode,input,Scan mode,I2C_SPI_AHB,101,C:/Users/iannuzza/LOCAL_PROJ/Github_copilot_proj/STBIO_AI/artifacts/stage1_requirements/ocr_extracts/DDS_STBIO1_p101.txt,approved
I2C/SPI AHB I/O List,scan_enable,input,Scan enable,I2C_SPI_AHB,101,C:/Users/iannuzza/LOCAL_PROJ/Github_copilot_proj/STBIO_AI/artifacts/stage1_requirements/ocr_extracts/DDS_STBIO1_p101.txt,approved
I2C/SPI AHB I/O List,scan_clk,input,Scan clk,I2C_SPI_AHB,101,C:/Users/iannuzza/LOCAL_PROJ/Github_copilot_proj/STBIO_AI/artifacts/stage1_requirements/ocr_extracts/DDS_STBIO1_p101.txt,approved
I2C/SPI AHB I/O List,scan_rst,input,Scan reset,I2C_SPI_AHB,101,C:/Users/iannuzza/LOCAL_PROJ/Github_copilot_proj/STBIO_AI/artifacts/stage1_requirements/ocr_extracts/DDS_STBIO1_p101.txt,approved
Sensor Hub I/O List,scan_mode,input,,Sensor-Hub,104,C:/Users/iannuzza/LOCAL_PROJ/Github_copilot_proj/STBIO_AI/artifacts/stage1_requirements/ocr_extracts/DDS_STBIO1_p104.txt,approved
Sensor Hub I/O List,scan_enable,input,,Sensor-Hub,104,C:/Users/iannuzza/LOCAL_PROJ/Github_copilot_proj/STBIO_AI/artifacts/stage1_requirements/ocr_extracts/DDS_STBIO1_p104.txt,approved
Sensor Hub I/O List,scan_rstn,input,,Sensor-Hub,104,C:/Users/iannuzza/LOCAL_PROJ/Github_copilot_proj/STBIO_AI/artifacts/stage1_requirements/ocr_extracts/DDS_STBIO1_p104.txt,approved
Sensor Hub I/O List,HCLKM,input,,Sensor-Hub,104,C:/Users/iannuzza/LOCAL_PROJ/Github_copilot_proj/STBIO_AI/artifacts/stage1_requirements/ocr_extracts/DDS_STBIO1_p104.txt,approved
Sensor Hub I/O List,HCLKS,input,,Sensor-Hub,104,C:/Users/iannuzza/LOCAL_PROJ/Github_copilot_proj/STBIO_AI/artifacts/stage1_requirements/ocr_extracts/DDS_STBIO1_p104.txt,approved
Sensor Hub I/O List,sys_clk,input,,Sensor-Hub,104,C:/Users/iannuzza/LOCAL_PROJ/Github_copilot_proj/STBIO_AI/artifacts/stage1_requirements/ocr_extracts/DDS_STBIO1_p104.txt,approved
Sensor Hub I/O List,HRESETn,input,,Sensor-Hub,104,C:/Users/iannuzza/LOCAL_PROJ/Github_copilot_proj/STBIO_AI/artifacts/stage1_requirements/ocr_extracts/DDS_STBIO1_p104.txt,approved
Sensor Hub I/O List,DEBUG_MODE_i,input,,Sensor-Hub,104,C:/Users/iannuzza/LOCAL_PROJ/Github_copilot_proj/STBIO_AI/artifacts/stage1_requirements/ocr_extracts/DDS_STBIO1_p104.txt,approved
Sensor Hub I/O List,scl_master_in,input,,Sensor-Hub,104,C:/Users/iannuzza/LOCAL_PROJ/Github_copilot_proj/STBIO_AI/artifacts/stage1_requirements/ocr_extracts/DDS_STBIO1_p104.txt,approved
Sensor Hub I/O List,sda_master_in,input,,Sensor-Hub,104,C:/Users/iannuzza/LOCAL_PROJ/Github_copilot_proj/STBIO_AI/artifacts/stage1_requirements/ocr_extracts/DDS_STBIO1_p104.txt,approved
Sensor Hub I/O List,scl_master_out,output,,Sensor-Hub,104,C:/Users/iannuzza/LOCAL_PROJ/Github_copilot_proj/STBIO_AI/artifacts/stage1_requirements/ocr_extracts/DDS_STBIO1_p104.txt,approved
Sensor Hub I/O List,sda_master_out,output,,Sensor-Hub,104,C:/Users/iannuzza/LOCAL_PROJ/Github_copilot_proj/STBIO_AI/artifacts/stage1_requirements/ocr_extracts/DDS_STBIO1_p104.txt,approved
Sensor Hub I/O List,dvalid_masterblaze_ext,input,,Sensor-Hub,104,C:/Users/iannuzza/LOCAL_PROJ/Github_copilot_proj/STBIO_AI/artifacts/stage1_requirements/ocr_extracts/DDS_STBIO1_p104.txt,approved
Sensor Hub I/O List,dvalid_masterblaze_ext_enable,input,,Sensor-Hub,104,C:/Users/iannuzza/LOCAL_PROJ/Github_copilot_proj/STBIO_AI/artifacts/stage1_requirements/ocr_extracts/DDS_STBIO1_p104.txt,approved
Sensor Hub I/O List,sleep_master,output,,Sensor-Hub,104,C:/Users/iannuzza/LOCAL_PROJ/Github_copilot_proj/STBIO_AI/artifacts/stage1_requirements/ocr_extracts/DDS_STBIO1_p104.txt,approved
Sensor Hub I/O List,master_end_op_pulse,output,,Sensor-Hub,104,C:/Users/iannuzza/LOCAL_PROJ/Github_copilot_proj/STBIO_AI/artifacts/stage1_requirements/ocr_extracts/DDS_STBIO1_p104.txt,approved
Sensor Hub I/O List,SH_SMARTFIFO_OCCUPATION,input,,Sensor-Hub,104,C:/Users/iannuzza/LOCAL_PROJ/Github_copilot_proj/STBIO_AI/artifacts/stage1_requirements/ocr_extracts/DDS_STBIO1_p104.txt,approved
Sensor Hub I/O List,fifo_mode,input,,Sensor-Hub,104,C:/Users/iannuzza/LOCAL_PROJ/Github_copilot_proj/STBIO_AI/artifacts/stage1_requirements/ocr_extracts/DDS_STBIO1_p104.txt,approved
Sensor Hub I/O List,fifo_offset,input,[11:0],Sensor-Hub,104,C:/Users/iannuzza/LOCAL_PROJ/Github_copilot_proj/STBIO_AI/artifacts/stage1_requirements/ocr_extracts/DDS_STBIO1_p104.txt,approved
Sensor Hub I/O List,HSELS,input,,Sensor-Hub,104,C:/Users/iannuzza/LOCAL_PROJ/Github_copilot_proj/STBIO_AI/artifacts/stage1_requirements/ocr_extracts/DDS_STBIO1_p104.txt,approved
Sensor Hub I/O List,HADDRS,input,[ADDRWIDTH- 1:0] 104,Sensor-Hub,104,C:/Users/iannuzza/LOCAL_PROJ/Github_copilot_proj/STBIO_AI/artifacts/stage1_requirements/ocr_extracts/DDS_STBIO1_p104.txt,approved
Sensor Hub I/O List,HTRANSS,input,[1:0],Sensor-Hub,105,C:/Users/iannuzza/LOCAL_PROJ/Github_copilot_proj/STBIO_AI/artifacts/stage1_requirements/ocr_extracts/DDS_STBIO1_p105.txt,approved
Sensor Hub I/O List,HSIZES,input,[2:0],Sensor-Hub,105,C:/Users/iannuzza/LOCAL_PROJ/Github_copilot_proj/STBIO_AI/artifacts/stage1_requirements/ocr_extracts/DDS_STBIO1_p105.txt,approved
Sensor Hub I/O List,HWRITES,input,,Sensor-Hub,105,C:/Users/iannuzza/LOCAL_PROJ/Github_copilot_proj/STBIO_AI/artifacts/stage1_requirements/ocr_extracts/DDS_STBIO1_p105.txt,approved
Sensor Hub I/O List,HREADYS,input,,Sensor-Hub,105,C:/Users/iannuzza/LOCAL_PROJ/Github_copilot_proj/STBIO_AI/artifacts/stage1_requirements/ocr_extracts/DDS_STBIO1_p105.txt,approved
Sensor Hub I/O List,HWDATAS,input,[31:0],Sensor-Hub,105,C:/Users/iannuzza/LOCAL_PROJ/Github_copilot_proj/STBIO_AI/artifacts/stage1_requirements/ocr_extracts/DDS_STBIO1_p105.txt,approved
Sensor Hub I/O List,HREADYOUTS,output,,Sensor-Hub,105,C:/Users/iannuzza/LOCAL_PROJ/Github_copilot_proj/STBIO_AI/artifacts/stage1_requirements/ocr_extracts/DDS_STBIO1_p105.txt,approved
Sensor Hub I/O List,HRESPS,output,,Sensor-Hub,105,C:/Users/iannuzza/LOCAL_PROJ/Github_copilot_proj/STBIO_AI/artifacts/stage1_requirements/ocr_extracts/DDS_STBIO1_p105.txt,approved
Sensor Hub I/O List,HRDATAS,output,[31:0],Sensor-Hub,105,C:/Users/iannuzza/LOCAL_PROJ/Github_copilot_proj/STBIO_AI/artifacts/stage1_requirements/ocr_extracts/DDS_STBIO1_p105.txt,approved
Sensor Hub I/O List,ahb_master_on,output,,Sensor-Hub,105,C:/Users/iannuzza/LOCAL_PROJ/Github_copilot_proj/STBIO_AI/artifacts/stage1_requirements/ocr_extracts/DDS_STBIO1_p105.txt,approved
Sensor Hub I/O List,HRDATAM,input,[31:0],Sensor-Hub,105,C:/Users/iannuzza/LOCAL_PROJ/Github_copilot_proj/STBIO_AI/artifacts/stage1_requirements/ocr_extracts/DDS_STBIO1_p105.txt,approved
Sensor Hub I/O List,HREADYM,input,,Sensor-Hub,105,C:/Users/iannuzza/LOCAL_PROJ/Github_copilot_proj/STBIO_AI/artifacts/stage1_requirements/ocr_extracts/DDS_STBIO1_p105.txt,approved
Sensor Hub I/O List,HRESPM,input,[1:0],Sensor-Hub,105,C:/Users/iannuzza/LOCAL_PROJ/Github_copilot_proj/STBIO_AI/artifacts/stage1_requirements/ocr_extracts/DDS_STBIO1_p105.txt,approved
Sensor Hub I/O List,HGRANTM,input,,Sensor-Hub,105,C:/Users/iannuzza/LOCAL_PROJ/Github_copilot_proj/STBIO_AI/artifacts/stage1_requirements/ocr_extracts/DDS_STBIO1_p105.txt,approved
Sensor Hub I/O List,HSELM,output,,Sensor-Hub,105,C:/Users/iannuzza/LOCAL_PROJ/Github_copilot_proj/STBIO_AI/artifacts/stage1_requirements/ocr_extracts/DDS_STBIO1_p105.txt,approved
Sensor Hub I/O List,HADDRM,output,[31:0],Sensor-Hub,105,C:/Users/iannuzza/LOCAL_PROJ/Github_copilot_proj/STBIO_AI/artifacts/stage1_requirements/ocr_extracts/DDS_STBIO1_p105.txt,approved
Sensor Hub I/O List,HTRANSM,output,[1:0],Sensor-Hub,105,C:/Users/iannuzza/LOCAL_PROJ/Github_copilot_proj/STBIO_AI/artifacts/stage1_requirements/ocr_extracts/DDS_STBIO1_p105.txt,approved
Sensor Hub I/O List,HWRITEM,output,,Sensor-Hub,105,C:/Users/iannuzza/LOCAL_PROJ/Github_copilot_proj/STBIO_AI/artifacts/stage1_requirements/ocr_extracts/DDS_STBIO1_p105.txt,approved
Sensor Hub I/O List,HSIZEM,output,[2:0],Sensor-Hub,105,C:/Users/iannuzza/LOCAL_PROJ/Github_copilot_proj/STBIO_AI/artifacts/stage1_requirements/ocr_extracts/DDS_STBIO1_p105.txt,approved
Sensor Hub I/O List,HBURSTM,output,[2:0],Sensor-Hub,105,C:/Users/iannuzza/LOCAL_PROJ/Github_copilot_proj/STBIO_AI/artifacts/stage1_requirements/ocr_extracts/DDS_STBIO1_p105.txt,approved
Sensor Hub I/O List,HPROTM,output,[3:0],Sensor-Hub,105,C:/Users/iannuzza/LOCAL_PROJ/Github_copilot_proj/STBIO_AI/artifacts/stage1_requirements/ocr_extracts/DDS_STBIO1_p105.txt,approved
Sensor Hub I/O List,HWDATAM,output,[31:0],Sensor-Hub,105,C:/Users/iannuzza/LOCAL_PROJ/Github_copilot_proj/STBIO_AI/artifacts/stage1_requirements/ocr_extracts/DDS_STBIO1_p105.txt,approved
Sensor Hub I/O List,HBUSREQM,output,,Sensor-Hub,105,C:/Users/iannuzza/LOCAL_PROJ/Github_copilot_proj/STBIO_AI/artifacts/stage1_requirements/ocr_extracts/DDS_STBIO1_p105.txt,approved
Sensor Hub I/O List,HLOCKM,output,,Sensor-Hub,105,C:/Users/iannuzza/LOCAL_PROJ/Github_copilot_proj/STBIO_AI/artifacts/stage1_requirements/ocr_extracts/DDS_STBIO1_p105.txt,approved
FIFO Controller I/O List,TEST_MODE,input,ScanMode u_pad_mux. scan_mode,Smart FIFO,112,C:/Users/iannuzza/LOCAL_PROJ/Github_copilot_proj/STBIO_AI/artifacts/stage1_requirements/ocr_extracts/DDS_STBIO1_p112.txt,approved
FIFO Controller I/O List,HCLK,input,AHB Master Handler Clock 16MHz clock u_pmu.clk_fifo,Smart FIFO,112,C:/Users/iannuzza/LOCAL_PROJ/Github_copilot_proj/STBIO_AI/artifacts/stage1_requirements/ocr_extracts/DDS_STBIO1_p112.txt,approved
FIFO Controller I/O List,HRESETn,input,u_pmu.resetn_fifo,Smart FIFO,112,C:/Users/iannuzza/LOCAL_PROJ/Github_copilot_proj/STBIO_AI/artifacts/stage1_requirements/ocr_extracts/DDS_STBIO1_p112.txt,approved
FIFO Controller I/O List,HSEL,input,AHB Slave Port u_afa_xbar.hsel_M2,Smart FIFO,112,C:/Users/iannuzza/LOCAL_PROJ/Github_copilot_proj/STBIO_AI/artifacts/stage1_requirements/ocr_extracts/DDS_STBIO1_p112.txt,approved
FIFO Controller I/O List,HADDR,input,[AW-1:0] AHB Slave Port u_afa_xbar.haddr_M2,Smart FIFO,112,C:/Users/iannuzza/LOCAL_PROJ/Github_copilot_proj/STBIO_AI/artifacts/stage1_requirements/ocr_extracts/DDS_STBIO1_p112.txt,approved
FIFO Controller I/O List,HMASTER,input,[3:0] AHB Slave Port u_afa_xbar.hmaster_M2,Smart FIFO,112,C:/Users/iannuzza/LOCAL_PROJ/Github_copilot_proj/STBIO_AI/artifacts/stage1_requirements/ocr_extracts/DDS_STBIO1_p112.txt,approved
FIFO Controller I/O List,HTRANS,input,[1:0] AHB Slave Port u_afa_xbar.htrans_M2,Smart FIFO,112,C:/Users/iannuzza/LOCAL_PROJ/Github_copilot_proj/STBIO_AI/artifacts/stage1_requirements/ocr_extracts/DDS_STBIO1_p112.txt,approved
FIFO Controller I/O List,HSIZE,input,[2:0] AHB Slave Port u_afa_xbar.hsize_M2,Smart FIFO,112,C:/Users/iannuzza/LOCAL_PROJ/Github_copilot_proj/STBIO_AI/artifacts/stage1_requirements/ocr_extracts/DDS_STBIO1_p112.txt,approved
FIFO Controller I/O List,HWRITE,input,AHB Slave Port u_afa_xbar.,Smart FIFO,112,C:/Users/iannuzza/LOCAL_PROJ/Github_copilot_proj/STBIO_AI/artifacts/stage1_requirements/ocr_extracts/DDS_STBIO1_p112.txt,approved
FIFO Controller I/O List,HWDATA,input,[31:0] AHB Slave Port u_afa_xbar.,Smart FIFO,112,C:/Users/iannuzza/LOCAL_PROJ/Github_copilot_proj/STBIO_AI/artifacts/stage1_requirements/ocr_extracts/DDS_STBIO1_p112.txt,approved
FIFO Controller I/O List,HREADY,input,AHB Slave Port u_afa_xbar.,Smart FIFO,112,C:/Users/iannuzza/LOCAL_PROJ/Github_copilot_proj/STBIO_AI/artifacts/stage1_requirements/ocr_extracts/DDS_STBIO1_p112.txt,approved
FIFO Controller I/O List,HREADYOUT,output,AHB Slave Port u_afa_xbar.,Smart FIFO,112,C:/Users/iannuzza/LOCAL_PROJ/Github_copilot_proj/STBIO_AI/artifacts/stage1_requirements/ocr_extracts/DDS_STBIO1_p112.txt,approved
FIFO Controller I/O List,HRDATA,output,[31:0] AHB Slave Port u_afa_xbar.,Smart FIFO,112,C:/Users/iannuzza/LOCAL_PROJ/Github_copilot_proj/STBIO_AI/artifacts/stage1_requirements/ocr_extracts/DDS_STBIO1_p112.txt,approved
FIFO Controller I/O List,HRESP,output,AHB Slave Port u_afa_xbar.,Smart FIFO,112,C:/Users/iannuzza/LOCAL_PROJ/Github_copilot_proj/STBIO_AI/artifacts/stage1_requirements/ocr_extracts/DDS_STBIO1_p112.txt,approved
FIFO Controller I/O List,O_FIFO_RAM_A,output,[ADDR_WIDTH- 1:0] u_ca_fifo_bist_c.ags_1,Smart FIFO,112,C:/Users/iannuzza/LOCAL_PROJ/Github_copilot_proj/STBIO_AI/artifacts/stage1_requirements/ocr_extracts/DDS_STBIO1_p112.txt,approved
FIFO Controller I/O List,O_FIFO_RAM_D,output,[23:0] u_ca_fifo_bist_c.csns_1,Smart FIFO,112,C:/Users/iannuzza/LOCAL_PROJ/Github_copilot_proj/STBIO_AI/artifacts/stage1_requirements/ocr_extracts/DDS_STBIO1_p112.txt,approved
FIFO Controller I/O List,O_FIFO_RAM_CSN,output,u_ca_fifo_bist_c.dgs_1,Smart FIFO,112,C:/Users/iannuzza/LOCAL_PROJ/Github_copilot_proj/STBIO_AI/artifacts/stage1_requirements/ocr_extracts/DDS_STBIO1_p112.txt,approved
FIFO Controller I/O List,O_FIFO_RAM_M,output,[23:0] u_ca_fifo_bist_c.wens_1,Smart FIFO,112,C:/Users/iannuzza/LOCAL_PROJ/Github_copilot_proj/STBIO_AI/artifacts/stage1_requirements/ocr_extracts/DDS_STBIO1_p112.txt,approved
FIFO Controller I/O List,O_FIFO_RAM_WEN,output,u_ca_fifo_bist_c.mgs_1,Smart FIFO,112,C:/Users/iannuzza/LOCAL_PROJ/Github_copilot_proj/STBIO_AI/artifacts/stage1_requirements/ocr_extracts/DDS_STBIO1_p112.txt,approved
FIFO Controller I/O List,I_FIFO_RAM_Q,input,[23:0] u_ca_fifo_bist_c.dgrs_1,Smart FIFO,112,C:/Users/iannuzza/LOCAL_PROJ/Github_copilot_proj/STBIO_AI/artifacts/stage1_requirements/ocr_extracts/DDS_STBIO1_p112.txt,approved
ISPU I/O List,clk,input,clk 16MHz from pmu u_pmu_clk_stredl_sig,ISPU,116,C:/Users/iannuzza/LOCAL_PROJ/Github_copilot_proj/STBIO_AI/artifacts/stage1_requirements/ocr_extracts/DDS_STBIO1_p116.txt,approved
ISPU I/O List,main_rst_n,input,reset in 16MHz domain u_pmu_resetn_stredl_sig,ISPU,116,C:/Users/iannuzza/LOCAL_PROJ/Github_copilot_proj/STBIO_AI/artifacts/stage1_requirements/ocr_extracts/DDS_STBIO1_p116.txt,approved
ISPU I/O List,POR_n,input,reset in 16MHz domain u_pmu_resetn_stredl_sig,ISPU,116,C:/Users/iannuzza/LOCAL_PROJ/Github_copilot_proj/STBIO_AI/artifacts/stage1_requirements/ocr_extracts/DDS_STBIO1_p116.txt,approved
ISPU I/O List,ispu_xbar_sw_resetn,input,Software reset ISPU xbar u_regmap_otp_ispu_xbar_sw_reset n_sig,ISPU,116,C:/Users/iannuzza/LOCAL_PROJ/Github_copilot_proj/STBIO_AI/artifacts/stage1_requirements/ocr_extracts/DDS_STBIO1_p116.txt,approved
ISPU I/O List,ispu_core_sw_resetn,input,Software reset ISPU core u_regmap_otp_ispu_core_sw_reset n_sig,ISPU,116,C:/Users/iannuzza/LOCAL_PROJ/Github_copilot_proj/STBIO_AI/artifacts/stage1_requirements/ocr_extracts/DDS_STBIO1_p116.txt,approved
ISPU I/O List,scan_mode,input,Scan mode u_pad_mux_scan_mode_sig,ISPU,116,C:/Users/iannuzza/LOCAL_PROJ/Github_copilot_proj/STBIO_AI/artifacts/stage1_requirements/ocr_extracts/DDS_STBIO1_p116.txt,approved
ISPU I/O List,scan_enable,input,Scan enable u_pad_mux_scan_enable_sig,ISPU,116,C:/Users/iannuzza/LOCAL_PROJ/Github_copilot_proj/STBIO_AI/artifacts/stage1_requirements/ocr_extracts/DDS_STBIO1_p116.txt,approved
ISPU I/O List,test_rst_n,input,Scan reset u_pad_mux_scan_rstn_sig,ISPU,116,C:/Users/iannuzza/LOCAL_PROJ/Github_copilot_proj/STBIO_AI/artifacts/stage1_requirements/ocr_extracts/DDS_STBIO1_p116.txt,approved
ISPU I/O List,bist_mode,input,Bist mode enable u_pad_mux_bist_mode_sig,ISPU,116,C:/Users/iannuzza/LOCAL_PROJ/Github_copilot_proj/STBIO_AI/artifacts/stage1_requirements/ocr_extracts/DDS_STBIO1_p116.txt,approved
ISPU I/O List,interrupt,input,"Interrupt lines u_ca_fifo_bist_c_oen_1, u_fifo_irq_FIFO_U_M_IRQ_STATU S_sig, u_regmap_otp_irq_SENSHUB_STS _sig, u_regmap_otp_irq_ISPU_MC_INTR _STS_sig, u_regmap_otp_sw_interrupt_sig, u_ca_fifo_bist_c_oen_1, u_ca_fifo_bist_c_oen_1, u_ca_fifo_bist_c_oen_1, u_ca_fifo_bist_c_oen_1, 116 u_ca_fifo_bist_c_oen_1, u_ca_fifo_bist_c_oen_1, u_ca_fifo_bist_c_oen_1, u_ca_fifo_bist_c_oen_1, u_ca_fifo_bist_c_oen_1",ISPU,116,C:/Users/iannuzza/LOCAL_PROJ/Github_copilot_proj/STBIO_AI/artifacts/stage1_requirements/ocr_extracts/DDS_STBIO1_p116.txt,approved
ISPU I/O List,clk_en,output,Enable clock at ISPU core u_ispu_clk_en_sig,ISPU,117,C:/Users/iannuzza/LOCAL_PROJ/Github_copilot_proj/STBIO_AI/artifacts/stage1_requirements/ocr_extracts/DDS_STBIO1_p117.txt,approved
ISPU I/O List,S_HSEL,input,AHB HSEL Slave Port u_xbar_afe_hsel_M0_sig,ISPU,117,C:/Users/iannuzza/LOCAL_PROJ/Github_copilot_proj/STBIO_AI/artifacts/stage1_requirements/ocr_extracts/DDS_STBIO1_p117.txt,approved
ISPU I/O List,S_HREADY,input,AHB HREADY Slave Port u_xbar_afe_hreadymux_M0_sig,ISPU,117,C:/Users/iannuzza/LOCAL_PROJ/Github_copilot_proj/STBIO_AI/artifacts/stage1_requirements/ocr_extracts/DDS_STBIO1_p117.txt,approved
ISPU I/O List,S_HREADYOUT,output,AHB HREADYOU T Slave Port u_ispu_S_HREADYOUT_sig,ISPU,117,C:/Users/iannuzza/LOCAL_PROJ/Github_copilot_proj/STBIO_AI/artifacts/stage1_requirements/ocr_extracts/DDS_STBIO1_p117.txt,approved
ISPU I/O List,S_HTRANS,input,AHB HTRANS Slave Port u_xbar_afe_htrans_M0_sig,ISPU,117,C:/Users/iannuzza/LOCAL_PROJ/Github_copilot_proj/STBIO_AI/artifacts/stage1_requirements/ocr_extracts/DDS_STBIO1_p117.txt,approved
ISPU I/O List,S_HADDR,input,AHB HADRR Slave Port u_xbar_afe_haddr_M0_sig,ISPU,117,C:/Users/iannuzza/LOCAL_PROJ/Github_copilot_proj/STBIO_AI/artifacts/stage1_requirements/ocr_extracts/DDS_STBIO1_p117.txt,approved
ISPU I/O List,S_HSIZE,input,AHB HSIZE Slave Port u_xbar_afe_hsize_M0_sig[1:0],ISPU,117,C:/Users/iannuzza/LOCAL_PROJ/Github_copilot_proj/STBIO_AI/artifacts/stage1_requirements/ocr_extracts/DDS_STBIO1_p117.txt,approved
ISPU I/O List,S_HWRITE,input,AHB HWRITE Slave Port u_xbar_afe_hwrite_M0_sig,ISPU,117,C:/Users/iannuzza/LOCAL_PROJ/Github_copilot_proj/STBIO_AI/artifacts/stage1_requirements/ocr_extracts/DDS_STBIO1_p117.txt,approved
ISPU I/O List,S_HWDATA,input,AHB HWDATA Slave Port u_xbar_afe_hwdata_M0_sig,ISPU,117,C:/Users/iannuzza/LOCAL_PROJ/Github_copilot_proj/STBIO_AI/artifacts/stage1_requirements/ocr_extracts/DDS_STBIO1_p117.txt,approved
ISPU I/O List,S_HRDATA,output,AHB HRDATA Slave Port u_ispu_S_HRDATA_sig,ISPU,117,C:/Users/iannuzza/LOCAL_PROJ/Github_copilot_proj/STBIO_AI/artifacts/stage1_requirements/ocr_extracts/DDS_STBIO1_p117.txt,approved
ISPU I/O List,S_HRESP,output,AHB HRESP Slave Port u_ispu_S_HRESP_sig 117,ISPU,117,C:/Users/iannuzza/LOCAL_PROJ/Github_copilot_proj/STBIO_AI/artifacts/stage1_requirements/ocr_extracts/DDS_STBIO1_p117.txt,approved
ISPU I/O List,M_HSEL,output,AHB HSEL Master Port u_ispu_M_HSEL_sig,ISPU,118,C:/Users/iannuzza/LOCAL_PROJ/Github_copilot_proj/STBIO_AI/artifacts/stage1_requirements/ocr_extracts/DDS_STBIO1_p118.txt,approved
ISPU I/O List,M_HREADY,input,AHB HREADY Master Port u_xbar_afe_hready_S0_sig,ISPU,118,C:/Users/iannuzza/LOCAL_PROJ/Github_copilot_proj/STBIO_AI/artifacts/stage1_requirements/ocr_extracts/DDS_STBIO1_p118.txt,approved
ISPU I/O List,M_HTRANS,output,AHB HTRANS Master Port u_ispu_M_HTRANS_sig,ISPU,118,C:/Users/iannuzza/LOCAL_PROJ/Github_copilot_proj/STBIO_AI/artifacts/stage1_requirements/ocr_extracts/DDS_STBIO1_p118.txt,approved
ISPU I/O List,M_HADDR,output,AHB HADDR Master Port u_ispu_M_HADDR_sig,ISPU,118,C:/Users/iannuzza/LOCAL_PROJ/Github_copilot_proj/STBIO_AI/artifacts/stage1_requirements/ocr_extracts/DDS_STBIO1_p118.txt,approved
ISPU I/O List,M_HSIZE,output,AHB HSIZE Master Port u_ispu_M_HSIZE_sig,ISPU,118,C:/Users/iannuzza/LOCAL_PROJ/Github_copilot_proj/STBIO_AI/artifacts/stage1_requirements/ocr_extracts/DDS_STBIO1_p118.txt,approved
ISPU I/O List,M_HWRITE,output,AHB HWRITE Master Port u_ispu_M_HWRITE_sig,ISPU,118,C:/Users/iannuzza/LOCAL_PROJ/Github_copilot_proj/STBIO_AI/artifacts/stage1_requirements/ocr_extracts/DDS_STBIO1_p118.txt,approved
ISPU I/O List,M_HWDATA,output,AHB HWDATA Master Port u_ispu_M_HWDATA_sig,ISPU,118,C:/Users/iannuzza/LOCAL_PROJ/Github_copilot_proj/STBIO_AI/artifacts/stage1_requirements/ocr_extracts/DDS_STBIO1_p118.txt,approved
ISPU I/O List,M_HRDATA,input,AHB HRDATA Master Port u_xbar_afe_hrdata_S0_sig,ISPU,118,C:/Users/iannuzza/LOCAL_PROJ/Github_copilot_proj/STBIO_AI/artifacts/stage1_requirements/ocr_extracts/DDS_STBIO1_p118.txt,approved
ISPU I/O List,M_HRESP,input,AHB HRESP Master Port u_xbar_afe_hresp_S0_sig,ISPU,118,C:/Users/iannuzza/LOCAL_PROJ/Github_copilot_proj/STBIO_AI/artifacts/stage1_requirements/ocr_extracts/DDS_STBIO1_p118.txt,approved
ISPU I/O List,DBG_HREADY,input,AHB HREADY Debug Master Port u_xbar_afe_hready_S4_sig,ISPU,118,C:/Users/iannuzza/LOCAL_PROJ/Github_copilot_proj/STBIO_AI/artifacts/stage1_requirements/ocr_extracts/DDS_STBIO1_p118.txt,approved
ISPU I/O List,DBG_HTRANS,output,AHB HTRANS Debug Master Port u_ispu_DBG_HTRANS_sig,ISPU,118,C:/Users/iannuzza/LOCAL_PROJ/Github_copilot_proj/STBIO_AI/artifacts/stage1_requirements/ocr_extracts/DDS_STBIO1_p118.txt,approved
ISPU I/O List,DBG_HADDR,output,AHB HADDR Debug Master Port u_ispu_DBG_HADDR_sig 118,ISPU,118,C:/Users/iannuzza/LOCAL_PROJ/Github_copilot_proj/STBIO_AI/artifacts/stage1_requirements/ocr_extracts/DDS_STBIO1_p118.txt,approved
ISPU I/O List,DBG_HSIZE,output,AHB HSIZE Debug Master Port u_ispu_DBG_HSIZE_sig,ISPU,119,C:/Users/iannuzza/LOCAL_PROJ/Github_copilot_proj/STBIO_AI/artifacts/stage1_requirements/ocr_extracts/DDS_STBIO1_p119.txt,approved
ISPU I/O List,DBG_HWRITE,output,AHB HWRITE Debug Master Port u_ispu_DBG_HWRITE_sig,ISPU,119,C:/Users/iannuzza/LOCAL_PROJ/Github_copilot_proj/STBIO_AI/artifacts/stage1_requirements/ocr_extracts/DDS_STBIO1_p119.txt,approved
ISPU I/O List,DBG_HBURST,output,AHB DHBURST ebug Master Port NO CONN,ISPU,119,C:/Users/iannuzza/LOCAL_PROJ/Github_copilot_proj/STBIO_AI/artifacts/stage1_requirements/ocr_extracts/DDS_STBIO1_p119.txt,approved
ISPU I/O List,DBG_HWDATA,output,AHB HWDATA Debug Master Port u_ispu_DBG_HWDATA_sig,ISPU,119,C:/Users/iannuzza/LOCAL_PROJ/Github_copilot_proj/STBIO_AI/artifacts/stage1_requirements/ocr_extracts/DDS_STBIO1_p119.txt,approved
ISPU I/O List,DBG_HRDATA,input,AHB HRDATA Debug Master Port u_xbar_afe_hrdata_S4_sig,ISPU,119,C:/Users/iannuzza/LOCAL_PROJ/Github_copilot_proj/STBIO_AI/artifacts/stage1_requirements/ocr_extracts/DDS_STBIO1_p119.txt,approved
ISPU I/O List,DBG_HRESP,input,AHB HRESP Debug Master Port u_xbar_afe_hresp_S4_sig,ISPU,119,C:/Users/iannuzza/LOCAL_PROJ/Github_copilot_proj/STBIO_AI/artifacts/stage1_requirements/ocr_extracts/DDS_STBIO1_p119.txt,approved
ISPU I/O List,trst_n,input,JTAG Test Reset u_pad_mux_ispu_trst_n_sig,ISPU,119,C:/Users/iannuzza/LOCAL_PROJ/Github_copilot_proj/STBIO_AI/artifacts/stage1_requirements/ocr_extracts/DDS_STBIO1_p119.txt,approved
ISPU I/O List,tck,input,JTAG Test Clock u_pad_mux_ispu_tck_sig,ISPU,119,C:/Users/iannuzza/LOCAL_PROJ/Github_copilot_proj/STBIO_AI/artifacts/stage1_requirements/ocr_extracts/DDS_STBIO1_p119.txt,approved
ISPU I/O List,tms,input,JTAG Test Mode Select u_pad_mux_ispu_tms_sig,ISPU,119,C:/Users/iannuzza/LOCAL_PROJ/Github_copilot_proj/STBIO_AI/artifacts/stage1_requirements/ocr_extracts/DDS_STBIO1_p119.txt,approved
ISPU I/O List,tdi,input,JTAG Test Data In u_pad_mux_ispu_tdi_sig,ISPU,119,C:/Users/iannuzza/LOCAL_PROJ/Github_copilot_proj/STBIO_AI/artifacts/stage1_requirements/ocr_extracts/DDS_STBIO1_p119.txt,approved
ISPU I/O List,tdo,output,JTAG Test Data Out u_ispu_tdo_sig,ISPU,119,C:/Users/iannuzza/LOCAL_PROJ/Github_copilot_proj/STBIO_AI/artifacts/stage1_requirements/ocr_extracts/DDS_STBIO1_p119.txt,approved
ISPU I/O List,tdo_en,output,JTAG Test Data Out Enable u_ispu_tdo_en_sig 119 ca_stredl_bist_c_rst_bistctl,ISPU,119,C:/Users/iannuzza/LOCAL_PROJ/Github_copilot_proj/STBIO_AI/artifacts/stage1_requirements/ocr_extracts/DDS_STBIO1_p119.txt,approved
ISPU I/O List,r_n,input,BIST Asynchrono us Reset Pin for collar Serial Interface and Controller u_pmu_tst_rst_bistctlr_n_sig ca_stredl_bist_c_clk_bistctl,ISPU,120,C:/Users/iannuzza/LOCAL_PROJ/Github_copilot_proj/STBIO_AI/artifacts/stage1_requirements/ocr_extracts/DDS_STBIO1_p120.txt,approved
ISPU I/O List,r,input,BIST Low Frequency Serial Shift Clock for the controller u_pmu_tst_clk_bistctlr_sig ca_stredl_bist_c_bist_mod,ISPU,120,C:/Users/iannuzza/LOCAL_PROJ/Github_copilot_proj/STBIO_AI/artifacts/stage1_requirements/ocr_extracts/DDS_STBIO1_p120.txt,approved
ISPU I/O List,e,input,BIST Global BIST Mode Selection Bus u_ta_afe_bist_crtl_bist_mode_ctlr_s ig ca_stredl_bist_c_march_sh,ISPU,120,C:/Users/iannuzza/LOCAL_PROJ/Github_copilot_proj/STBIO_AI/artifacts/stage1_requirements/ocr_extracts/DDS_STBIO1_p120.txt,approved
ISPU I/O List,ift,input,BIST March element serial data out enable to SP/ROM/RF /DP collars u_ta_afe_bist_crtl_march_shiftSP_s ig ca_stredl_bist_c_collar_co,ISPU,120,C:/Users/iannuzza/LOCAL_PROJ/Github_copilot_proj/STBIO_AI/artifacts/stage1_requirements/ocr_extracts/DDS_STBIO1_p120.txt,approved
ISPU I/O List,nfig,input,"BIST Mode selection pins for SP/ROM/RF /DP memory collars (modefunc, modestab, modecoll) u_ta_afe_bist_crtl_collar_configSP_ sig",ISPU,120,C:/Users/iannuzza/LOCAL_PROJ/Github_copilot_proj/STBIO_AI/artifacts/stage1_requirements/ocr_extracts/DDS_STBIO1_p120.txt,approved
ISPU I/O List,ca_stredl_bist_c_march_in,input,BIST March element serial data in u_ta_afe_bist_crtl_march_outSP_si g ca_stredl_bist_c_march_ru,ISPU,120,C:/Users/iannuzza/LOCAL_PROJ/Github_copilot_proj/STBIO_AI/artifacts/stage1_requirements/ocr_extracts/DDS_STBIO1_p120.txt,approved
ISPU I/O List,n,input,BIST March run to SP/ROM/RF /DP collars u_ta_afe_bist_crtl_march_runSP_si g 120,ISPU,120,C:/Users/iannuzza/LOCAL_PROJ/Github_copilot_proj/STBIO_AI/artifacts/stage1_requirements/ocr_extracts/DDS_STBIO1_p120.txt,approved
ISPU I/O List,ca_stredl_bist_c_memsafe,input,BIST Pin to globally deactivate the selected memories by making CSN high internally u_ta_afe_bist_crtl_memsafe_ctlr_si g ca_stredl_bist_c_sif_reg_e,ISPU,121,C:/Users/iannuzza/LOCAL_PROJ/Github_copilot_proj/STBIO_AI/artifacts/stage1_requirements/ocr_extracts/DDS_STBIO1_p121.txt,approved
ISPU I/O List,n,input,"BIST Enable for various types of data transfer (Bitmap, memory selection, programma ble algorithms) through serial interface. u_ta_afe_bist_crtl_sif_reg_en_ctlr_s ig ca_stredl_bist_c_sif_load_",ISPU,121,C:/Users/iannuzza/LOCAL_PROJ/Github_copilot_proj/STBIO_AI/artifacts/stage1_requirements/ocr_extracts/DDS_STBIO1_p121.txt,approved
ISPU I/O List,en,input,BIST Allows to control the data loading from collar registers to serial interface registers of the collar u_ta_afe_bist_crtl_sif_load_en_ctlr_ sig,ISPU,121,C:/Users/iannuzza/LOCAL_PROJ/Github_copilot_proj/STBIO_AI/artifacts/stage1_requirements/ocr_extracts/DDS_STBIO1_p121.txt,approved
ISPU I/O List,ca_stredl_bist_c_shift_en,input,BIST Enable for Serial Input Data from Tester/Exter nal World u_ta_afe_bist_crtl_shift_en_ctlr_sig ca_stredl_bist_c_sif_updat,ISPU,121,C:/Users/iannuzza/LOCAL_PROJ/Github_copilot_proj/STBIO_AI/artifacts/stage1_requirements/ocr_extracts/DDS_STBIO1_p121.txt,approved
ISPU I/O List,e_en,input,BIST Allows to control the data loading from collar u_ta_afe_bist_crtl_sif_update_en_ct lr_sig 121 registers to serial interface registers of the collar ca_stredl_bist_c_march_e,ISPU,121,C:/Users/iannuzza/LOCAL_PROJ/Github_copilot_proj/STBIO_AI/artifacts/stage1_requirements/ocr_extracts/DDS_STBIO1_p121.txt,approved
ISPU I/O List,nd,output,BIST March end signal from each SP / ROM / RF / DP collar type u_ispu_ca_stredl_bist_c_march_en d_sig,ISPU,122,C:/Users/iannuzza/LOCAL_PROJ/Github_copilot_proj/STBIO_AI/artifacts/stage1_requirements/ocr_extracts/DDS_STBIO1_p122.txt,approved
ISPU I/O List,ca_stredl_bist_c_bbad_1,output,BIST Indicates bbad for a specific memory. There are as many bbad signals as the number of memories. NO CONN,ISPU,122,C:/Users/iannuzza/LOCAL_PROJ/Github_copilot_proj/STBIO_AI/artifacts/stage1_requirements/ocr_extracts/DDS_STBIO1_p122.txt,approved
ISPU I/O List,ca_stredl_bist_c_bfail_1,output,BIST Indicates bfail for a specific memory. There are as many bbad signals as the number of memories. u_ispu_ca_stredl_bist_c_bfail_1_sig ca_stredl_bist_c_repairabl,ISPU,122,C:/Users/iannuzza/LOCAL_PROJ/Github_copilot_proj/STBIO_AI/artifacts/stage1_requirements/ocr_extracts/DDS_STBIO1_p122.txt,approved
ISPU I/O List,e_1,output,BIST Indicates repairable for a specific memory.The re are as many repairable signals as NO CONN 122 the number of memories. For a shared collar there would be as many repairable outputs as the number of memories,ISPU,122,C:/Users/iannuzza/LOCAL_PROJ/Github_copilot_proj/STBIO_AI/artifacts/stage1_requirements/ocr_extracts/DDS_STBIO1_p122.txt,approved
ISPU I/O List,ca_stredl_bist_c_bbad_2,output,BIST Indicates bbad for a specific memory. There are as many bbad signals as the number of memories. NO CONN,ISPU,123,C:/Users/iannuzza/LOCAL_PROJ/Github_copilot_proj/STBIO_AI/artifacts/stage1_requirements/ocr_extracts/DDS_STBIO1_p123.txt,approved
ISPU I/O List,ca_stredl_bist_c_bfail_2,output,BIST Indicates bfail for a specific memory. There are as many bbad signals as the number of memories. u_ispu_ca_stredl_bist_c_bfail_2_sig ca_stredl_bist_c_repairabl,ISPU,123,C:/Users/iannuzza/LOCAL_PROJ/Github_copilot_proj/STBIO_AI/artifacts/stage1_requirements/ocr_extracts/DDS_STBIO1_p123.txt,approved
ISPU I/O List,e_2,output,BIST Indicates repairable for a specific memory.The re are as many repairable signals as NO CONN 123 the number of memories. For a shared collar there would be as many repairable outputs as the number of memories,ISPU,123,C:/Users/iannuzza/LOCAL_PROJ/Github_copilot_proj/STBIO_AI/artifacts/stage1_requirements/ocr_extracts/DDS_STBIO1_p123.txt,approved
ISPU I/O List,ca_stredl_bist_c_bbad_3,output,BIST Indicates bbad for a specific memory. There are as many bbad signals as the number of memories. NO CONN,ISPU,124,C:/Users/iannuzza/LOCAL_PROJ/Github_copilot_proj/STBIO_AI/artifacts/stage1_requirements/ocr_extracts/DDS_STBIO1_p124.txt,approved
ISPU I/O List,ca_stredl_bist_c_bfail_3,output,BIST Indicates bfail for a specific memory. There are as many bbad signals as the number of memories. u_ispu_ca_stredl_bist_c_bfail_3_sig ca_stredl_bist_c_repairabl,ISPU,124,C:/Users/iannuzza/LOCAL_PROJ/Github_copilot_proj/STBIO_AI/artifacts/stage1_requirements/ocr_extracts/DDS_STBIO1_p124.txt,approved
ISPU I/O List,e_3,output,BIST Indicates repairable for a specific memory.The re are as many repairable signals as NO CONN 124 the number of memories. For a shared collar there would be as many repairable outputs as the number of memories,ISPU,124,C:/Users/iannuzza/LOCAL_PROJ/Github_copilot_proj/STBIO_AI/artifacts/stage1_requirements/ocr_extracts/DDS_STBIO1_p124.txt,approved
ISPU I/O List,ca_stredl_bist_c_bbad_4,output,BIST Indicates bbad for a specific memory. There are as many bbad signals as the number of memories. NO CONN,ISPU,125,C:/Users/iannuzza/LOCAL_PROJ/Github_copilot_proj/STBIO_AI/artifacts/stage1_requirements/ocr_extracts/DDS_STBIO1_p125.txt,approved
ISPU I/O List,ca_stredl_bist_c_bfail_4,output,BIST Indicates bfail for a specific memory. There are as many bbad signals as the number of memories. u_ispu_ca_stredl_bist_c_bfail_4_sig ca_stredl_bist_c_repairabl,ISPU,125,C:/Users/iannuzza/LOCAL_PROJ/Github_copilot_proj/STBIO_AI/artifacts/stage1_requirements/ocr_extracts/DDS_STBIO1_p125.txt,approved
ISPU I/O List,e_4,output,BIST Indicates repairable for a specific memory.The re are as many repairable signals as NO CONN 125 the number of memories. For a shared collar there would be as many repairable outputs as the number of memories,ISPU,125,C:/Users/iannuzza/LOCAL_PROJ/Github_copilot_proj/STBIO_AI/artifacts/stage1_requirements/ocr_extracts/DDS_STBIO1_p125.txt,approved
ISPU I/O List,ca_stredl_bist_c_serial_out,output,BIST Serial Output Data from Tester / External World u_ispu_ca_stredl_bist_c_serial_out_ sig,ISPU,126,C:/Users/iannuzza/LOCAL_PROJ/Github_copilot_proj/STBIO_AI/artifacts/stage1_requirements/ocr_extracts/DDS_STBIO1_p126.txt,approved
ISPU I/O List,ca_stredl_bist_c_bypass,input,BIST Memory Bypass Pin for RAM type memories. One top level port per collar. u_pad_mux_scan_mode_sig,ISPU,126,C:/Users/iannuzza/LOCAL_PROJ/Github_copilot_proj/STBIO_AI/artifacts/stage1_requirements/ocr_extracts/DDS_STBIO1_p126.txt,approved
ISPU I/O List,ca_stredl_bist_c_serial_in,input,BIST Serial Input Data from Tester / External World u_ta_afe_bist_crtl_serial_out_ctlr_si g,ISPU,126,C:/Users/iannuzza/LOCAL_PROJ/Github_copilot_proj/STBIO_AI/artifacts/stage1_requirements/ocr_extracts/DDS_STBIO1_p126.txt,approved
ISPU I/O List,ca_stredl_bist_c_test_se,input,BIST Scan Enable Signal Used internally by the BIST to prevent memory operation during scan shifting (a dedicated u_pad_mux_scan_enable_sig 126 test_se (one test_se per collar) is provided at the top level ca_stredl_bist_c_tst_gated,ISPU,126,C:/Users/iannuzza/LOCAL_PROJ/Github_copilot_proj/STBIO_AI/artifacts/stage1_requirements/ocr_extracts/DDS_STBIO1_p126.txt,approved
ISPU I/O List,clock,input,BIST Clock Gating Signal for the entire BIST. Used to force clock gating cell transparenc y in ATPG mode . u_pad_mux_scan_enable_sig ca_stredl_bist_c_tst_reset_,ISPU,127,C:/Users/iannuzza/LOCAL_PROJ/Github_copilot_proj/STBIO_AI/artifacts/stage1_requirements/ocr_extracts/DDS_STBIO1_p127.txt,approved
ISPU I/O List,mux,input,BIST Bypass for reset synchronize r. allows to force reset synchronizin g circuit transparenc y in ATPG mode. u_pad_mux_scan_mode_sig,ISPU,127,C:/Users/iannuzza/LOCAL_PROJ/Github_copilot_proj/STBIO_AI/artifacts/stage1_requirements/ocr_extracts/DDS_STBIO1_p127.txt,approved
ISPU I/O List,ca_stredl_bist_c_oen_1,input,BIST Memory Output Enable 1 u_ca_fifo_bist_c_oen_1,ISPU,127,C:/Users/iannuzza/LOCAL_PROJ/Github_copilot_proj/STBIO_AI/artifacts/stage1_requirements/ocr_extracts/DDS_STBIO1_p127.txt,approved
ISPU I/O List,ca_stredl_bist_c_oen_2,input,BIST Memory Output Enable 2 u_ca_fifo_bist_c_oen_1,ISPU,127,C:/Users/iannuzza/LOCAL_PROJ/Github_copilot_proj/STBIO_AI/artifacts/stage1_requirements/ocr_extracts/DDS_STBIO1_p127.txt,approved
ISPU I/O List,ca_stredl_bist_c_oen_3,input,BIST Memory Output Enable 3 u_ca_fifo_bist_c_oen_1,ISPU,127,C:/Users/iannuzza/LOCAL_PROJ/Github_copilot_proj/STBIO_AI/artifacts/stage1_requirements/ocr_extracts/DDS_STBIO1_p127.txt,approved
ISPU I/O List,ca_stredl_bist_c_oen_4,input,BIST Memory u_ca_fifo_bist_c_oen_1 127 Output Enable 4 ca_stredl_bist_c_mem_atp,ISPU,127,C:/Users/iannuzza/LOCAL_PROJ/Github_copilot_proj/STBIO_AI/artifacts/stage1_requirements/ocr_extracts/DDS_STBIO1_p127.txt,approved
ISPU I/O List,g_mode,input,BIST For ATPG purpose: Used to constraint few memory inputs and improve controllabilit y and observability . u_ca_fifo_bist_c_oen_1 ca_stredl_bist_c_tst_mem_,ISPU,128,C:/Users/iannuzza/LOCAL_PROJ/Github_copilot_proj/STBIO_AI/artifacts/stage1_requirements/ocr_extracts/DDS_STBIO1_p128.txt,approved
ISPU I/O List,selck_1,input,BIST To select the clock and memory ports in ATPG mode 0: Functional Clock / Functional Ports 1: Test Clock/ Test Ports u_ca_fifo_bist_c_oen_1 ca_stredl_bist_c_tst_mem_,ISPU,128,C:/Users/iannuzza/LOCAL_PROJ/Github_copilot_proj/STBIO_AI/artifacts/stage1_requirements/ocr_extracts/DDS_STBIO1_p128.txt,approved
ISPU I/O List,selck_2,input,BIST To select the clock and memory ports in ATPG mode 0: Functional Clock / Functional Ports 1: Test Clock/ Test Ports u_ca_fifo_bist_c_oen_1 ca_stredl_bist_c_tst_mem_,ISPU,128,C:/Users/iannuzza/LOCAL_PROJ/Github_copilot_proj/STBIO_AI/artifacts/stage1_requirements/ocr_extracts/DDS_STBIO1_p128.txt,approved
ISPU I/O List,selck_3,input,BIST To select the u_ca_fifo_bist_c_oen_1 128 clock and memory ports in ATPG mode 0: Functional Clock / Functional Ports 1: Test Clock/ Test Ports ca_stredl_bist_c_tst_mem_,ISPU,128,C:/Users/iannuzza/LOCAL_PROJ/Github_copilot_proj/STBIO_AI/artifacts/stage1_requirements/ocr_extracts/DDS_STBIO1_p128.txt,approved
ISPU I/O List,selck_4,input,BIST To select the clock and memory ports in ATPG mode 0: Functional Clock / Functional Ports 1: Test Clock/ Test Ports u_ca_fifo_bist_c_oen_1 ca_stredl_bist_c_par_mem,ISPU,129,C:/Users/iannuzza/LOCAL_PROJ/Github_copilot_proj/STBIO_AI/artifacts/stage1_requirements/ocr_extracts/DDS_STBIO1_p129.txt,approved
ISPU I/O List,sel,input,"BIST Parallel Memory Selection Bus { 1'b0, u_ca_fifo_bist_c_oen_1, u_ca_fifo_bist_c_oen_1, u_ca_fifo_bist_c_oen_1 }",ISPU,129,C:/Users/iannuzza/LOCAL_PROJ/Github_copilot_proj/STBIO_AI/artifacts/stage1_requirements/ocr_extracts/DDS_STBIO1_p129.txt,approved
