ipos_req_id,source_req_id,canonical_id,covers_upstream_req_id,mapped_block,requirement_statement,snapshot_id,source_artifact,allocation_class,owning_target,lineage_mode,source_origin_req_ids,hierarchy_parent_req_ids,owning_domain
IPOS-SMART-FIFO-001,DDS_STBIO1_00000008,can-57cb7f9df66bf61b052a61a9,DDS_STBIO1_00000008,Smart FIFO,"If input signal HMASTER is set to 0 or 1, the FIFO Controller shall enter Memory mode. [TO: IPOS_FIFO_CTRL_00000008]",snap-b2e8101b00dc6909feaed885,data/canonical/canonical_store.sqlite,block_local_digital,Digital IPOS,normal_hierarchical,DDS_STBIO1_00000008,,Digital
IPOS-SMART-FIFO-002,DDS_STBIO1_00000102,can-57b752afed352d18c4d94111,DDS_STBIO1_00000102,Smart FIFO,The parameter MEM_LOC shall define the first Memory Location of the FIFO RAM: 0xC4000. [TO: IPOS_FIFO_CTRL_00000102],snap-b2e8101b00dc6909feaed885,data/canonical/canonical_store.sqlite,block_local_digital,Digital IPOS,normal_hierarchical,DDS_STBIO1_00000102,,Digital
IPOS-SMART-FIFO-003,DDS_STBIO1_00000199,can-b6c47cc86504d366e51bf6de,DDS_STBIO1_00000199,Smart FIFO,"If input signal HMASTER is set to 0 or 1, the FIFO Controller shall enter Memory mode. [TO: IPOS_FIFO_CTRL_00000008]",snap-b2e8101b00dc6909feaed885,data/canonical/canonical_store.sqlite,block_local_digital,Digital IPOS,normal_hierarchical,DDS_STBIO1_00000199,,Digital
IPOS-SMART-FIFO-004,DDS_STBIO1_00000202,can-da16bafcb09b33d4d04ea096,DDS_STBIO1_00000202,Smart FIFO,The FIFO register map first memory location shall be defined as MEM_LOC + 0x1000: 0xC5000. [TO: IPOS_FIFO_CTRL_00000202],snap-b2e8101b00dc6909feaed885,data/canonical/canonical_store.sqlite,block_local_digital,Digital IPOS,normal_hierarchical,DDS_STBIO1_00000202,,Digital
IPOS-SMART-FIFO-005,DDS_STBIO1_00001199,can-a3ec59b06c0c911bb4beb65b,DDS_STBIO1_00001199,Smart FIFO,"When in Multiple Fifo, the 6 sub-FIFO offset shall coincide with the following table : FIFO OFFSET DATA TYPE ECG FIFO OFFSET ECG0_AC, ECG0_DC BIA FIFO OFFSET BIA_AC_P, BIA_DC_P, BIA_AC_Q, BIA_DC_Q, ECG1_AC, ECG2_DC GSR FIFO OFFSET GSR, ECG1_DC, ECG2_AC PPG FIFO OFFSET PPG Table 31 : FIFO Offset Data Table",snap-b2e8101b00dc6909feaed885,data/canonical/canonical_store.sqlite,block_local_digital,Digital IPOS,normal_hierarchical,DDS_STBIO1_00001199,,Digital
IPOS-ADSP-001,DDS_STBIO1_0013,can-9a9def1efaa4fe858b1a2892,DDS_STBIO1_0013,ADSP,"To move OTP signal, ADSP shall write a new value in a regbank by AHB protocol.",snap-b2e8101b00dc6909feaed885,data/canonical/canonical_store.sqlite,block_local_digital,Digital IPOS,normal_hierarchical,DDS_STBIO1_0013,,Digital
IPOS-ADSP-002,DDS_STBIO1_0014,can-5d79baed1ab0e62d60cce127,DDS_STBIO1_0014,ADSP,The BOOT routine shall starts when the OTP_BOOT bit rises and shall completes when quokka_boot_end rises. [Vpriority High],snap-b2e8101b00dc6909feaed885,data/canonical/canonical_store.sqlite,block_local_digital,Digital IPOS,normal_hierarchical,DDS_STBIO1_0014,,Digital
IPOS-ADSP-003,DDS_STBIO1_0015,can-316dfaad8b1e62cebff3bb56,DDS_STBIO1_0015,ADSP,"During OTP boot operation, the ADSP shall copy the content of the OTP memory into the OTP registers, following the procedure to access OTP memory [Vpriority High]",snap-b2e8101b00dc6909feaed885,data/canonical/canonical_store.sqlite,block_local_digital,Digital IPOS,normal_hierarchical,DDS_STBIO1_0015,,Digital
IPOS-ADSP-004,DDS_STBIO1_0016,can-758f95c73a36f7625542dc38,DDS_STBIO1_0016,ADSP,"During BOOT routine, ADSP shall first read the last location of the OTP memory, at address 0x7F. If the content is 0xFF, called “lifecycle” byte, then the READ operation proceeds from address 0 to address 0x2F; otherwise, ADSP shall not perform any further reads.",snap-b2e8101b00dc6909feaed885,data/canonical/canonical_store.sqlite,block_local_digital,Digital IPOS,normal_hierarchical,DDS_STBIO1_0016,,Digital
IPOS-ADSP-005,DDS_STBIO1_0017,can-c16361021ab5e687a5c2255d,DDS_STBIO1_0017,ADSP,"To perform a BOOT routine, OTP_BOOT bit shall be written when quokka_run is low. [Vpriority High]",snap-b2e8101b00dc6909feaed885,data/canonical/canonical_store.sqlite,block_local_digital,Digital IPOS,normal_hierarchical,DDS_STBIO1_0017,,Digital
IPOS-ADSP-006,DDS_STBIO1_0018,can-8ca1bcb4c90a862a10700c72,DDS_STBIO1_0018,ADSP,The WRITE routine shall start when OTP Write Bit rises and completes when quokka_run falls. [Vpriority High],snap-b2e8101b00dc6909feaed885,data/canonical/canonical_store.sqlite,block_local_digital,Digital IPOS,normal_hierarchical,DDS_STBIO1_0018,,Digital
IPOS-ADSP-007,DDS_STBIO1_0019,can-90df00f4d384117ee62e03e0,DDS_STBIO1_0019,ADSP,"During WRITE routine ADSP shall copy the content of the OTP regmap into the OTP memory, following the procedure to burn the fuses as expressed in the OTP datasheet [Vpriority High]",snap-b2e8101b00dc6909feaed885,data/canonical/canonical_store.sqlite,block_local_digital,Digital IPOS,normal_hierarchical,DDS_STBIO1_0019,,Digital
IPOS-ADSP-008,DDS_STBIO1_0020,can-1e2550b860acd20a7ef1f6d6,DDS_STBIO1_0020,ADSP,"During WRITE routine, ADSP shall allow copying all OTP Registers into the OTP Memory only if the location 0x24 of OTP Memory (OTP[24] in the following diagram) is not set to 0xFF.",snap-b2e8101b00dc6909feaed885,data/canonical/canonical_store.sqlite,block_local_digital,Digital IPOS,normal_hierarchical,DDS_STBIO1_0020,,Digital
IPOS-ADSP-009,DDS_STBIO1_0021,can-65e2d56d76a3d8410bf6f56c,DDS_STBIO1_0021,ADSP,"During the WRITE routine and after copying all OTP Registers into the OTP Memory, ADSP shall compare each value inside the OTP memory with the corresponding value in OTP Registers to check if the WRITE routine has been succesfull. In that case ADSP shall write 0xFF into the last location of the OTP memory.",snap-b2e8101b00dc6909feaed885,data/canonical/canonical_store.sqlite,block_local_digital,Digital IPOS,normal_hierarchical,DDS_STBIO1_0021,,Digital
IPOS-ADSP-010,DDS_STBIO1_0022,can-0c29e48c0be799f271f399ce,DDS_STBIO1_0022,ADSP,"OTP_WRITE, OTP_BOOT and OTP_TEST bits shall be cleared by ADSP at the end of their respective operation [Vpriority High]",snap-b2e8101b00dc6909feaed885,data/canonical/canonical_store.sqlite,block_local_digital,Digital IPOS,normal_hierarchical,DDS_STBIO1_0022,,Digital
IPOS-ADSP-011,DDS_STBIO1_0023,can-256c901fb91221f28794ede3,DDS_STBIO1_0023,ADSP,"A new operation shall start only when quokka_run is low, and one between OTP_TEST bit, OTP_WRITE bit or OTP_BOOT bit is written to 1 [Vpriority High]",snap-b2e8101b00dc6909feaed885,data/canonical/canonical_store.sqlite,block_local_digital,Digital IPOS,normal_hierarchical,DDS_STBIO1_0023,,Digital
IPOS-ADSP-012,DDS_STBIO1_0024,can-1a038bdd19f20acf9f941d31,DDS_STBIO1_0024,ADSP,OTP_IREF_WAKEUP shall be set to one by an external I2C/SPI to AHB write before initiating a new OTP_TEST or OTP_WRITE operation [Vpriority High],snap-b2e8101b00dc6909feaed885,data/canonical/canonical_store.sqlite,block_local_digital,Digital IPOS,normal_hierarchical,DDS_STBIO1_0024,,Digital
IPOS-ADSP-013,DDS_STBIO1_0025,can-98af65220856aa49b8153ca1,DDS_STBIO1_0025,ADSP,OTP_IREF_WAKEUP shall be setted to zero by an external I2C/SPI to AHB write at the end of OTP_TEST or OTP_WRITE operation [Vpriority High],snap-b2e8101b00dc6909feaed885,data/canonical/canonical_store.sqlite,block_local_digital,Digital IPOS,normal_hierarchical,DDS_STBIO1_0025,,Digital
IPOS-ADSP-014,DDS_STBIO1_0026,can-2a816aa343cb62dc308d8cfd,DDS_STBIO1_0026,ADSP,"After startup phase, once started with an operation, the IP shall ignore any further start incoming transactions. [Vpriority High]",snap-b2e8101b00dc6909feaed885,data/canonical/canonical_store.sqlite,block_local_digital,Digital IPOS,normal_hierarchical,DDS_STBIO1_0026,,System
IPOS-ADSP-015,DDS_STBIO1_0027,can-a58aaed7a35543e5c6eac3c2,DDS_STBIO1_0027,ADSP,The TEST routine shall start when OTP Test Bit rises and completes when quokka_run falls. [Vpriority High],snap-b2e8101b00dc6909feaed885,data/canonical/canonical_store.sqlite,block_local_digital,Digital IPOS,normal_hierarchical,DDS_STBIO1_0027,,Digital
IPOS-ADSP-016,DDS_STBIO1_0028,can-baf25bf4a84c74f86937ccc6,DDS_STBIO1_0028,ADSP,"[DDS_STBIO1_0028] Requirement: The TEST routines shall allow reading an 8-bit word on OTP of a specific address written in OTP_A register, and write this value in OTP_D_TEST register.",snap-b2e8101b00dc6909feaed885,data/canonical/canonical_store.sqlite,block_local_digital,Digital IPOS,normal_hierarchical,DDS_STBIO1_0028,,Digital
IPOS-ADSP-017,DDS_STBIO1_0033,can-b8afa8af7dd726b0626395c6,DDS_STBIO1_0033,ADSP,The Soft Reset routine shall start when SOFT_RESET Bit (in CONTROL_A register) rises and completes when quokka_run falls. [Vpriority High],snap-b2e8101b00dc6909feaed885,data/canonical/canonical_store.sqlite,block_local_digital,Digital IPOS,normal_hierarchical,DDS_STBIO1_0033,,Digital
IPOS-ADSP-018,DDS_STBIO1_0034,can-3011043a32305bd91fef7c84,DDS_STBIO1_0034,ADSP,"During the Soft Reset routine, ADSP shall write the ADSP RAM with the value 0. Only the first 3.5Kbyte of ADSP RAM shall be cleared, from address 0x000 to address 0xDFF [Vpriority High]",snap-b2e8101b00dc6909feaed885,data/canonical/canonical_store.sqlite,block_local_digital,Digital IPOS,normal_hierarchical,DDS_STBIO1_0034,,System
IPOS-ADSP-019,DDS_STBIO1_0035,can-94e9c8abc6f74b9dc4d552ec,DDS_STBIO1_0035,ADSP,"If during the start of a new operation, more than one bit is written into CONTROL_A reg in the same write operation, ADSP shall execute only the routine at higher priority and discard the others. Priority is listed below, with first routine at higher priority: 1. SOFT RESET routine 2. OTP WRITE routine 3. OTP TEST routine 4. OTP BOOT routine [Vpriority High]",snap-b2e8101b00dc6909feaed885,data/canonical/canonical_store.sqlite,block_local_digital,Digital IPOS,normal_hierarchical,DDS_STBIO1_0035,,Digital
IPOS-PMU-001,DDS_STBIO1_0104,can-f9fd4a3d69e37d4a89f2618d,DDS_STBIO1_0104,PMU,"When the device is turned on, i_POR1V2_1V2 shall be high. [TO: IPOS_PMU]",snap-b2e8101b00dc6909feaed885,data/canonical/canonical_store.sqlite,block_local_digital,Digital IPOS,normal_hierarchical,DDS_STBIO1_0104,,Digital
IPOS-PMU-002,DDS_STBIO1_0105,can-a18dd361e71d83d0a4bdf368,DDS_STBIO1_0105,PMU,"When i_POR1V2_1V2 is low, o_ EN_LDO1V8 shall be low. [TO: IPOS_PMU]",snap-b2e8101b00dc6909feaed885,data/canonical/canonical_store.sqlite,block_local_digital,Digital IPOS,normal_hierarchical,DDS_STBIO1_0105,,Digital
IPOS-PMU-003,DDS_STBIO1_0106,can-1644312b6dd1dc237b4dc99e,DDS_STBIO1_0106,PMU,"When i_POR1V2_1V2 is low, o_PD_CLKF shall be high. [TO: IPOS_PMU]",snap-b2e8101b00dc6909feaed885,data/canonical/canonical_store.sqlite,block_local_digital,Digital IPOS,normal_hierarchical,DDS_STBIO1_0106,,Digital
IPOS-PMU-004,DDS_STBIO1_0107,can-60f0746c0c0e23ae3f598744,DDS_STBIO1_0107,PMU,"When i_POR1V2_1V2 is low, o_CLK_16M_READY shall be low. [TO: IPOS_PMU]",snap-b2e8101b00dc6909feaed885,data/canonical/canonical_store.sqlite,block_local_digital,Digital IPOS,normal_hierarchical,DDS_STBIO1_0107,,Digital
IPOS-PMU-005,DDS_STBIO1_0108,can-3cbbcaadf57626466d4b9681,DDS_STBIO1_0108,PMU,"When i_POR1V2_1V2 is low, o_DIS_RC_VIREF shall be high. [TO: IPOS_PMU]",snap-b2e8101b00dc6909feaed885,data/canonical/canonical_store.sqlite,block_local_digital,Digital IPOS,normal_hierarchical,DDS_STBIO1_0108,,Digital
IPOS-PMU-006,DDS_STBIO1_0109,can-d3484f741d132d73006ee2fa,DDS_STBIO1_0109,PMU,"When i_POR1V2_1V2 rises, after at least 10 cycles of i_clk_64k (64kHz), o_ EN_LDO1V8 shall be high and the clk_64k_divided is considered stable. [TO: IPOS_PMU]",snap-b2e8101b00dc6909feaed885,data/canonical/canonical_store.sqlite,block_local_digital,Digital IPOS,normal_hierarchical,DDS_STBIO1_0109,,Digital
IPOS-PMU-007,DDS_STBIO1_0110,can-314ce4bc9bb9194407232993,DDS_STBIO1_0110,PMU,"When clk_64k_divided is stable, after at least 352 cycles of clk_64k_divided (32kHz), o_DIS_RC_VIREF shall be low. [TO: IPOS_PMU]",snap-b2e8101b00dc6909feaed885,data/canonical/canonical_store.sqlite,block_local_digital,Digital IPOS,normal_hierarchical,DDS_STBIO1_0110,,Digital
IPOS-PMU-008,DDS_STBIO1_0111,can-766ba7a9411ec51690795b75,DDS_STBIO1_0111,PMU,"When i_mask_en_ldo_pdclkf_reg and o_EN_LDO1V8 are set to 1, o_PD_CLKF shall be low after at least 40 cycles of the clk_64k_divided. [TO: IPOS_PMU]",snap-b2e8101b00dc6909feaed885,data/canonical/canonical_store.sqlite,block_local_digital,Digital IPOS,normal_hierarchical,DDS_STBIO1_0111,,Digital
IPOS-PMU-009,DDS_STBIO1_0112,can-a03a5cb7d111d296c5c9d1c7,DDS_STBIO1_0112,PMU,"When i_START_CLK_16M is high, after at least 20 cycles of i_clk_16M (16MHz), o_CLK_16M_READY shall be high. [TO: IPOS_PMU]",snap-b2e8101b00dc6909feaed885,data/canonical/canonical_store.sqlite,block_local_digital,Digital IPOS,normal_hierarchical,DDS_STBIO1_0112,,Digital
IPOS-PMU-010,DDS_STBIO1_0113,can-07bb32e51e0aa369b4192d90,DDS_STBIO1_0113,PMU,"When i_START_CLK_16M is high for the first time, after at least 20 cycles of i_clk_16M (16MHz), o_main_resetn shall be high. [TO: IPOS_PMU]",snap-b2e8101b00dc6909feaed885,data/canonical/canonical_store.sqlite,block_local_digital,Digital IPOS,normal_hierarchical,DDS_STBIO1_0113,,Digital
IPOS-PMU-011,DDS_STBIO1_0114,can-980aa45fe92a69fbf83c9c29,DDS_STBIO1_0114,PMU,"At the release of the POR signal from the analog domain, the PMU shall manage the turn-on of the LDO1V8 and starts clocks Start-Up Sequence (reported in PMU IPOS) [TO: IPOS_PMU]",snap-b2e8101b00dc6909feaed885,data/canonical/canonical_store.sqlite,block_local_digital,Digital IPOS,normal_hierarchical,DDS_STBIO1_0114,,Digital
IPOS-PMU-012,DDS_STBIO1_0115,can-047e65ead4fdd7295d0db07d,DDS_STBIO1_0115,PMU,"After At least 2 ms from the Release of the POR, the reset of the digital domain shall be de- asserted (an overlook on this part is described in the PMU IPOS) and the device shall start the Boot Phase [TO: IPOS_PMU]",snap-b2e8101b00dc6909feaed885,data/canonical/canonical_store.sqlite,block_local_digital,Digital IPOS,normal_hierarchical,DDS_STBIO1_0115,,Digital
IPOS-MAIN-CONTROLLER-001,DDS_STBIO1_0117,can-58d8c3a224e79984668634d4,DDS_STBIO1_0117,Main Controller,"During the Configuration Phase (IDLE STATE of the Device_FSM), the user shall be able to: • Configure Bio-Channel or Optical Channel, the ADC Calibration and then Start a measurement cycle. • Put the device in Debug-Mode. [TO: IPOS_MAIN_CTRL]",snap-b2e8101b00dc6909feaed885,data/canonical/canonical_store.sqlite,block_local_digital,Digital IPOS,normal_hierarchical,DDS_STBIO1_0117,,Digital
IPOS-MAIN-CONTROLLER-002,DDS_STBIO1_0118,can-f6fab338253fd94b85d08cd6,DDS_STBIO1_0118,Main Controller,• The user shall configure time slot duration in DEVICE_CONFIG_OPERATION register [4:2] [TO: IPOS_MAIN_CTRL],snap-b2e8101b00dc6909feaed885,data/canonical/canonical_store.sqlite,block_local_digital,Digital IPOS,normal_hierarchical,DDS_STBIO1_0118,,Digital
IPOS-MAIN-CONTROLLER-003,DDS_STBIO1_0119,can-d68e21c61b065a0653e24953,DDS_STBIO1_0119,Main Controller,"• The user shall select active channel, in this case only ECG0_SEL and DS_SEL (Data Storage Mode) in DEVICE_CONFIG_CHANNEL register writing 0x21. [TO: IPOS_MAIN_CTRL]",snap-b2e8101b00dc6909feaed885,data/canonical/canonical_store.sqlite,block_local_digital,Digital IPOS,normal_hierarchical,DDS_STBIO1_0119,,Digital
IPOS-MAIN-CONTROLLER-004,DDS_STBIO1_0120,can-c9aac70cc7318f4b7c510b6f,DDS_STBIO1_0120,Main Controller,"• The user shall select a division index for ECG, configuring M_ECG_l and M_ECG_h in SET_ECG_FREQ_l register and SET_ECG_FREQ_h register. [TO: IPOS_MAIN_CTRL]",snap-b2e8101b00dc6909feaed885,data/canonical/canonical_store.sqlite,block_local_digital,Digital IPOS,normal_hierarchical,DDS_STBIO1_0120,,Digital
IPOS-MAIN-CONTROLLER-005,DDS_STBIO1_0121,can-501e12e3d8739b6d68ec5464,DDS_STBIO1_0121,Main Controller,• The user shall set the number of clocks for sampling ECG data from ADC in ADC_CONFIG_ECG register. [TO: IPOS_MAIN_CTRL],snap-b2e8101b00dc6909feaed885,data/canonical/canonical_store.sqlite,block_local_digital,Digital IPOS,normal_hierarchical,DDS_STBIO1_0121,,Digital
IPOS-MAIN-CONTROLLER-006,DDS_STBIO1_0122,can-3bae0ae1e8b8533a936dde57,DDS_STBIO1_0122,Main Controller,• The User shall set at 1 HC_EN in ECG_CTRL register. [TO: IPOS_MAIN_CTRL],snap-b2e8101b00dc6909feaed885,data/canonical/canonical_store.sqlite,block_local_digital,Digital IPOS,normal_hierarchical,DDS_STBIO1_0122,,Digital
IPOS-MAIN-CONTROLLER-007,DDS_STBIO1_0123,can-184ef9c0697dfa93efc39975,DDS_STBIO1_0123,Main Controller,• The user shall start measurement writing register DEVICE_CONFIG_OPERATION [0] at 1. [TO: IPOS_MAIN_CTRL],snap-b2e8101b00dc6909feaed885,data/canonical/canonical_store.sqlite,block_local_digital,Digital IPOS,normal_hierarchical,DDS_STBIO1_0123,,Digital
IPOS-MAIN-CONTROLLER-008,DDS_STBIO1_0124,can-6060cfc365863a4a95460609,DDS_STBIO1_0124,Main Controller,• To check data in unique FIFO (default config) the user shall check the first MSB which will have to be equal to the table in DATA TAG Table. [TO: IPOS_MAIN_CTRL],snap-b2e8101b00dc6909feaed885,data/canonical/canonical_store.sqlite,block_local_digital,Digital IPOS,normal_hierarchical,DDS_STBIO1_0124,,Digital
IPOS-MAIN-CONTROLLER-009,DDS_STBIO1_0125,can-b05bffb2417fd0caa6e242ec,DDS_STBIO1_0125,Main Controller,[DDS_STBIO1_0125] Requirement: • The user shall configure the time slot duration in DEVICE_CONFIG_OPERATION register [4:2].,snap-b2e8101b00dc6909feaed885,data/canonical/canonical_store.sqlite,block_local_digital,Digital IPOS,normal_hierarchical,DDS_STBIO1_0125,,Digital
IPOS-MAIN-CONTROLLER-010,DDS_STBIO1_0126,can-268ac1375aa05a6ecc0ee5b3,DDS_STBIO1_0126,Main Controller,"• The user shall select active channel, in this case ECG0_SEL, BIA_SEL and DS_SEL (Data Storage Mode) in DEVICE_CONFIG_CHANNEL writing 0x23. [TO: IPOS_MAIN_CTRL]",snap-b2e8101b00dc6909feaed885,data/canonical/canonical_store.sqlite,block_local_digital,Digital IPOS,normal_hierarchical,DDS_STBIO1_0126,,Digital
IPOS-MAIN-CONTROLLER-011,DDS_STBIO1_0127,can-53504fafc6f434771ea7efb2,DDS_STBIO1_0127,Main Controller,"• The user shall select a division index for ECG, configuring M_ECG_l and M_ECG_h in SET_ECG_FREQ_l register and SET_ECG_FREQ_h register. [TO: IPOS_MAIN_CTRL]",snap-b2e8101b00dc6909feaed885,data/canonical/canonical_store.sqlite,block_local_digital,Digital IPOS,normal_hierarchical,DDS_STBIO1_0127,,Digital
IPOS-MAIN-CONTROLLER-012,DDS_STBIO1_0128,can-599e1a3661a8207297bbb681,DDS_STBIO1_0128,Main Controller,"• The user shall select a division index for ECG, configuring M_BIA_l and M_BIA_h in SET_BIA_FREQ_l register and SET_BIA_FREQ_h register. [TO: IPOS_MAIN_CTRL]",snap-b2e8101b00dc6909feaed885,data/canonical/canonical_store.sqlite,block_local_digital,Digital IPOS,normal_hierarchical,DDS_STBIO1_0128,,Digital
IPOS-MAIN-CONTROLLER-013,DDS_STBIO1_0129,can-cb0d1215ae5c5870333e5e73,DDS_STBIO1_0129,Main Controller,• The user shall set number of clocks for sampling ECG and BIA data from ADC in ADC_CONFIG_ECG register. [TO: IPOS_MAIN_CTRL],snap-b2e8101b00dc6909feaed885,data/canonical/canonical_store.sqlite,block_local_digital,Digital IPOS,normal_hierarchical,DDS_STBIO1_0129,,Digital
IPOS-MAIN-CONTROLLER-014,DDS_STBIO1_0130,can-b1899e3fda3be11be26f16b9,DDS_STBIO1_0130,Main Controller,• The user shall set at 1 HC_EN in ECG_CTRL register. [TO: IPOS_MAIN_CTRL],snap-b2e8101b00dc6909feaed885,data/canonical/canonical_store.sqlite,block_local_digital,Digital IPOS,normal_hierarchical,DDS_STBIO1_0130,,Digital
IPOS-MAIN-CONTROLLER-015,DDS_STBIO1_0140,can-e8d3d55301322dd07a59d515,DDS_STBIO1_0140,Main Controller,• The user shall set at 1 IMP_EN in IMP_CTRL register. [TO: IPOS_MAIN_CTRL],snap-b2e8101b00dc6909feaed885,data/canonical/canonical_store.sqlite,block_local_digital,Digital IPOS,normal_hierarchical,DDS_STBIO1_0140,,Digital
IPOS-PMU-013,DDS_STBIO1_1020,can-f29301b42fcd2eeb29afaed2,DDS_STBIO1_1020,PMU,"The stbio1_top.clk_16m signal shall be connected to the stbio1_top.dig_wrapper_LV.u_pmu.clk_16m signal, with frequency 16 MHz and without clock gating.",snap-b2e8101b00dc6909feaed885,data/canonical/canonical_store.sqlite,block_local_digital,Digital IPOS,normal_hierarchical,DDS_STBIO1_1020,,Digital
IPOS-PMU-014,DDS_STBIO1_1021,can-9b2ef39791c8e2d72094f61f,DDS_STBIO1_1021,PMU,"The stbio1_top.clk_64k signal shall be connected to the stbio1_top.dig_wrapper_LV.u_pmu.clk_64k signal, with frequency 64 kHz and without clock gating.",snap-b2e8101b00dc6909feaed885,data/canonical/canonical_store.sqlite,block_local_digital,Digital IPOS,normal_hierarchical,DDS_STBIO1_1021,,Digital
IPOS-PMU-015,DDS_STBIO1_1022,can-6bf77de6990d1b08f8f17517,DDS_STBIO1_1022,PMU,"The stbio1_top.dig_wrapper_LV.u_pmu.clk_16m_dft signal shall be connected to the stbio1_top.dig_wrapper_LV.u_ADSP.stmc_clk signal, with frequency 16 MHz and with clock gating stbio1_top.dig_wrapper_LV.u_pm u.adsp_run | stbio1_top.dig_wrapper_LV.u_pm u.all_test_mode | ~stbio1_top.dig_wrapper_LV.u_p ad_mux.scan_enable.",snap-b2e8101b00dc6909feaed885,data/canonical/canonical_store.sqlite,block_local_digital,Digital IPOS,normal_hierarchical,DDS_STBIO1_1022,,Digital
IPOS-PMU-016,DDS_STBIO1_1023,can-13fc09f442e979866b8c09bd,DDS_STBIO1_1023,PMU,"The stbio1_top.dig_wrapper_LV.u_pmu.w_sh_clk signal shall be connected to the stbio1_top.dig_wrapper_LV.u_masterblaze_ahb.sys_clk signal, with frequency 16 MHz and with clock gating stbio1_top.dig_wrapper_LV.u_pm u.i_en_sh_clk | stbio1_top.dig_wrapper_LV.u_pm u.all_test_mode | ~stbio1_top.dig_wrapper_LV.u_p ad_mux.scan_enable.",snap-b2e8101b00dc6909feaed885,data/canonical/canonical_store.sqlite,block_local_digital,Digital IPOS,normal_hierarchical,DDS_STBIO1_1023,,Digital
IPOS-PMU-017,DDS_STBIO1_1024,can-1356ccc15bd29a19992fd32a,DDS_STBIO1_1024,PMU,"The stbio1_top.dig_wrapper_LV.u_pmu.clk_16m_dft signal shall be connected to the stbio1_top.dig_wrapper_LV.u_xbar_afe.hclk signal, with frequency 16 MHz and with clock gating stbio1_top.dig_wrapper_LV.u_pm u.clk_xbar_en | stbio1_top.dig_wrapper_LV.u_pm u.all_test_mode | ~stbio1_top.dig_wrapper_LV.u_p ad_mux.scan_enable.",snap-b2e8101b00dc6909feaed885,data/canonical/canonical_store.sqlite,block_local_digital,Digital IPOS,normal_hierarchical,DDS_STBIO1_1024,,Digital
IPOS-PMU-018,DDS_STBIO1_1025,can-4497912b07b1f760a1e7586b,DDS_STBIO1_1025,PMU,"The u_stbio1_top.u_pmu.u_device_startup.tst_clk_32k signal shall be connected to the stbio1_top.dig_wrapper_LV.tst_clk_32k signal, with frequency 32 kHz and without clock gating.",snap-b2e8101b00dc6909feaed885,data/canonical/canonical_store.sqlite,block_local_digital,Digital IPOS,normal_hierarchical,DDS_STBIO1_1025,,Digital
IPOS-PMU-019,DDS_STBIO1_1026,can-bfc3384ab27727b15110c13c,DDS_STBIO1_1026,PMU,"The stbio1_top.dig_wrapper_LV.u_pmu.tst_clk_16m signal shall be connected to the stbio1_top.dig_wrapper_LV.u_main_controller_top.i_clk_16MHz signal, with frequency 16 MHz and with clock gating stbio1_top.dig_wrapper_LV.u_pm u.i_en_clk_16MHz_sleep | stbio1_top.dig_wrapper_LV.u_pm u.scan_mode | ~stbio1_top.dig_wrapper_LV.u_p ad_mux.scan_enable.",snap-b2e8101b00dc6909feaed885,data/canonical/canonical_store.sqlite,block_local_digital,Digital IPOS,normal_hierarchical,DDS_STBIO1_1026,,Digital
IPOS-PMU-020,DDS_STBIO1_1027,can-f27f66b88aef11c38453a14c,DDS_STBIO1_1027,PMU,"The stbio1_top.dig_wrapper_LV.u_pmu.tst_clk_32k signal shall be connected to the stbio1_top.dig_wrapper_LV.u_main_controller_top.i_clk_32kHz signal, with frequency 32 kHz and without clock gating.",snap-b2e8101b00dc6909feaed885,data/canonical/canonical_store.sqlite,block_local_digital,Digital IPOS,normal_hierarchical,DDS_STBIO1_1027,,Digital
IPOS-PMU-021,DDS_STBIO1_1050,can-6e3e9b7a5409e04627682585,DDS_STBIO1_1050,PMU,The u_stbio1_top.dig_wrapper_LV.u_p signal shall be connected to the mu.resetn_stmcu_stbio1_top.dig_wrapper_LV.u_ADSP.HRESETn signal.,snap-b2e8101b00dc6909feaed885,data/canonical/canonical_store.sqlite,block_local_digital,Digital IPOS,normal_hierarchical,DDS_STBIO1_1050,,Digital
IPOS-PMU-022,DDS_STBIO1_1051,can-8187d5c028503bd2e74aa1b9,DDS_STBIO1_1051,PMU,The u_stbio1_top.dig_wrapper_LV.u_p signal shall be connected to the mu.resetn_masterblazeu_stbio1_top.dig_wrapper_LV.u_masterblaze_ahb.HRESETn signal.,snap-b2e8101b00dc6909feaed885,data/canonical/canonical_store.sqlite,block_local_digital,Digital IPOS,normal_hierarchical,DDS_STBIO1_1051,,Digital
IPOS-PMU-023,DDS_STBIO1_1052,can-5d789e79995006c8373e6d50,DDS_STBIO1_1052,PMU,The u_stbio1_top.dig_wrapper_LV.u_p signal shall be connected to the mu.resetn_regmapu_stbio1_top.dig_wrapper_LV.u_regmap_otp.hresetn signal.,snap-b2e8101b00dc6909feaed885,data/canonical/canonical_store.sqlite,block_local_digital,Digital IPOS,normal_hierarchical,DDS_STBIO1_1052,,Digital
IPOS-PMU-024,DDS_STBIO1_1053,can-507880c777265ec8d43ccfde,DDS_STBIO1_1053,PMU,The u_stbio1_top.dig_wrapper_LV.u_p signal shall be connected to the mu.resetn_fifou_stbio1_top.dig_wrapper_LV.u_multi_channel_fifo_top.HRESETn signal.,snap-b2e8101b00dc6909feaed885,data/canonical/canonical_store.sqlite,block_local_digital,Digital IPOS,normal_hierarchical,DDS_STBIO1_1053,,Digital
IPOS-PMU-025,DDS_STBIO1_1054,can-b1df3f5383a14e3699e23a5b,DDS_STBIO1_1054,PMU,The u_stbio1_top.dig_wrapper_LV.u_p signal shall be connected to the mu.resetn_main_ctrlu_stbio1_top.dig_wrapper_LV.u_main_controller_top.i_rstn signal.,snap-b2e8101b00dc6909feaed885,data/canonical/canonical_store.sqlite,block_local_digital,Digital IPOS,normal_hierarchical,DDS_STBIO1_1054,,Digital
IPOS-PMU-026,DDS_STBIO1_2024,can-6e71de6b330b3e68745e473b,DDS_STBIO1_2024,PMU,"The stbio1_top.dig_wrapper_LV.u_pmuclk_xbar signal shall be connected to the stbio1_top.dig_wrapper_LV.u.fifo.HCLK signal, with frequency 16 MHz and with clock gating stbio1_top.dig_wrapper_LV.u_pm u.clk_en_m2 | stbio1_top.dig_wrapper_LV.u_pm u.all_test_mode | stbio1_top.dig_wrapper_LV.u_pm u.clk_en_m2_reg | ~stbio1_top.dig_wrapper_LV.u_p ad_mux.scan_enable.",snap-b2e8101b00dc6909feaed885,data/canonical/canonical_store.sqlite,block_local_digital,Digital IPOS,normal_hierarchical,DDS_STBIO1_2024,,Digital
IPOS-PMU-027,DDS_STBIO1_2025,can-99aa26278bf22c0b6f0be2ab,DDS_STBIO1_2025,PMU,"The stbio1_top.dig_wrapper_LV.u_pmu.clk_stredl signal shall be connected to the stbio1_top.dig_wrapper_LV.u_ispu.clk signal, with frequency 16 MHz and without clock gating.",snap-b2e8101b00dc6909feaed885,data/canonical/canonical_store.sqlite,block_local_digital,Digital IPOS,normal_hierarchical,DDS_STBIO1_2025,,Digital
IPOS-PMU-028,DDS_STBIO1_2026,can-3768a6f03b717617e0f5a13d,DDS_STBIO1_2026,PMU,"The stbio1_top.dig_wrapper_LV.u_pmu.clk_xbar signal shall be connected to the stbio1_top.dig_wrapper_LV.u_regmap_otp.hclk signal, with frequency 16 MHz and with clock gating stbio1_top.dig_wrapper_LV.u_pm u.clk_en_m3 | stbio1_top.dig_wrapper_LV.u_pm u.all_test_mode | stbio1_top.dig_wrapper_LV.u_pm u.clk_en_m3_reg | stbio1_top.dig_wrapper_LV.u_pm u.clk_en_s3 | ~stbio1_top.dig_wrapper_LV.u_p ad_mux.scan_enable.",snap-b2e8101b00dc6909feaed885,data/canonical/canonical_store.sqlite,block_local_digital,Digital IPOS,normal_hierarchical,DDS_STBIO1_2026,,Digital
IPOS-PMU-029,DDS_STBIO1_2052,can-501a10252b5fa53c09954e07,DDS_STBIO1_2052,PMU,The stbio1_top.dig_wrapper_LV.u_pmu. signal shall be connected to the u_device_startup.u_por_main_resetn.RST_N_FF[0]u_stbio1_top.dig_wrapper_LV.u_xbar_afe.hresetn signal.,snap-b2e8101b00dc6909feaed885,data/canonical/canonical_store.sqlite,block_local_digital,Digital IPOS,normal_hierarchical,DDS_STBIO1_2052,,Digital
IPOS-PMU-030,DDS_STBIO1_2053,can-bb06d43f0745d8e1f6aacc73,DDS_STBIO1_2053,PMU,The u_stbio1_top.dig_wrapper_LV.u_p signal shall be connected to the mu.resetn_regmapu_stbio1_top.dig_wrapper_LV.u_ispu.main_rst_n signal.,snap-b2e8101b00dc6909feaed885,data/canonical/canonical_store.sqlite,block_local_digital,Digital IPOS,normal_hierarchical,DDS_STBIO1_2053,,Digital
IPOS-PMU-031,DDS_STBIO1_2054,can-0df404af71cc055745eff35a,DDS_STBIO1_2054,PMU,The u_stbio1_top.dig_wrapper_LV.u_p signal shall be connected to the mu.resetn_32k_main_ctrlu_stbio1_top.dig_wrapper_LV.u_main_controller_top.i_rstn_sync_32 signal.,snap-b2e8101b00dc6909feaed885,data/canonical/canonical_store.sqlite,block_local_digital,Digital IPOS,normal_hierarchical,DDS_STBIO1_2054,,Digital
IPOS-REGMAP-001,DDS_STBIO1_3000,can-bcd797bf0b8f23e9eb9831aa,DDS_STBIO1_3000,Regmap,"132 **Update-IR** Run-Test/Idle Select-DR-Scan 13.4. STBIO1 Register Map 13.4.1. STBIO1 Register Map Here is described the list of registers in the register map. The AFE_BLOCK registers are accessible by I2C/SPI direct access and AHB interface, while the others are only by AHB. The I2C/SPI direct access mode is done by the HOST INTF port (I2C/SPI AHB) and the address of the AFE_BLOCK registers are arranged in 4 pages of 64 registers. BASE START ADDRESS ADDRESS BLOCK REGISTER WIDTH BASE END ADDRE VREF_TRIM SS RESET REQ_ID 0xC8000 AFE_BLOCK 8 0xC80EB tst_main_reset_n, regmap_sw_resetn",snap-b2e8101b00dc6909feaed885,data/canonical/canonical_store.sqlite,block_local_digital,Digital IPOS,normal_hierarchical,DDS_STBIO1_3000,,Digital
IPOS-REGMAP-002,DDS_STBIO1_3001,can-5b3284fea4bebc5f1678ede1,DDS_STBIO1_3001,Regmap,"0xC80EC RESERVED 0xC8FFF tst_main_reset_n, regmap_sw_resetn",snap-b2e8101b00dc6909feaed885,data/canonical/canonical_store.sqlite,block_local_digital,Digital IPOS,normal_hierarchical,DDS_STBIO1_3001,,System
IPOS-REGMAP-003,DDS_STBIO1_3002,can-5719de43e637242a763f5341,DDS_STBIO1_3002,Regmap,0xC9000 OTP REGISTER 8 0xC902C tst_main_reset_n,snap-b2e8101b00dc6909feaed885,data/canonical/canonical_store.sqlite,block_local_digital,Digital IPOS,normal_hierarchical,DDS_STBIO1_3002,,Digital
IPOS-REGMAP-004,DDS_STBIO1_3003,can-68a4777ec63752e67a90f879,DDS_STBIO1_3003,Regmap,"0xC9030 RESERVED 0xC9FFF tst_main_reset_n, regmap_sw_resetn",snap-b2e8101b00dc6909feaed885,data/canonical/canonical_store.sqlite,block_local_digital,Digital IPOS,normal_hierarchical,DDS_STBIO1_3003,,System
IPOS-REGMAP-005,DDS_STBIO1_3004,can-013c2830148d41b58be626d6,DDS_STBIO1_3004,Regmap,"0xCA000 SYSTEM_REGISTER 32 0xCA140 tst_main_reset_n, regmap_sw_resetn",snap-b2e8101b00dc6909feaed885,data/canonical/canonical_store.sqlite,block_local_digital,Digital IPOS,normal_hierarchical,DDS_STBIO1_3004,,Digital
IPOS-REGMAP-006,DDS_STBIO1_3005,can-68a05065faaeeb8388261470,DDS_STBIO1_3005,Regmap,"0xCA144 RESERVED 0xCCFFF tst_main_reset_n, regmap_sw_resetn",snap-b2e8101b00dc6909feaed885,data/canonical/canonical_store.sqlite,block_local_digital,Digital IPOS,normal_hierarchical,DDS_STBIO1_3005,,System
IPOS-REGMAP-007,DDS_STBIO1_3006,can-3fdee30dd79a9fe013cf61d9,DDS_STBIO1_3006,Regmap,"0xCD000 OTP (TRIMM REGS) 32 0xCD02F tst_main_reset_n, regmap_sw_resetn",snap-b2e8101b00dc6909feaed885,data/canonical/canonical_store.sqlite,block_local_digital,Digital IPOS,normal_hierarchical,DDS_STBIO1_3006,,Digital
IPOS-PAD-MUX-001,DDS_STBIO1_302,can-16c650eaa55cda81824c205a,DDS_STBIO1_302,PAD MUX,[DDS_STBIO1_302] Requirement If MODE_CONFIG register is 0x00 the operative mode shall be functional.,snap-b2e8101b00dc6909feaed885,data/canonical/canonical_store.sqlite,block_local_digital,Digital IPOS,normal_hierarchical,DDS_STBIO1_302,,System
IPOS-PAD-MUX-002,DDS_STBIO1_303,can-cf4d3c9684112c88e6ae839c,DDS_STBIO1_303,PAD MUX,[DDS_STBIO1_303] Requirement If MODE_CONFIG register is 0x01 the operative mode shall be SCAN.,snap-b2e8101b00dc6909feaed885,data/canonical/canonical_store.sqlite,block_local_digital,Digital IPOS,normal_hierarchical,DDS_STBIO1_303,,System
IPOS-PAD-MUX-003,DDS_STBIO1_304,can-f823e63ed4e36ca44ca3eb03,DDS_STBIO1_304,PAD MUX,[DDS_STBIO1_304] Requirement If MODE_CONFIG register is 0x04 the operative mode shall be BIST.,snap-b2e8101b00dc6909feaed885,data/canonical/canonical_store.sqlite,block_local_digital,Digital IPOS,normal_hierarchical,DDS_STBIO1_304,,System
IPOS-PAD-MUX-004,DDS_STBIO1_305,can-e1afae6c787471b97ad02324,DDS_STBIO1_305,PAD MUX,[DDS_STBIO1_305] Requirement If MODE_CONFIG register is 0x08 the operative mode shall be DEBUG.,snap-b2e8101b00dc6909feaed885,data/canonical/canonical_store.sqlite,block_local_digital,Digital IPOS,normal_hierarchical,DDS_STBIO1_305,,System
IPOS-PAD-MUX-005,DDS_STBIO1_306,can-47eaeb4c33683ded3e43cc57,DDS_STBIO1_306,PAD MUX,[DDS_STBIO1_306] Requirement If MODE_CONFIG register is 0x10 the operative mode shall be ISPU_DEBUG.,snap-b2e8101b00dc6909feaed885,data/canonical/canonical_store.sqlite,block_local_digital,Digital IPOS,normal_hierarchical,DDS_STBIO1_306,,System
IPOS-PAD-MUX-006,DDS_STBIO1_307,can-bfd706c316058124cc8c1564,DDS_STBIO1_307,PAD MUX,[DDS_STBIO1_307] Requirement If MODE_CONFIG register is 0x20 the operative mode shall be Bist MEMSAFE mode.,snap-b2e8101b00dc6909feaed885,data/canonical/canonical_store.sqlite,block_local_digital,Digital IPOS,normal_hierarchical,DDS_STBIO1_307,,System
IPOS-PAD-MUX-007,DDS_STBIO1_308,can-895eccbd2ecf8669d398d12d,DDS_STBIO1_308,PAD MUX,[DDS_STBIO1_308] Requirement If MODE_CONFIG register is 0x40 the operative mode shall be Bist Bypass mode.,snap-b2e8101b00dc6909feaed885,data/canonical/canonical_store.sqlite,block_local_digital,Digital IPOS,normal_hierarchical,DDS_STBIO1_308,,System
IPOS-PAD-MUX-008,DDS_STBIO1_309,can-b1e71e68ac2e0f915ccbca30,DDS_STBIO1_309,PAD MUX,"In function mode, the GPIO1,2,3,4_out shall be irq_fifo if sel irq gpio1,2,3,4 is 0x01 and ext_cap_en is “0” [Vpriority High]",snap-b2e8101b00dc6909feaed885,data/canonical/canonical_store.sqlite,block_local_digital,Digital IPOS,normal_hierarchical,DDS_STBIO1_309,,Digital
IPOS-PAD-MUX-009,DDS_STBIO1_310,can-7fbe2bfd5d06a9879f9fee93,DDS_STBIO1_310,PAD MUX,"In function mode, the GPIO1,2,3,4_out shall be i_LED_Pilot if sel irq gpi1,2,3,4 is 0x02 and ext_cap_en is “0” [Vpriority High]",snap-b2e8101b00dc6909feaed885,data/canonical/canonical_store.sqlite,block_local_digital,Digital IPOS,normal_hierarchical,DDS_STBIO1_310,,System
IPOS-PAD-MUX-010,DDS_STBIO1_311,can-fd35b8337967f20f650816c5,DDS_STBIO1_311,PAD MUX,"In function mode, the GPIO1,2,3,4_out shall be i_DCCK_irq if sel irq gpi1,2,3,4 is 0x03 and ext_cap_en is “0” [Vpriority High]",snap-b2e8101b00dc6909feaed885,data/canonical/canonical_store.sqlite,block_local_digital,Digital IPOS,normal_hierarchical,DDS_STBIO1_311,,System
IPOS-PAD-MUX-011,DDS_STBIO1_312,can-6f1afb5be301737cc8e323af,DDS_STBIO1_312,PAD MUX,"In function mode, the GPIO1,2,3,4 output shall be i_error_time_slot if sel irq gpi1,2,3,4 is 0x04 and ext_cap_en is “0” [Vpriority High]",snap-b2e8101b00dc6909feaed885,data/canonical/canonical_store.sqlite,block_local_digital,Digital IPOS,normal_hierarchical,DDS_STBIO1_312,,System
IPOS-PAD-MUX-012,DDS_STBIO1_313,can-24621fb7891bbd12c2b7b193,DDS_STBIO1_313,PAD MUX,"In function mode, the GPIO1,2,3,4 output shall be i_time_slot_irq if sel irq gpi1,2,3,4 is 0x05 and ext_cap_en is “0” [Vpriority High]",snap-b2e8101b00dc6909feaed885,data/canonical/canonical_store.sqlite,block_local_digital,Digital IPOS,normal_hierarchical,DDS_STBIO1_313,,System
IPOS-PAD-MUX-013,DDS_STBIO1_314,can-af88c5b7d0dcd142923a3a13,DDS_STBIO1_314,PAD MUX,"In function mode, the GPIO1,2,3,4_out shall be General-Purpose if sel irq gpi1,2,3,4 is 0x00 and ext_cap_en is “0” [Vpriority High]",snap-b2e8101b00dc6909feaed885,data/canonical/canonical_store.sqlite,block_local_digital,Digital IPOS,normal_hierarchical,DDS_STBIO1_314,,System
IPOS-PAD-MUX-014,DDS_STBIO1_392,can-f7f2903ea59d270d9f6a9c3a,DDS_STBIO1_392,PAD MUX,"If O_DCCK_P_i changes its value from '0' to '1' and DCCK_IRQ_MASK is set to '1', then irq_DCCK_IRQ_ST, output of u_regmap_otp, shall be set to '1'",snap-b2e8101b00dc6909feaed885,data/canonical/canonical_store.sqlite,block_local_digital,Digital IPOS,normal_hierarchical,DDS_STBIO1_392,,Digital
IPOS-PAD-MUX-015,DDS_STBIO1_393,can-21bfd30487293fd1e47fdceb,DDS_STBIO1_393,PAD MUX,"If O_DCCK_N_i changes its value from '0' to '1' and DCCK_IRQ_MASK is set to '1', then irq_DCCK_IRQ_ST, output of u_regmap_otp, shall be set to '1'",snap-b2e8101b00dc6909feaed885,data/canonical/canonical_store.sqlite,block_local_digital,Digital IPOS,normal_hierarchical,DDS_STBIO1_393,,Digital
IPOS-PAD-MUX-016,DDS_STBIO1_394,can-1f99f5d688f4a609415cb0b2,DDS_STBIO1_394,PAD MUX,"If O_DCCK_P_i changes its value from '1' to '0' and DCCK_IRQ_MASK is set to '1', then irq_DCCK_IRQ_ST, output of u_regmap_otp, shall be set to '1'",snap-b2e8101b00dc6909feaed885,data/canonical/canonical_store.sqlite,block_local_digital,Digital IPOS,normal_hierarchical,DDS_STBIO1_394,,Digital
IPOS-PAD-MUX-017,DDS_STBIO1_395,can-3c03d3618c54fb54421024a5,DDS_STBIO1_395,PAD MUX,"The DCC feature consists of two stages that detect whether one of six electrode inputs is in the range 0 to 1.5V; thresholds have a 100mV step, and continuous current from 25nA to 200nA flows from the stages into the electrodes.",snap-b2e8101b00dc6909feaed885,data/canonical/canonical_store.sqlite,block_local_digital,Digital IPOS,normal_hierarchical,DDS_STBIO1_395,,Analog
IPOS-REGMAP-008,DDS_STBIO1_4000,can-b3775c3268af0d7e5f0199a5,DDS_STBIO1_4000,Regmap,"[DDS_STBIO1_4000] Requirement: Write enable for each OTP REGISTER shall be 0, in functional mode, if bit 31 of OTP_PRG10 is set 1.",snap-b2e8101b00dc6909feaed885,data/canonical/canonical_store.sqlite,block_local_digital,Digital IPOS,normal_hierarchical,DDS_STBIO1_4000,,Digital
IPOS-I2C-SPI-AHB-001,DDS_STBIO1_8000,can-90af2d4a3144ff506498ec14,DDS_STBIO1_8000,I2C_SPI_AHB,"[DDS_STBIO1_8000] Requirement: I2C interface shall support all the specified modalities (Standard, FM, FM+) and, if configured, HS is also supported.",snap-b2e8101b00dc6909feaed885,data/canonical/canonical_store.sqlite,block_local_digital,Digital IPOS,normal_hierarchical,DDS_STBIO1_8000,,Digital
IPOS-I2C-SPI-AHB-002,DDS_STBIO1_8001,can-c086c1fcf26ce59dfb026fec,DDS_STBIO1_8001,I2C_SPI_AHB,Clock frequency ratio between system (AHB) and I2C/SPI interfaces domains shall be at least 2 times. [TO: IPOS_I2C_SPI_AHB_0006] [Vpriority High],snap-b2e8101b00dc6909feaed885,data/canonical/canonical_store.sqlite,block_local_digital,Digital IPOS,normal_hierarchical,DDS_STBIO1_8001,,Digital
IPOS-I2C-SPI-AHB-003,DDS_STBIO1_8002,can-e52593fea3f0ca58ed078619,DDS_STBIO1_8002,I2C_SPI_AHB,The IP has a serial interface (I2C or SPI) and a parallel bus interface AHB. [TO: IPOS_I2C_SPI_AHB_0007],snap-b2e8101b00dc6909feaed885,data/canonical/canonical_store.sqlite,block_local_digital,Digital IPOS,normal_hierarchical,DDS_STBIO1_8002,,Digital
IPOS-I2C-SPI-AHB-004,DDS_STBIO1_8003,can-0398f0e0a389336d27679a69,DDS_STBIO1_8003,I2C_SPI_AHB,"An I2C/SPI write access to the address 0x60-0x67 shall be translated in an AHB write access to the configured AHB address (contained in registers SAM_ADDR_BYTE0/1/2/3, address 0x50/0x51/0x52/0x53). [TO: IPOS_I2C_SPI_AHB_0009] [Vpriority High]",snap-b2e8101b00dc6909feaed885,data/canonical/canonical_store.sqlite,block_local_digital,Digital IPOS,normal_hierarchical,DDS_STBIO1_8003,,Digital
IPOS-I2C-SPI-AHB-005,DDS_STBIO1_8004,can-6e8fd049dc593e047106c3cf,DDS_STBIO1_8004,I2C_SPI_AHB,A double byte write access to the address 0x68-0x6f (with data that is the number of bytes that the master wants to read) shall start the data preload from AHB in order to have the internal fifo not empty when the read request will be done by the master. [TO: IPOS_I2C_SPI_AHB_0010] [Vpriority High],snap-b2e8101b00dc6909feaed885,data/canonical/canonical_store.sqlite,block_local_digital,Digital IPOS,normal_hierarchical,DDS_STBIO1_8004,,Digital
IPOS-I2C-SPI-AHB-006,DDS_STBIO1_8005,can-6eb5488a76af8a53b78b3bbd,DDS_STBIO1_8005,I2C_SPI_AHB,"An I2C/SPI read access to the address 0x70-0x7f shall be translated in an AHB read access to the configured AHB address (contained in registers SAM_ADDR_BYTE0/1/2/3, address 0x50/0x51/0x52/0x53). [TO: IPOS_I2C_SPI_AHB_0011] [Vpriority High]",snap-b2e8101b00dc6909feaed885,data/canonical/canonical_store.sqlite,block_local_digital,Digital IPOS,normal_hierarchical,DDS_STBIO1_8005,,Digital
IPOS-I2C-SPI-AHB-007,DDS_STBIO1_8006,can-fb05b9101d419b7273c9c47d,DDS_STBIO1_8006,I2C_SPI_AHB,"On AHB interface, data size shall be limited to BYTE and WORD. [TO: IPOS_I2C_SPI_AHB_0361]",snap-b2e8101b00dc6909feaed885,data/canonical/canonical_store.sqlite,block_local_digital,Digital IPOS,normal_hierarchical,DDS_STBIO1_8006,,Digital
IPOS-I2C-SPI-AHB-008,DDS_STBIO1_8007,can-2b59aec4d98fc09dce7f28fa,DDS_STBIO1_8007,I2C_SPI_AHB,"On AHB interface, BURST shall not be supported as well as LOCKED transfers. [TO: IPOS_I2C_SPI_AHB_0362]",snap-b2e8101b00dc6909feaed885,data/canonical/canonical_store.sqlite,block_local_digital,Digital IPOS,normal_hierarchical,DDS_STBIO1_8007,,Digital
IPOS-I2C-SPI-AHB-009,DDS_STBIO1_8100,can-a400e6a759e97fda9d16f0f5,DDS_STBIO1_8100,I2C_SPI_AHB,CONNECTION fifo_dpt 8 FIFO depth. Suggested val 8,snap-b2e8101b00dc6909feaed885,data/canonical/canonical_store.sqlite,block_local_digital,Digital IPOS,normal_hierarchical,DDS_STBIO1_8100,,Digital
IPOS-I2C-SPI-AHB-010,DDS_STBIO1_8101,can-c3c0e99ebde9e8b80352d6c3,DDS_STBIO1_8101,I2C_SPI_AHB,rd_to_max_val 6000 Time available between double byte write to communicate the number of bytes to be read and the following read. If timer expires the operation is aborted and proper flag is activated. Suggested val. 1200,snap-b2e8101b00dc6909feaed885,data/canonical/canonical_store.sqlite,block_local_digital,Digital IPOS,normal_hierarchical,DDS_STBIO1_8101,,System
IPOS-I2C-SPI-AHB-011,DDS_STBIO1_8102,can-240beac1d0006c4c616d343e,DDS_STBIO1_8102,I2C_SPI_AHB,i2c_hs_mode 1'b0 To activate HS I2C,snap-b2e8101b00dc6909feaed885,data/canonical/canonical_store.sqlite,block_local_digital,Digital IPOS,normal_hierarchical,DDS_STBIO1_8102,,Digital
IPOS-I2C-SPI-AHB-012,DDS_STBIO1_8103,can-8960df3e5f589a82e6ea40d0,DDS_STBIO1_8103,I2C_SPI_AHB,i2c_master_code 8'h00 Master code for HS I2C,snap-b2e8101b00dc6909feaed885,data/canonical/canonical_store.sqlite,block_local_digital,Digital IPOS,normal_hierarchical,DDS_STBIO1_8103,,Digital
IPOS-I2C-SPI-AHB-013,DDS_STBIO1_8104,can-1b69d5cd89c182ac005a4081,DDS_STBIO1_8104,I2C_SPI_AHB,"ser_mode ""i2c_spi"" To choose if the interface is SPI only, I2C only or both. Suggested : i2c_spi",snap-b2e8101b00dc6909feaed885,data/canonical/canonical_store.sqlite,block_local_digital,Digital IPOS,normal_hierarchical,DDS_STBIO1_8104,,Digital
IPOS-I2C-SPI-AHB-014,DDS_STBIO1_8105,can-bbc53dbb36a95bc094c7aebb,DDS_STBIO1_8105,I2C_SPI_AHB,ip_version 8'haa IP version,snap-b2e8101b00dc6909feaed885,data/canonical/canonical_store.sqlite,block_local_digital,Digital IPOS,normal_hierarchical,DDS_STBIO1_8105,,System
IPOS-I2C-SPI-AHB-015,DDS_STBIO1_8106,can-c3f795dbd91a4649f173ad6b,DDS_STBIO1_8106,I2C_SPI_AHB,i2c_dev_id 7'h5f I2C device address,snap-b2e8101b00dc6909feaed885,data/canonical/canonical_store.sqlite,block_local_digital,Digital IPOS,normal_hierarchical,DDS_STBIO1_8106,,Digital
IPOS-SMART-FIFO-006,DDS_STBIO1_89455232,can-54a4a7c560a3e8d6517b40b6,DDS_STBIO1_89455232,Smart FIFO,"As default, the FIFO shall work in Unique FIFO Mode. [TO: IPOS_FIFO_CTRL_89455232]",snap-b2e8101b00dc6909feaed885,data/canonical/canonical_store.sqlite,block_local_digital,Digital IPOS,normal_hierarchical,DDS_STBIO1_89455232,,Digital
IPOS-SMART-FIFO-007,DDS_STBIO1_89455261,can-a829fcd267cefe5457f39287,DDS_STBIO1_89455261,Smart FIFO,The FIFO Controller shall have an AHB Slave Interface connected to the AHB BUS and a Memory Master Interface connected to the Physical Memory. [TO: IPOS_FIFO_CTRL_89455261],snap-b2e8101b00dc6909feaed885,data/canonical/canonical_store.sqlite,block_local_digital,Digital IPOS,normal_hierarchical,DDS_STBIO1_89455261,,Digital
IPOS-SMART-FIFO-008,DDS_STBIO1_89455449,can-a9ede92559acb635afef99d3,DDS_STBIO1_89455449,Smart FIFO,The FIFO Controller shall have two working modes: Multiple FIFO and Unique FIFO. These two modes are mutually exclusive. [TO: IPOS_FIFO_CTRL_89455449],snap-b2e8101b00dc6909feaed885,data/canonical/canonical_store.sqlite,block_local_digital,Digital IPOS,normal_hierarchical,DDS_STBIO1_89455449,,Digital
IPOS-SMART-FIFO-009,DDS_STBIO1_89456557,can-b5a2ab7ab044fe94ca4f0c8c,DDS_STBIO1_89456557,Smart FIFO,The FIFO Controller shall be able to address 1.5 kbyte divided into 32-bit address. [TO: IPOS_FIFO_CTRL_89456557],snap-b2e8101b00dc6909feaed885,data/canonical/canonical_store.sqlite,block_local_digital,Digital IPOS,normal_hierarchical,DDS_STBIO1_89456557,,Digital
IPOS-SMART-FIFO-010,DDS_STBIO1_89456975,can-3b4bc393cf0b702ba44c4295,DDS_STBIO1_89456975,Smart FIFO,The user shall select the Multiple FIFO mode setting to 1 the first bit into the FIFO_CFG_MODE and 0 for the Unique FIFO mode. [TO: IPOS_FIFO_CTRL_89456975],snap-b2e8101b00dc6909feaed885,data/canonical/canonical_store.sqlite,block_local_digital,Digital IPOS,normal_hierarchical,DDS_STBIO1_89456975,,Digital
IPOS-SMART-FIFO-011,DDS_STBIO1_89457435,can-531c2d4f4e5a2d3f0d9fcef0,DDS_STBIO1_89457435,Smart FIFO,The FIFO Controller shall have a 6 i_depth input of 8 bit to be used in Multiple FIFO Mode to define the depth of each subFIFOs. [TO: IPOS_FIFO_CTRL_89457435],snap-b2e8101b00dc6909feaed885,data/canonical/canonical_store.sqlite,block_local_digital,Digital IPOS,normal_hierarchical,DDS_STBIO1_89457435,,Digital
IPOS-SMART-FIFO-012,DDS_STBIO1_89457790,can-e57afd6977d18239038d1f09,DDS_STBIO1_89457790,Smart FIFO,"The FIFO 6 memory locations to access each sub-FIFO in Multiple mode are obtained adding multiples of 256 to the memory base address. Example: FIFO Memory Base Address = 0xC4000, then: FIFO 0 memory location 0xC4000 FIFO 1 memory location 0xC4100 FIFO 2 memory location 0xC4200 FIFO 3 memory location 0xC4300 FIFO 4 memory location 0xC4400 FIFO 5 memory location 0xC4500 Table 29: SUB FIFO Memory Address [TO: IPOS_FIFO_CTRL_89457790]",snap-b2e8101b00dc6909feaed885,data/canonical/canonical_store.sqlite,block_local_digital,Digital IPOS,normal_hierarchical,DDS_STBIO1_89457790,,Digital
IPOS-SMART-FIFO-013,DDS_STBIO1_89459082,can-e549c8901f5cb6d1fe9f060a,DDS_STBIO1_89459082,Smart FIFO,The FIFO Controller shall work at 16 MHz clock frequency. [TO: IPOS_FIFO_CTRL_89459082],snap-b2e8101b00dc6909feaed885,data/canonical/canonical_store.sqlite,block_local_digital,Digital IPOS,normal_hierarchical,DDS_STBIO1_89459082,,Digital
IPOS-SENSOR-HUB-001,DDS_STBIO1_9017,can-488d072679e9694f9e9ad817,DDS_STBIO1_9017,Sensor-Hub,The output port sleep_master shall be set to 1 when an I2C operation is not on-going. [Vpriority High] [TO: IPOS_Senshub_MB_i2c],snap-b2e8101b00dc6909feaed885,data/canonical/canonical_store.sqlite,block_local_digital,Digital IPOS,normal_hierarchical,DDS_STBIO1_9017,,Digital
IPOS-SENSOR-HUB-002,DDS_STBIO1_9018,can-e07b96c09f22f5143f970bc1,DDS_STBIO1_9018,Sensor-Hub,"[DDS_STBIO1_9018] Requirement The trigger of sensor hub shall be possible in both ways, HW via dvalid_masterblaze_ext signal or SW using DVALID_REGISTER.",snap-b2e8101b00dc6909feaed885,data/canonical/canonical_store.sqlite,block_local_digital,Digital IPOS,normal_hierarchical,DDS_STBIO1_9018,,Digital
IPOS-SENSOR-HUB-003,DDS_STBIO1_9024,can-4e30f307772af6334fa46d11,DDS_STBIO1_9024,Sensor-Hub,[DDS_STBIO1_9024] Requirement Only I2C target addressed through SLAVE0_DEV_ADD register shall be the destination of an I2C Write Operation.,snap-b2e8101b00dc6909feaed885,data/canonical/canonical_store.sqlite,block_local_digital,Digital IPOS,normal_hierarchical,DDS_STBIO1_9024,,Digital
IPOS-SENSOR-HUB-004,DDS_STBIO1_9027,can-226582ae335284dc3d94bdd9,DDS_STBIO1_9027,Sensor-Hub,"[DDS_STBIO1_9027] Requirement The bit 0 of SLAVE1_DEV_ADD, SLAVE2_DEV_ADD, SLAVE3_DEV_ADD registers shall be ignored: ONLY read operations towards I2C target 1, 2 and 3 shall be performed.",snap-b2e8101b00dc6909feaed885,data/canonical/canonical_store.sqlite,block_local_digital,Digital IPOS,normal_hierarchical,DDS_STBIO1_9027,,Digital
IPOS-SENSOR-HUB-005,DDS_STBIO1_9029,can-7f6a9ec3aa151f8d8d2da752,DDS_STBIO1_9029,Sensor-Hub,"AUX_SENS_ON possible values shall be 0,1,2,3. All the values shall be tested since MasterBlaze supports up-to 4 I2C targets connected to I2C network. [TO: IPOS_Senshub_MB_i2c]",snap-b2e8101b00dc6909feaed885,data/canonical/canonical_store.sqlite,block_local_digital,Digital IPOS,normal_hierarchical,DDS_STBIO1_9029,,Digital
IPOS-SENSOR-HUB-006,DDS_STBIO1_9030,can-3c0fb54715e5113aac59f5a5,DDS_STBIO1_9030,Sensor-Hub,[DDS_STBIO1_9030] Requirement SLAVEx_NUMOP bit-fields of SLAVEx_CONFIG registers shall define how many bytes per slave are read as per effect of an I2C operation (x from 1 to 12).,snap-b2e8101b00dc6909feaed885,data/canonical/canonical_store.sqlite,block_local_digital,Digital IPOS,normal_hierarchical,DDS_STBIO1_9030,,Digital
IPOS-SENSOR-HUB-007,DDS_STBIO1_9031,can-ee2caaa7dc518fe7a3c6814a,DDS_STBIO1_9031,Sensor-Hub,All the values from 1 to 12 shall be valid for SLAVEx_NUMOP bit-fields of SLAVEx_CONFIG registers. [TO: IPOS_Senshub_MB_i2c],snap-b2e8101b00dc6909feaed885,data/canonical/canonical_store.sqlite,block_local_digital,Digital IPOS,normal_hierarchical,DDS_STBIO1_9031,,Digital
IPOS-SENSOR-HUB-008,DDS_STBIO1_9032,can-ea53c0cba1f3d75847af96b0,DDS_STBIO1_9032,Sensor-Hub,[DDS_STBIO1_9032] Requirement SLAVE0_NUMOP bitfield shall be ignored if an I2C Write operation is issued to the I2C Slave 0.,snap-b2e8101b00dc6909feaed885,data/canonical/canonical_store.sqlite,block_local_digital,Digital IPOS,normal_hierarchical,DDS_STBIO1_9032,,Digital
IPOS-SENSOR-HUB-009,DDS_STBIO1_9033,can-9ca1eb079b618ea8d9003cb7,DDS_STBIO1_9033,Sensor-Hub,All the SENSOR_HUB_x registers shall be reset every time a new I2C operation starts. [TO: IPOS_Senshub_MB_i2c],snap-b2e8101b00dc6909feaed885,data/canonical/canonical_store.sqlite,block_local_digital,Digital IPOS,normal_hierarchical,DDS_STBIO1_9033,,Digital
IPOS-SENSOR-HUB-010,DDS_STBIO1_9034,can-fc1aedfbf96a0fdb265aac49,DDS_STBIO1_9034,Sensor-Hub,The NACK_REGISTER register is reset every time a new I2C operation starts. [TO: IPOS_Senshub_MB_i2c],snap-b2e8101b00dc6909feaed885,data/canonical/canonical_store.sqlite,block_local_digital,Digital IPOS,normal_hierarchical,DDS_STBIO1_9034,,Digital
IPOS-SENSOR-HUB-011,DDS_STBIO1_9035,can-dcd83f5bd03481af4c9ded72,DDS_STBIO1_9035,Sensor-Hub,"When Quokka MasterBlaze µP runs (sleep_master signal = 0), any dvalid triggered (HW or SW) shall be ignored. [TO: IPOS_Senshub_MB_i2c]",snap-b2e8101b00dc6909feaed885,data/canonical/canonical_store.sqlite,block_local_digital,Digital IPOS,normal_hierarchical,DDS_STBIO1_9035,,Digital
IPOS-SENSOR-HUB-012,DDS_STBIO1_9260,can-8046d5cd772f431493d7e456,DDS_STBIO1_9260,Sensor-Hub,Each data stored in FIFO shall be composed by 4 words (16bytes). [TO: IPOS_Senshub_MB_i2c],snap-b2e8101b00dc6909feaed885,data/canonical/canonical_store.sqlite,block_local_digital,Digital IPOS,normal_hierarchical,DDS_STBIO1_9260,,Digital
IPOS-SENSOR-HUB-013,DDS_STBIO1_9261,can-a493b86d23742edbea94195c,DDS_STBIO1_9261,Sensor-Hub,3 words (12bytes) of the data stored in FIFO shall contain the data from each I2C slave. [TO: IPOS_Senshub_MB_i2c],snap-b2e8101b00dc6909feaed885,data/canonical/canonical_store.sqlite,block_local_digital,Digital IPOS,normal_hierarchical,DDS_STBIO1_9261,,Digital
IPOS-SENSOR-HUB-014,DDS_STBIO1_9262,can-d662c0343f6781b47799bb2d,DDS_STBIO1_9262,Sensor-Hub,24-bits of the data stored in FIFO shall be reserved at '0'. [TO: IPOS_Senshub_MB_i2c],snap-b2e8101b00dc6909feaed885,data/canonical/canonical_store.sqlite,block_local_digital,Digital IPOS,normal_hierarchical,DDS_STBIO1_9262,,Digital
IPOS-SENSOR-HUB-015,DDS_STBIO1_9263,can-10b78adeba53402f838ec34c,DDS_STBIO1_9263,Sensor-Hub,The last 8-bits of the data stored in FIFO shall contain the TAG field. [TO: IPOS_Senshub_MB_i2c],snap-b2e8101b00dc6909feaed885,data/canonical/canonical_store.sqlite,block_local_digital,Digital IPOS,normal_hierarchical,DDS_STBIO1_9263,,Digital
IPOS-SENSOR-HUB-016,DDS_STBIO1_9300,can-f9fdbdb3fdaf85e320378b0a,DDS_STBIO1_9300,Sensor-Hub,[DDS_STBIO1_9300] Requirement The AHB Write to registers has no effect if the IP masterblaze processor is busy (I2C operation on-going); the registers value shall not be updated.,snap-b2e8101b00dc6909feaed885,data/canonical/canonical_store.sqlite,block_local_digital,Digital IPOS,normal_hierarchical,DDS_STBIO1_9300,,Digital
IPOS-SENSOR-HUB-017,DDS_STBIO1_9317,can-0b7983b096a51430f48c9d70,DDS_STBIO1_9317,Sensor-Hub,"If the sensor hub IP is not enabled, the SCL and SDA pad shall not toggle. [Vpriority High] [TO: IPOS_Senshub_MB_i2c]",snap-b2e8101b00dc6909feaed885,data/canonical/canonical_store.sqlite,block_local_digital,Digital IPOS,normal_hierarchical,DDS_STBIO1_9317,,Digital
IPOS-SENSOR-HUB-018,DDS_STBIO1_9500,can-1333c77b0251b6ac27ba6d1b,DDS_STBIO1_9500,Sensor-Hub,"[DDS_STBIO1_9500] Requirement In case also other sources that writes into FIFO are active, then sensor hub shall work always in multi-fifo mode fifo_mode input of sensor hub set to '1' .",snap-b2e8101b00dc6909feaed885,data/canonical/canonical_store.sqlite,block_local_digital,Digital IPOS,normal_hierarchical,DDS_STBIO1_9500,,Digital
IPOS-MAIN-CONTROLLER-016,IPOS_STBIO1_MAIN_CONTROLLER_002,can-3ed1b41ba3a6f13b44ebbe9c,IPOS_STBIO1_MAIN_CONTROLLER_002,Main Controller,The only registers that the user shall change after setting the mode_operation to 1 are the ones described in requirement 7096. All the Other signals shall change only with mode_operation set,snap-b2e8101b00dc6909feaed885,data/canonical/canonical_store.sqlite,block_local_digital,Digital IPOS,normal_hierarchical,IPOS_STBIO1_MAIN_CONTROLLER_002,,Block
IPOS-MAIN-CONTROLLER-017,IPOS_STBIO1_MAIN_CONTROLLER_004,can-90755ffc808bb0e664eb02bf,IPOS_STBIO1_MAIN_CONTROLLER_004,Main Controller,"[Covers: DDS_STBIO1_0116] When the Device_FSM FSM is in BOOT State, that is DEVICE_STATUS_REG register [2:0]) == 0x01 (main_controller_status_register), it shall wait that the ADSP ends the BOOT Phase, checking when the i_quokka_boot_end is set high. When the BOOT Phase is ended, the Device_FSM FSM shall go to IDLE State, check that DEVICE_STATUS_REG register [2:0]) == 0x02, (main_controller_status_register), check that the w_en_ldo1v8 signal is set low and that",snap-b2e8101b00dc6909feaed885,data/canonical/canonical_store.sqlite,block_local_digital,Digital IPOS,normal_hierarchical,IPOS_STBIO1_MAIN_CONTROLLER_004,,Block
IPOS-MAIN-CONTROLLER-018,IPOS_STBIO1_MAIN_CONTROLLER_008,can-b885b74631e3733e95dcf5a8,IPOS_STBIO1_MAIN_CONTROLLER_008,Main Controller,"When in unique_fifo_mode (i_multiple_fifo set to 0), if during a time slot an operation is done, the Main_Controller_FSM shall write the time_slot_data inside the FIFO with a dedicated tag. The value of the time_slot_data shall be referred to the start of the entire measurement cycle (for",snap-b2e8101b00dc6909feaed885,data/canonical/canonical_store.sqlite,block_local_digital,Digital IPOS,normal_hierarchical,IPOS_STBIO1_MAIN_CONTROLLER_008,,Digital
IPOS-MAIN-CONTROLLER-019,IPOS_STBIO1_MAIN_CONTROLLER_009,can-699a73692458d0f5021852cd,IPOS_STBIO1_MAIN_CONTROLLER_009,Main Controller,"[Covers: DDS_STBIO1_0123] [Covers: DDS_STBIO1_0141] When in IDLE State, if ECG0_SEL (DEVICE_CONFIG_CHANNEL register [0]) is high, or BIA_SEL (DEVICE_CONFIG_CHANNEL register [2]) is set high, or ECG1_ECG2_SEL (DEVICE_CONFIG_CHANNEL register [1]) is set high, or GSR_SEL (DEVICE_CONFIG_CHANNEL register [3]) is set high, or ADC_DO_CALIBRATION ( ADC_CAL_CONFIG register [0]) is set high, or WAVE_VELOCITY_MODE (GENERAL_PPG_PARAMETERS_1 register [4]) is set high together wit h PPG_SEL (DEVICE_CONFIG_CHANNEL register [4]), when MODE_OPERATION (DEVICE_CONFIG_OPERATION register [1:0] ) is set different from 0, the O_PD_CLKF shall go",snap-b2e8101b00dc6909feaed885,data/canonical/canonical_store.sqlite,block_local_digital,Digital IPOS,normal_hierarchical,IPOS_STBIO1_MAIN_CONTROLLER_009,,Block
IPOS-MAIN-CONTROLLER-020,IPOS_STBIO1_MAIN_CONTROLLER_010,can-d408e5fcca891217c62c5a09,IPOS_STBIO1_MAIN_CONTROLLER_010,Main Controller,"[Covers: DDS_STBIO1_0119] When the FSM is in IDLE State, if ECG0_SEL (DEVICE_CONFIG_CHANNEL register [0]) is high, HC_EN (ECG_CTRL register [0]) is set to 1 and IMP_EN (IMP_CTRL register [0]) is set to 0, ECG0 shall be active so, when MODE_OPERATION (DEVICE_CONFIG_OPERATION register [1:0] ) is set different from 0, the O_PD_HC2 shall go low and the Device_FSM FSM shall go to the WAIT_SU State , so the main_controller_status_register (DEVICE_STATUS_REG register",snap-b2e8101b00dc6909feaed885,data/canonical/canonical_store.sqlite,block_local_digital,Digital IPOS,normal_hierarchical,IPOS_STBIO1_MAIN_CONTROLLER_010,,Block
IPOS-MAIN-CONTROLLER-021,IPOS_STBIO1_MAIN_CONTROLLER_011,can-130eb724d155384ced5c8bf0,IPOS_STBIO1_MAIN_CONTROLLER_011,Main Controller,"When the HC_EN (ECG_CTRL register [0]) is set to 0 and IMP_EN (IMP_CTRL register [0]) is set to 1 and ECG1_ECG2_SEL (DEVICE_CONFIG_CHANNEL register [1]) is set to 1, ECG1 and ECG2 shall be active so, when MODE_OPERATION (DEVICE_CONFIG_OPERATION register [1:0] ) is set different from 0, the O_PD_HC2 shall remain high, O_PD_IMP shall go low and the Device_FSM shall go to the WAIT_SU State, so main_controller_status_register",snap-b2e8101b00dc6909feaed885,data/canonical/canonical_store.sqlite,block_local_digital,Digital IPOS,normal_hierarchical,IPOS_STBIO1_MAIN_CONTROLLER_011,,Block
IPOS-MAIN-CONTROLLER-022,IPOS_STBIO1_MAIN_CONTROLLER_0152,can-6ac04b78692e70a118ba4f0e,IPOS_STBIO1_MAIN_CONTROLLER_0152,Main Controller,"If the calibration has been done, the ADC_error_caps values computed shall reset only if the",snap-b2e8101b00dc6909feaed885,data/canonical/canonical_store.sqlite,block_local_digital,Digital IPOS,normal_hierarchical,IPOS_STBIO1_MAIN_CONTROLLER_0152,,Block
IPOS-MAIN-CONTROLLER-023,IPOS_STBIO1_MAIN_CONTROLLER_016,can-9f657f8654d615aeb7b1f47c,IPOS_STBIO1_MAIN_CONTROLLER_016,Main Controller,"When DEVICE is in WAIT_SU, if IMP_EN (IMP_CTRL register [0]) is equal to 1 and BIA_SEL (DEVICE_CONFIG_CHANNEL [2]) is equal to 1, O_PD_IMP shall go low within 5 clock cycle at",snap-b2e8101b00dc6909feaed885,data/canonical/canonical_store.sqlite,block_local_digital,Digital IPOS,normal_hierarchical,IPOS_STBIO1_MAIN_CONTROLLER_016,,Block
IPOS-MAIN-CONTROLLER-024,IPOS_STBIO1_MAIN_CONTROLLER_017,can-69963eacbd5027260d15434e,IPOS_STBIO1_MAIN_CONTROLLER_017,Main Controller,"When DEVICE is in WAIT_SU, if IMP_EN (IMP_CTRL register [0]) is equal to 1 and BIA_SEL (DEVICE_CONFIG_CHANNEL register [2]) is equal to 1 and the IMP_CURRINJ_EN (CURR_INJ register [3]) is equal to 1, the O_IMP_CURINJ_PD shall go low. On the other hand, if IMP_CURRINJ_EN (CURR_INJ register [3]) is equal to 0, the O_IMP_CURINJ_PD shall remain",snap-b2e8101b00dc6909feaed885,data/canonical/canonical_store.sqlite,block_local_digital,Digital IPOS,normal_hierarchical,IPOS_STBIO1_MAIN_CONTROLLER_017,,Block
IPOS-MAIN-CONTROLLER-025,IPOS_STBIO1_MAIN_CONTROLLER_018,can-7ffa202bdb5fa891e0a445cd,IPOS_STBIO1_MAIN_CONTROLLER_018,Main Controller,"When DEVICE is in WAIT_SU, if IMP_EN (IMP_CTRL register [0]) signal is equal to 1 and BIA_SEL (DEVICE_CONFIG_CHANNEL register [2]) is equal to 1, 5ms after the falling of imp_curinj_pd and O_PD_IMP, if IMP_CURRINJ_EN (CURR_INJ register [3]) is equal to 1, O_CK_M, O_CK_P and O_CK_Q shall be generated from Clock generator block so they run at FREQ_BIA_CLK_m_p_q (EN_CHOP_FREQ_MOD_DEMOD register [4:3] ) and its values shall be chosen from 20kHz, 50kHz, 100kHz, 200kHz . On the other hand, if IMP_CURRINJ_EN (CURR_INJ register [3]) is equal to 0, ck_m, ck_p and",snap-b2e8101b00dc6909feaed885,data/canonical/canonical_store.sqlite,block_local_digital,Digital IPOS,normal_hierarchical,IPOS_STBIO1_MAIN_CONTROLLER_018,,Block
IPOS-MAIN-CONTROLLER-026,IPOS_STBIO1_MAIN_CONTROLLER_019,can-b03cd3a8fc623d78cb36d1ef,IPOS_STBIO1_MAIN_CONTROLLER_019,Main Controller,"When IMP_CURRINJ_EN (CURR_INJ register [3]) is high, O_CK_Q shall be run with a phase",snap-b2e8101b00dc6909feaed885,data/canonical/canonical_store.sqlite,block_local_digital,Digital IPOS,normal_hierarchical,IPOS_STBIO1_MAIN_CONTROLLER_019,,Block
IPOS-MAIN-CONTROLLER-027,IPOS_STBIO1_MAIN_CONTROLLER_021,can-a4a2e6fa06b1efb795d11f0f,IPOS_STBIO1_MAIN_CONTROLLER_021,Main Controller,"When DEVICE_FSM FSM is in WAIT_SU state, if IMP_EN (IMP_CTRL register [0]) is equal to 1 and BIA_SEL (DEVICE_CONFIG_CHANNEL register [2]) is equal to 1; 20ms after the falling of O_RST_IMP, if EN_CHOP_CLK_IMP (EN_CHOP_FREQ_MOD_DEMOD register [1]) is set to 1, O_CK_CHOP_IMP shall be generated from Clock generator block, so O_CK_CHOP_IMP shall be run at 10kHz frequency. On the other hand, if EN_CHOP_CLK_IMP (EN_CHOP_FREQ_MOD_DEMOD register [1]) is set",snap-b2e8101b00dc6909feaed885,data/canonical/canonical_store.sqlite,block_local_digital,Digital IPOS,normal_hierarchical,IPOS_STBIO1_MAIN_CONTROLLER_021,,Block
IPOS-MAIN-CONTROLLER-028,IPOS_STBIO1_MAIN_CONTROLLER_023,can-b41763a8769ac954f65ec0ab,IPOS_STBIO1_MAIN_CONTROLLER_023,Main Controller,"When DEVICE_FSM FSM is in WAIT_SU state, if IMP_EN signal (IMP_CTRL register [0]) is equal to 1 and BIA_SEL (DEVICE_CONFIG_CHANNEL register [2]) is equal to 1; If i_su_hlt_dly is set to 0, 205ms after the falling of O_RSTI_IMP, O_SUG_IMP shall go low. Instead, if SU_DLY (EN_CHOP_FREQ_MOD_DEMOD register [2]) is set to 1, 755ms after the",snap-b2e8101b00dc6909feaed885,data/canonical/canonical_store.sqlite,block_local_digital,Digital IPOS,normal_hierarchical,IPOS_STBIO1_MAIN_CONTROLLER_023,,Block
IPOS-MAIN-CONTROLLER-029,IPOS_STBIO1_MAIN_CONTROLLER_024,can-8a74237fdc17790fa1d1a5b1,IPOS_STBIO1_MAIN_CONTROLLER_024,Main Controller,"When DEVICE_FSM FSM is in WAIT_SU STATE ( main_controller_status_register (DEVICE_STATUS_REG register [2:0]) is equal to 0x03) if HC_EN (ECG_CTRL register [0]) is set to 1 and ECG0_SEL (DEVICE_CONFIG_CHANNEL register [0]) is set to 1 and MODE_OPERATION (bit [1:0] on DEVICE_CONFIG_OPERATION register) is different to 0, after WAIT_SU state the device shall go in OPERATIVE (DEVICE_STATUS_REG register [2:0] is equal",snap-b2e8101b00dc6909feaed885,data/canonical/canonical_store.sqlite,block_local_digital,Digital IPOS,normal_hierarchical,IPOS_STBIO1_MAIN_CONTROLLER_024,,Block
IPOS-MAIN-CONTROLLER-030,IPOS_STBIO1_MAIN_CONTROLLER_026,can-308fba69d3530281d3375e94,IPOS_STBIO1_MAIN_CONTROLLER_026,Main Controller,"When DEVICE_FSM FSM is in IDLE STATE (main_controller_status_register (DEVICE_STATUS_REG register [2:0]) is equal to 0x02) if HC_EN (ECG_CTRL register [0]) is set to 1 and IMP_EN (IMP_CTRL register [0]) is set to 1 and ECG0_SEL (DEVICE_CONFIG_CHANNEL [0]) is set to 1 and ECG1_ECG2_SEL (DEVICE_CONFIG_CHANNEL [1]) is set to 1, after WAIT_SU the device_fsm shall go in",snap-b2e8101b00dc6909feaed885,data/canonical/canonical_store.sqlite,block_local_digital,Digital IPOS,normal_hierarchical,IPOS_STBIO1_MAIN_CONTROLLER_026,,Block
IPOS-MAIN-CONTROLLER-031,IPOS_STBIO1_MAIN_CONTROLLER_028,can-479f28a1db44924ad07cb961,IPOS_STBIO1_MAIN_CONTROLLER_028,Main Controller,"When DEVICE_FSM FSM is in IDLE STATE (main_controller_status_register (DEVICE_STATUS_REG register [2:0]) is equal to 0x02) if HC_EN (ECG_CTRL register [0]) is set to 1 and ECG0_SEL (DEVICE_CONFIG_CHANNEL [0]) is set to 1 and IMP_EN (IMP_CTRL register [0]) is set to 1 and BIA_SEL (DEVICE_CONFIG_CHANNEL [2]) is set to 1, after WAIT_SU, the device FSM shall go in OPERATIVE (DEVICE_STATUS_REG register [2:0] is equal to 0x04).",snap-b2e8101b00dc6909feaed885,data/canonical/canonical_store.sqlite,block_local_digital,Digital IPOS,normal_hierarchical,IPOS_STBIO1_MAIN_CONTROLLER_028,,Block
IPOS-MAIN-CONTROLLER-032,IPOS_STBIO1_MAIN_CONTROLLER_029,can-a12fa28d397a8fecc3750634,IPOS_STBIO1_MAIN_CONTROLLER_029,Main Controller,"When DEVICE_FSM FSM is in IDLE if PPG_SEL (DEVICE_CONFIG_CHANNEL [4]) is set to 1 and MODE_OPERATION (bit [1:0] on DEVICE_CONFIG_OPERATION register) is different to 0, the device shall go in PPG state (main_controller_status_register in ELAB_STATUS_REG register",snap-b2e8101b00dc6909feaed885,data/canonical/canonical_store.sqlite,block_local_digital,Digital IPOS,normal_hierarchical,IPOS_STBIO1_MAIN_CONTROLLER_029,,Block
IPOS-MAIN-CONTROLLER-033,IPOS_STBIO1_MAIN_CONTROLLER_030,can-e9b6cd22d1163aa76e4a787b,IPOS_STBIO1_MAIN_CONTROLLER_030,Main Controller,When DEVICE_FSM FSM is in PPG state (main_controller_status_register in ELAB_STATUS_REG register [3:0] shall be equal to 0x05) the device shall be execute a number of frames equal to N_PPG_FRAME (GENERAL_PPG_PARAMETERS_1 register [3:0]) (Check the i_id_frame shall increase until it’s equal to N_PPG_FRAME-1). At the beginning of each frame o_ADC_EN shall go high and it shall go low when ALC_COMPENSATION is performed or,snap-b2e8101b00dc6909feaed885,data/canonical/canonical_store.sqlite,block_local_digital,Digital IPOS,normal_hierarchical,IPOS_STBIO1_MAIN_CONTROLLER_030,,Block
IPOS-MAIN-CONTROLLER-034,IPOS_STBIO1_MAIN_CONTROLLER_031,can-e5dc831176be98f7b6700206,IPOS_STBIO1_MAIN_CONTROLLER_031,Main Controller,"When DEVICE_FSM FSM is in PPG state (main_controller_status_register in ELAB_STATUS_REG register [3:0] shall be equal to 0x 05) o_ADC_start shall go high a number of times equal “2 ^ value indicated in regmap of FRAME_{n}_SAMPLES (FRAME_n_PARAMETERS_1 register [5:3]) for ALC and PPG both (2*(2^regmap_value). Except when FRAME_{n}_SAMPLES is equal to 3’b000, in this case o_ADC_start shall go high 3 times.",snap-b2e8101b00dc6909feaed885,data/canonical/canonical_store.sqlite,block_local_digital,Digital IPOS,normal_hierarchical,IPOS_STBIO1_MAIN_CONTROLLER_031,,Block
IPOS-MAIN-CONTROLLER-035,IPOS_STBIO1_MAIN_CONTROLLER_032,can-463cb72c0212e2ea6019f555,IPOS_STBIO1_MAIN_CONTROLLER_032,Main Controller,"When DEVICE_FSM FSM is in PPG state (main_controller_status_register in ELAB_STATUS_REG register [3:0] shall be equal to 0x05) during each frame o_Txi_idac_VREF shall go from 0 to N_MAX (DIGITAL_RAMP_CONFIG_PARAM_1 register [3:0]). At first, o_Txi_idac_VREF shall be increase its value of N_START for next step o_Txi_idac_VREF shall",snap-b2e8101b00dc6909feaed885,data/canonical/canonical_store.sqlite,block_local_digital,Digital IPOS,normal_hierarchical,IPOS_STBIO1_MAIN_CONTROLLER_032,,Block
IPOS-MAIN-CONTROLLER-036,IPOS_STBIO1_MAIN_CONTROLLER_033,can-dc42ae19b64db272b31252d3,IPOS_STBIO1_MAIN_CONTROLLER_033,Main Controller,"When not in IDLE STATE (main_controller_status_register (DEVICE_STATUS_REG register [2:0]) is equal to 0x02) , Device_FSM shall go back in IDLE only if the user turns off the",snap-b2e8101b00dc6909feaed885,data/canonical/canonical_store.sqlite,block_local_digital,Digital IPOS,normal_hierarchical,IPOS_STBIO1_MAIN_CONTROLLER_033,,Block
IPOS-MAIN-CONTROLLER-037,IPOS_STBIO1_MAIN_CONTROLLER_034,can-8301fcfad3c6a0d3a176fb2c,IPOS_STBIO1_MAIN_CONTROLLER_034,Main Controller,"When in OPERATIVE (main_controller_status_register (DEVICE_STATUS_REG register [2:0]) is equal to 0x02), if the time slot counter reach its limit, the Device_FSM shall go into the error state (DEVICE_STATUS_REGISTER) and raise an interrupt (o_error_time_slot) to the Digital_Top.",snap-b2e8101b00dc6909feaed885,data/canonical/canonical_store.sqlite,block_local_digital,Digital IPOS,normal_hierarchical,IPOS_STBIO1_MAIN_CONTROLLER_034,,Block
IPOS-MAIN-CONTROLLER-038,IPOS_STBIO1_MAIN_CONTROLLER_035,can-c5f334bc51a20823ac692ad8,IPOS_STBIO1_MAIN_CONTROLLER_035,Main Controller,"When DEVICE_FSM FSM is in Operative State (DEVICE_STATUS_REG register [2:0]==0x04), the o_MC_busy shall go to 1 and shall go to 0 one clock cycle after entering the SLEEP state if",snap-b2e8101b00dc6909feaed885,data/canonical/canonical_store.sqlite,block_local_digital,Digital IPOS,normal_hierarchical,IPOS_STBIO1_MAIN_CONTROLLER_035,,Block
IPOS-MAIN-CONTROLLER-039,IPOS_STBIO1_MAIN_CONTROLLER_036,can-81ed41d4fcba17937855edc6,IPOS_STBIO1_MAIN_CONTROLLER_036,Main Controller,"When in Sleep Mode, the device shall go back to the Operative State if no error (o_error_irq stuck at 0) occurs and all the operations are ended . Furthermore, if no Bio -Channel operations are selected and more than 150us are left before the start of a new time slot, the o_pd_clkf (Digital",snap-b2e8101b00dc6909feaed885,data/canonical/canonical_store.sqlite,block_local_digital,Digital IPOS,normal_hierarchical,IPOS_STBIO1_MAIN_CONTROLLER_036,,Block
IPOS-MAIN-CONTROLLER-040,IPOS_STBIO1_MAIN_CONTROLLER_037,can-899723acbc0cea0002411da1,IPOS_STBIO1_MAIN_CONTROLLER_037,Main Controller,"In a Time Slot, when a BIO-Channel operation is selected, o_en_bufxbio signal (in Digital Top) shall go high at least a configurable time (Device Config Operation [6:5]) before selecting the first",snap-b2e8101b00dc6909feaed885,data/canonical/canonical_store.sqlite,block_local_digital,Digital IPOS,normal_hierarchical,IPOS_STBIO1_MAIN_CONTROLLER_037,,Block
IPOS-MAIN-CONTROLLER-041,IPOS_STBIO1_MAIN_CONTROLLER_038,can-aeba08998bd4ae2c814ee262,IPOS_STBIO1_MAIN_CONTROLLER_038,Main Controller,"When the ELAB_FSM is in ECG State, the ADC_Mux (concatenation of {o_adc_mux_sel, o_adc_mux_bio_channel} on digital top) output shall be set equal to 001 and after 4 acquisitions (described in section 5.4 ADC PHASE) shall be set to 010. If ECG1 and ECG2 are selected, the",snap-b2e8101b00dc6909feaed885,data/canonical/canonical_store.sqlite,block_local_digital,Digital IPOS,normal_hierarchical,IPOS_STBIO1_MAIN_CONTROLLER_038,,Block
IPOS-MAIN-CONTROLLER-042,IPOS_STBIO1_MAIN_CONTROLLER_039,can-439ba5093606530cc56a3f5d,IPOS_STBIO1_MAIN_CONTROLLER_039,Main Controller,"When ELAB FSM is in PPG state (main_controller_status_register in ELAB_STATUS_REG register [3:0] shall be equal to 0x05) or a WAIT_END_OPERATIVE State, o_en_biobuffer shall",snap-b2e8101b00dc6909feaed885,data/canonical/canonical_store.sqlite,block_local_digital,Digital IPOS,normal_hierarchical,IPOS_STBIO1_MAIN_CONTROLLER_039,,Block
IPOS-MAIN-CONTROLLER-043,IPOS_STBIO1_MAIN_CONTROLLER_044,can-69a216d9e4149d598d68a0b2,IPOS_STBIO1_MAIN_CONTROLLER_044,Main Controller,"When i_rstn is asserted low, all the output shall be set to 0, except for count_cap that shall be set",snap-b2e8101b00dc6909feaed885,data/canonical/canonical_store.sqlite,block_local_digital,Digital IPOS,normal_hierarchical,IPOS_STBIO1_MAIN_CONTROLLER_044,,Block
IPOS-MAIN-CONTROLLER-044,IPOS_STBIO1_MAIN_CONTROLLER_045,can-8dc593c1e3f4b9c6f18d64bc,IPOS_STBIO1_MAIN_CONTROLLER_045,Main Controller,The o_adc_ready shall be set to 1 when the ADC is getting ready (o_adc_en is set to 1 but not,snap-b2e8101b00dc6909feaed885,data/canonical/canonical_store.sqlite,block_local_digital,Digital IPOS,normal_hierarchical,IPOS_STBIO1_MAIN_CONTROLLER_045,,Block
IPOS-MAIN-CONTROLLER-045,IPOS_STBIO1_MAIN_CONTROLLER_047,can-658718c229db6bd21e8d072d,IPOS_STBIO1_MAIN_CONTROLLER_047,Main Controller,"When the calibration phase is ended, the o_end_cal_phase shall be set to 1 and shall stay high",snap-b2e8101b00dc6909feaed885,data/canonical/canonical_store.sqlite,block_local_digital,Digital IPOS,normal_hierarchical,IPOS_STBIO1_MAIN_CONTROLLER_047,,Block
IPOS-MAIN-CONTROLLER-046,IPOS_STBIO1_MAIN_CONTROLLER_049,can-283404e191d8ae826034f620,IPOS_STBIO1_MAIN_CONTROLLER_049,Main Controller,"When ECG, BIA or GSR Is sampled, i_ADC_en is equal to 1, the o_ADC_clk_en shall be set to 1.",snap-b2e8101b00dc6909feaed885,data/canonical/canonical_store.sqlite,block_local_digital,Digital IPOS,normal_hierarchical,IPOS_STBIO1_MAIN_CONTROLLER_049,,Block
IPOS-MAIN-CONTROLLER-047,IPOS_STBIO1_MAIN_CONTROLLER_051,can-01f182f10b0d865efd7969a8,IPOS_STBIO1_MAIN_CONTROLLER_051,Main Controller,[Covers: DDS_STBIO1_0121] [Covers: DDS_STBIO1_0129] The Sampling Phase shall be configurable by the user with i_N_clk values from 0 up to 63. This,snap-b2e8101b00dc6909feaed885,data/canonical/canonical_store.sqlite,block_local_digital,Digital IPOS,normal_hierarchical,IPOS_STBIO1_MAIN_CONTROLLER_051,,Block
IPOS-MAIN-CONTROLLER-048,IPOS_STBIO1_MAIN_CONTROLLER_052,can-114142433bdf80440779a8d4,IPOS_STBIO1_MAIN_CONTROLLER_052,Main Controller,"When the i_ADC_en_mc and i_adc_en_mask is set to 0, all the output shall be set to 0, except for the o_end_cal_phases and o_ADC_clk_en. The o_end_cal_phases shall be set to 1 if i_do_calibration (bit 0 of ADC_CAL_CONFIG) is set to 0, otherwise shall be set to 0 until the end",snap-b2e8101b00dc6909feaed885,data/canonical/canonical_store.sqlite,block_local_digital,Digital IPOS,normal_hierarchical,IPOS_STBIO1_MAIN_CONTROLLER_052,,Block
IPOS-MAIN-CONTROLLER-049,IPOS_STBIO1_MAIN_CONTROLLER_053,can-9a71ae848cb394e1f41f1179,IPOS_STBIO1_MAIN_CONTROLLER_053,Main Controller,"When the i_ADC_en_mc and i_adc_en_mask is set to 1, at least 160 clock cycles shall pass before",snap-b2e8101b00dc6909feaed885,data/canonical/canonical_store.sqlite,block_local_digital,Digital IPOS,normal_hierarchical,IPOS_STBIO1_MAIN_CONTROLLER_053,,Block
IPOS-MAIN-CONTROLLER-050,IPOS_STBIO1_MAIN_CONTROLLER_054,can-949d301a115bda067e98c319,IPOS_STBIO1_MAIN_CONTROLLER_054,Main Controller,"When the ADC_phases fsm is ready and an acquisition is required, the o_ADC_start shall stay",snap-b2e8101b00dc6909feaed885,data/canonical/canonical_store.sqlite,block_local_digital,Digital IPOS,normal_hierarchical,IPOS_STBIO1_MAIN_CONTROLLER_054,,Block
IPOS-MAIN-CONTROLLER-051,IPOS_STBIO1_MAIN_CONTROLLER_055,can-7b754242aeafe4c31d9765bd,IPOS_STBIO1_MAIN_CONTROLLER_055,Main Controller,"After an acquisition is started, the ADC_Phases shall wait for the i_ADC_EOC sampling the new",snap-b2e8101b00dc6909feaed885,data/canonical/canonical_store.sqlite,block_local_digital,Digital IPOS,normal_hierarchical,IPOS_STBIO1_MAIN_CONTROLLER_055,,Block
IPOS-MAIN-CONTROLLER-052,IPOS_STBIO1_MAIN_CONTROLLER_058,can-e562f96cdf76151c6904e013,IPOS_STBIO1_MAIN_CONTROLLER_058,Main Controller,"The calibration phase shall set the adc_error_cap8…0 to the correct value, following the calibration",snap-b2e8101b00dc6909feaed885,data/canonical/canonical_store.sqlite,block_local_digital,Digital IPOS,normal_hierarchical,IPOS_STBIO1_MAIN_CONTROLLER_058,,Block
IPOS-MAIN-CONTROLLER-053,IPOS_STBIO1_MAIN_CONTROLLER_059,can-727cd9d0edc118b893874e73,IPOS_STBIO1_MAIN_CONTROLLER_059,Main Controller,"If the i_noise signal is set to 1 when the DEVICE_FSM is into PPG State, the i_n_avarage shall",snap-b2e8101b00dc6909feaed885,data/canonical/canonical_store.sqlite,block_local_digital,Digital IPOS,normal_hierarchical,IPOS_STBIO1_MAIN_CONTROLLER_059,,Block
IPOS-MAIN-CONTROLLER-054,IPOS_STBIO1_MAIN_CONTROLLER_060,can-ce741a350690f33a6b2d4ac9,IPOS_STBIO1_MAIN_CONTROLLER_060,Main Controller,"When the last acquisition is performed, after the last i_ADC_EOC arrived, the ADC_phases shall",snap-b2e8101b00dc6909feaed885,data/canonical/canonical_store.sqlite,block_local_digital,Digital IPOS,normal_hierarchical,IPOS_STBIO1_MAIN_CONTROLLER_060,,Block
IPOS-MAIN-CONTROLLER-055,IPOS_STBIO1_MAIN_CONTROLLER_061,can-f40b5b06ef800ecde3ebc3f7,IPOS_STBIO1_MAIN_CONTROLLER_061,Main Controller,"When the i_data_out_adc is sampled, the 15 bit (MSB in little endian), shall be negated in order to",snap-b2e8101b00dc6909feaed885,data/canonical/canonical_store.sqlite,block_local_digital,Digital IPOS,normal_hierarchical,IPOS_STBIO1_MAIN_CONTROLLER_061,,Block
IPOS-MAIN-CONTROLLER-056,IPOS_STBIO1_MAIN_CONTROLLER_062,can-fe6d59c2f908ff9b1bf353d2,IPOS_STBIO1_MAIN_CONTROLLER_062,Main Controller,"When i_debug_calibration is set (second bitfield of ADC_CAL_CONFIG ), the number of samples used by the avarage block during the calibration shall be set to 2. (The purpose of this mode is to",snap-b2e8101b00dc6909feaed885,data/canonical/canonical_store.sqlite,block_local_digital,Digital IPOS,normal_hierarchical,IPOS_STBIO1_MAIN_CONTROLLER_062,,Block
IPOS-MAIN-CONTROLLER-057,IPOS_STBIO1_MAIN_CONTROLLER_063,can-80c7c8b7e186da993b6faeed,IPOS_STBIO1_MAIN_CONTROLLER_063,Main Controller,"When i_debug_adc_error_cap8_0_bypass is set to 1 (set to 1 en_debug_adc_error_cap8_0_bypass of ADC_GENERAL_DEBUG_0 ), the calibration result shall be bypassed in favor of the value written inside the registers",snap-b2e8101b00dc6909feaed885,data/canonical/canonical_store.sqlite,block_local_digital,Digital IPOS,normal_hierarchical,IPOS_STBIO1_MAIN_CONTROLLER_063,,Block
IPOS-MAIN-CONTROLLER-058,IPOS_STBIO1_MAIN_CONTROLLER_064,can-d38d0f592b26a6d558c1a908,IPOS_STBIO1_MAIN_CONTROLLER_064,Main Controller,"When the adc_readout_bypass mode is enabled by the 2 bitfield ADC_GENERAL_DEBUG_0 , the sampling phase of the ADC Phgen shall be bypassed in favor of regmap. In particular, the Sampling phase shall be controlled by the register EN_ADC_DEBUG and EN_ADC_START in ADC_GENERAL_DEBUG_0 and the sampled data shall be written in ADC_DATA_OUT_DEBUG_LOW and ADC_DATA_OUT_DEBUG_HIGH. and In this mode, before start a new sampling operation, the RESET_DEBUG_ADC DATA in",snap-b2e8101b00dc6909feaed885,data/canonical/canonical_store.sqlite,block_local_digital,Digital IPOS,normal_hierarchical,IPOS_STBIO1_MAIN_CONTROLLER_064,,Block
IPOS-MAIN-CONTROLLER-059,IPOS_STBIO1_MAIN_CONTROLLER_073,can-dd33adbeb29452fab04ff673,IPOS_STBIO1_MAIN_CONTROLLER_073,Main Controller,"When the i_hc_en is set to 0 and i_imp_en is set to 1 and i_n_ecg_channel is equal to 2, ECG1 and ECG2 shall be active so the o_pd_hc2 shall remain high, o_pd_imp_from_bia shall go low",snap-b2e8101b00dc6909feaed885,data/canonical/canonical_store.sqlite,block_local_digital,Digital IPOS,normal_hierarchical,IPOS_STBIO1_MAIN_CONTROLLER_073,,Block
IPOS-MAIN-CONTROLLER-060,IPOS_STBIO1_MAIN_CONTROLLER_074,can-aaf96b21b29144c5d9714144,IPOS_STBIO1_MAIN_CONTROLLER_074,Main Controller,"When the i_hc_en is set to 1 and i_imp_en is set to 1 and i_n_ecg_channel is equal to 3, ECG0- ECG1 and ECG2 shall be active so the o_pd_hc2 shall go low, o_pd_imp shall go low and",snap-b2e8101b00dc6909feaed885,data/canonical/canonical_store.sqlite,block_local_digital,Digital IPOS,normal_hierarchical,IPOS_STBIO1_MAIN_CONTROLLER_074,,Block
IPOS-MAIN-CONTROLLER-061,IPOS_STBIO1_MAIN_CONTROLLER_077,can-e2dd56a9df6fce20d2047956,IPOS_STBIO1_MAIN_CONTROLLER_077,Main Controller,"20ms after that the o_rst_hc2 is gone low, if i_clk_hlt_en is equal to 1, chopper_clock shall be generated and after another 10ms, o_rsti_hc2 shall go low. Instead, if i_clk_hlt_en is equal to 0,",snap-b2e8101b00dc6909feaed885,data/canonical/canonical_store.sqlite,block_local_digital,Digital IPOS,normal_hierarchical,IPOS_STBIO1_MAIN_CONTROLLER_077,,Block
IPOS-MAIN-CONTROLLER-062,IPOS_STBIO1_MAIN_CONTROLLER_078,can-743ecc8f2f0808543c89abcc,IPOS_STBIO1_MAIN_CONTROLLER_078,Main Controller,"If i_su_hlt_dly is set to 0. At least after 205ms that the o_rsti_hc2 is gone low, o_su_hc2 shall go",snap-b2e8101b00dc6909feaed885,data/canonical/canonical_store.sqlite,block_local_digital,Digital IPOS,normal_hierarchical,IPOS_STBIO1_MAIN_CONTROLLER_078,,Block
IPOS-MAIN-CONTROLLER-063,IPOS_STBIO1_MAIN_CONTROLLER_080,can-2b729ab58ce59eb5c4f6c3c7,IPOS_STBIO1_MAIN_CONTROLLER_080,Main Controller,"When the user selects an operative mode that includes the BIA channel, a start-up shall be done.",snap-b2e8101b00dc6909feaed885,data/canonical/canonical_store.sqlite,block_local_digital,Digital IPOS,normal_hierarchical,IPOS_STBIO1_MAIN_CONTROLLER_080,,Block
IPOS-MAIN-CONTROLLER-064,IPOS_STBIO1_MAIN_CONTROLLER_082,can-40d4495556b12071d890e009,IPOS_STBIO1_MAIN_CONTROLLER_082,Main Controller,"When i_imp_curinj signal is equal to 1, the o_imp_curinj_pd shall go low. On the other hand, if",snap-b2e8101b00dc6909feaed885,data/canonical/canonical_store.sqlite,block_local_digital,Digital IPOS,normal_hierarchical,IPOS_STBIO1_MAIN_CONTROLLER_082,,Block
IPOS-MAIN-CONTROLLER-065,IPOS_STBIO1_MAIN_CONTROLLER_083,can-a5cd7e0d3dbf56a520a82ef3,IPOS_STBIO1_MAIN_CONTROLLER_083,Main Controller,"At least 5ms after the falling of o_imp_curinj_pd and o_pd_imp_from_bia, if i_imp_curinj is equal to 1, o_en_ck_m_p_q shall be high and ck_m, ck_p and ck_q shall be generated from Clock generator block. On the other hand, if i_imp_curinj is equal to 0, the ck_m_p_q shall stay low.",snap-b2e8101b00dc6909feaed885,data/canonical/canonical_store.sqlite,block_local_digital,Digital IPOS,normal_hierarchical,IPOS_STBIO1_MAIN_CONTROLLER_083,,Block
IPOS-MAIN-CONTROLLER-066,IPOS_STBIO1_MAIN_CONTROLLER_085,can-edf1910be79ae35d766eaedf,IPOS_STBIO1_MAIN_CONTROLLER_085,Main Controller,"20ms after the falling of o_rst_imp, if i_clk_imp_en is set to 1, the o_en_ck_chop_imp shall be high and ck_chop_imp shall be generated from Clock generator block. On the hand, if i_clk_imp_en is",snap-b2e8101b00dc6909feaed885,data/canonical/canonical_store.sqlite,block_local_digital,Digital IPOS,normal_hierarchical,IPOS_STBIO1_MAIN_CONTROLLER_085,,Block
IPOS-MAIN-CONTROLLER-067,IPOS_STBIO1_MAIN_CONTROLLER_087,can-af4c9bade830ba23134d3ba8,IPOS_STBIO1_MAIN_CONTROLLER_087,Main Controller,"If i_su_hlt_dly is set to 0,at least 205 ms after the falling of o_rsti_imp, o_sug_imp shall go low. Instead, if i_su_hlt_dly is set to 1, 755ms after the falling of o_rsti_imp, o_sug_imp shall go low.",snap-b2e8101b00dc6909feaed885,data/canonical/canonical_store.sqlite,block_local_digital,Digital IPOS,normal_hierarchical,IPOS_STBIO1_MAIN_CONTROLLER_087,,Block
IPOS-MAIN-CONTROLLER-068,IPOS_STBIO1_MAIN_CONTROLLER_088,can-c41d89621313ed4d19e90498,IPOS_STBIO1_MAIN_CONTROLLER_088,Main Controller,The i_m_gsr [SET_GSR_FREQ_h and SET_GSR_FREQ_l] shall define how many time slots pass between two GSR acquisitions following this formula: GSRdata = time_slot 2 ∗ m_gsr,snap-b2e8101b00dc6909feaed885,data/canonical/canonical_store.sqlite,block_local_digital,Digital IPOS,normal_hierarchical,IPOS_STBIO1_MAIN_CONTROLLER_088,,Block
IPOS-MAIN-CONTROLLER-069,IPOS_STBIO1_MAIN_CONTROLLER_089,can-78c988ecaea54700f9744c38,IPOS_STBIO1_MAIN_CONTROLLER_089,Main Controller,"If the en_gsr_cds [bit 3 of GSR_CTRL] is set High, the i_m_gsr shall define also in which time slot after the GSR_Curr_on falls from 1 to 0, an acquisition without current injection (o_gsr_curr_on set",snap-b2e8101b00dc6909feaed885,data/canonical/canonical_store.sqlite,block_local_digital,Digital IPOS,normal_hierarchical,IPOS_STBIO1_MAIN_CONTROLLER_089,,Block
IPOS-MAIN-CONTROLLER-070,IPOS_STBIO1_MAIN_CONTROLLER_092,can-2611cc3225a4b8c9304706b3,IPOS_STBIO1_MAIN_CONTROLLER_092,Main Controller,"If en_gsr_cds is set low [bit 3 of GSR_CTRL], the gsr_curr_on shall set high in every time slot",snap-b2e8101b00dc6909feaed885,data/canonical/canonical_store.sqlite,block_local_digital,Digital IPOS,normal_hierarchical,IPOS_STBIO1_MAIN_CONTROLLER_092,,Block
IPOS-MAIN-CONTROLLER-071,IPOS_STBIO1_MAIN_CONTROLLER_093,can-afc26f5acc15bf552d041a28,IPOS_STBIO1_MAIN_CONTROLLER_093,Main Controller,"If en_gsr_cds is set high [bit 3 of GSR_CTRL] the GSR_SNS (acquisition with o_gsr_curr_on set to 1) and GSR_CDS (acquisition with o_gsr_curr_on set to 0) shall be sampled 16 times, then mediated to get one single value for each of them, and then the final result shall be the subtraction between GSR_SNS and GSR_CDS. On the other hand, If en_gsr_cds is set low, no acquisition of GSR_CDS shall be done and the result shall be the average of 16 acquisitions of",snap-b2e8101b00dc6909feaed885,data/canonical/canonical_store.sqlite,block_local_digital,Digital IPOS,normal_hierarchical,IPOS_STBIO1_MAIN_CONTROLLER_093,,Block
IPOS-MAIN-CONTROLLER-072,IPOS_STBIO1_MAIN_CONTROLLER_094,can-0a08d641b0779c72957f6a40,IPOS_STBIO1_MAIN_CONTROLLER_094,Main Controller,"When only GSR is selected (NO ECG0 and PPG are selected), if i_m_gsr [SET_GSR_FREQ_h and SET_GSR_FREQ_l] is greater than 0, the Device FSM shall go in SLEEP after the IDLE State and shall go back in Operative State only when the measurement shall be run or, in case of",snap-b2e8101b00dc6909feaed885,data/canonical/canonical_store.sqlite,block_local_digital,Digital IPOS,normal_hierarchical,IPOS_STBIO1_MAIN_CONTROLLER_094,,Block
IPOS-MAIN-CONTROLLER-073,IPOS_STBIO1_MAIN_CONTROLLER_095,can-eb93fbd3a59c8b065778f32b,IPOS_STBIO1_MAIN_CONTROLLER_095,Main Controller,"The o_En_TIA, o_EN_Buff, o_EN_ADC and o_EN_IDAC shall be high when the PPG_FSM is",snap-b2e8101b00dc6909feaed885,data/canonical/canonical_store.sqlite,block_local_digital,Digital IPOS,normal_hierarchical,IPOS_STBIO1_MAIN_CONTROLLER_095,,Block
IPOS-MAIN-CONTROLLER-074,IPOS_STBIO1_MAIN_CONTROLLER_096,can-334ba286f9f2b5a142f240ba,IPOS_STBIO1_MAIN_CONTROLLER_096,Main Controller,"When the i_m_ppg ( SET_PPG_FREQ_h and SET_PPG_FREQ_l) is different from 0 and PPG_SEL in DEVICE_CONFIG_CHANNEL register is set to 1, when the ELAB_FSM is in PPG STATE, PPG_IOFF_CALIB or PPG_ALC_STORAGE, the i_start_operation_for_ppg shall be set",snap-b2e8101b00dc6909feaed885,data/canonical/canonical_store.sqlite,block_local_digital,Digital IPOS,normal_hierarchical,IPOS_STBIO1_MAIN_CONTROLLER_096,,Block
IPOS-MAIN-CONTROLLER-075,IPOS_STBIO1_MAIN_CONTROLLER_098,can-ace4c3f346f228a3d687e547,IPOS_STBIO1_MAIN_CONTROLLER_098,Main Controller,"When in ALC Compensation, the PPG FSM shall raise the o_start_alc_comp signal to the ALC",snap-b2e8101b00dc6909feaed885,data/canonical/canonical_store.sqlite,block_local_digital,Digital IPOS,normal_hierarchical,IPOS_STBIO1_MAIN_CONTROLLER_098,,Block
IPOS-MAIN-CONTROLLER-076,IPOS_STBIO1_MAIN_CONTROLLER_099,can-a7aae5f4ae37ab4736066d0e,IPOS_STBIO1_MAIN_CONTROLLER_099,Main Controller,"When in ALC Compensation, the PPG shall wait that the rise of i_end_compensation signal from the ALC Compensation block to go into the RX_Start_UP state. This shall happen in OPERATIVE.",snap-b2e8101b00dc6909feaed885,data/canonical/canonical_store.sqlite,block_local_digital,Digital IPOS,normal_hierarchical,IPOS_STBIO1_MAIN_CONTROLLER_099,,Block
IPOS-MAIN-CONTROLLER-077,IPOS_STBIO1_MAIN_CONTROLLER_100,can-07ad9cbabb43ef1c31890d6c,IPOS_STBIO1_MAIN_CONTROLLER_100,Main Controller,"When in Rx_Start_Up state, the o_tx_Preset shall be set 0, the en_tx_i shall be set to 1, the o_BIDAC shall maintain the value reached during the ALC Compensation summed up, if i_ppg_ioff_calibration is enabled, with the IOFF_OFFSET computed during the IOFF Calibration",snap-b2e8101b00dc6909feaed885,data/canonical/canonical_store.sqlite,block_local_digital,Digital IPOS,normal_hierarchical,IPOS_STBIO1_MAIN_CONTROLLER_100,,Block
IPOS-MAIN-CONTROLLER-078,IPOS_STBIO1_MAIN_CONTROLLER_1004,can-f77e5d634719873f60f5736b,IPOS_STBIO1_MAIN_CONTROLLER_1004,Main Controller,[Covers: DDS_STBIO1_0118] [Covers: DDS_STBIO1_0125] The user shall configure time slot duration in DEVICE_CONFIG_OPERATION register [4:2],snap-b2e8101b00dc6909feaed885,data/canonical/canonical_store.sqlite,block_local_digital,Digital IPOS,normal_hierarchical,IPOS_STBIO1_MAIN_CONTROLLER_1004,,Block
IPOS-MAIN-CONTROLLER-079,IPOS_STBIO1_MAIN_CONTROLLER_1005,can-37f2a4b9bb0158db472035ef,IPOS_STBIO1_MAIN_CONTROLLER_1005,Main Controller,The user shall configure which channel is selected and if work in Data Storage mode for the,snap-b2e8101b00dc6909feaed885,data/canonical/canonical_store.sqlite,block_local_digital,Digital IPOS,normal_hierarchical,IPOS_STBIO1_MAIN_CONTROLLER_1005,,Block
IPOS-MAIN-CONTROLLER-080,IPOS_STBIO1_MAIN_CONTROLLER_1007,can-b3f1c1049c13cd4c05c31ea4,IPOS_STBIO1_MAIN_CONTROLLER_1007,Main Controller,"[Covers: DDS_STBIO1_0120] [Covers: DDS_STBIO1_0122] [Covers: DDS_STBIO1_0127] [Covers: DDS_STBIO1_0130] In Order to enable an ECG0 Channel Operation, the user shall always select the ECG0 channel",snap-b2e8101b00dc6909feaed885,data/canonical/canonical_store.sqlite,block_local_digital,Digital IPOS,normal_hierarchical,IPOS_STBIO1_MAIN_CONTROLLER_1007,,Block
IPOS-MAIN-CONTROLLER-081,IPOS_STBIO1_MAIN_CONTROLLER_1008,can-7a49992c398118548220a215,IPOS_STBIO1_MAIN_CONTROLLER_1008,Main Controller,"[Covers: DDS_STBIO1_0128] [Covers: DDS_STBIO1_0140] In Order to enable a BIA Channel Operation, the user shall always select the BIA channel",snap-b2e8101b00dc6909feaed885,data/canonical/canonical_store.sqlite,block_local_digital,Digital IPOS,normal_hierarchical,IPOS_STBIO1_MAIN_CONTROLLER_1008,,Block
IPOS-MAIN-CONTROLLER-082,IPOS_STBIO1_MAIN_CONTROLLER_1009,can-207ee9b69e0e0a98b964248f,IPOS_STBIO1_MAIN_CONTROLLER_1009,Main Controller,"In Order to enable a GSR Channel Operation, the user shall always select the GSR channel",snap-b2e8101b00dc6909feaed885,data/canonical/canonical_store.sqlite,block_local_digital,Digital IPOS,normal_hierarchical,IPOS_STBIO1_MAIN_CONTROLLER_1009,,Block
IPOS-MAIN-CONTROLLER-083,IPOS_STBIO1_MAIN_CONTROLLER_101,can-e97cd5b9b33c3e5eff022ead,IPOS_STBIO1_MAIN_CONTROLLER_101,Main Controller,"When in Rx_Start_Up state, the PPG_FSM shall stay in this state for the T_rx_set time (GENERAL_PPG_PARAMETERS_3 register [3:0])) and then go into the FIRST_ALC_SAMPLES",snap-b2e8101b00dc6909feaed885,data/canonical/canonical_store.sqlite,block_local_digital,Digital IPOS,normal_hierarchical,IPOS_STBIO1_MAIN_CONTROLLER_101,,Block
IPOS-MAIN-CONTROLLER-084,IPOS_STBIO1_MAIN_CONTROLLER_1010,can-cba9fb257d4ac7dda69b1491,IPOS_STBIO1_MAIN_CONTROLLER_1010,Main Controller,"In Order to enable a PPG Channel Operation, the user shall always select the PPG channel",snap-b2e8101b00dc6909feaed885,data/canonical/canonical_store.sqlite,block_local_digital,Digital IPOS,normal_hierarchical,IPOS_STBIO1_MAIN_CONTROLLER_1010,,Block
IPOS-MAIN-CONTROLLER-085,IPOS_STBIO1_MAIN_CONTROLLER_1011,can-d39754656859455b339ef80f,IPOS_STBIO1_MAIN_CONTROLLER_1011,Main Controller,"In Order to enable an ECG1_ECG2 Channel Operation, the user shall always select the ECG1_ECG2 channel (DEVICE_CONFIG_CHANNEL), set the i_M_ECG greater than zero and",snap-b2e8101b00dc6909feaed885,data/canonical/canonical_store.sqlite,block_local_digital,Digital IPOS,normal_hierarchical,IPOS_STBIO1_MAIN_CONTROLLER_1011,,Block
IPOS-MAIN-CONTROLLER-086,IPOS_STBIO1_MAIN_CONTROLLER_102,can-09db1e7f4b10eb486009f9c7,IPOS_STBIO1_MAIN_CONTROLLER_102,Main Controller,"When in FIRST_ALC_SAMPLES state, the o_start_ADC signal shall be set high until",snap-b2e8101b00dc6909feaed885,data/canonical/canonical_store.sqlite,block_local_digital,Digital IPOS,normal_hierarchical,IPOS_STBIO1_MAIN_CONTROLLER_102,,Block
IPOS-MAIN-CONTROLLER-087,IPOS_STBIO1_MAIN_CONTROLLER_103,can-3896966eb93789c822f82ba1,IPOS_STBIO1_MAIN_CONTROLLER_103,Main Controller,"When in FIRST_ALC_SAMPLES state, the PPG_FSM Shall stay in this state until 1 clock cycle after the rise of the i_end_average and the TX_start_up time has passed. After that, the PPG FSM",snap-b2e8101b00dc6909feaed885,data/canonical/canonical_store.sqlite,block_local_digital,Digital IPOS,normal_hierarchical,IPOS_STBIO1_MAIN_CONTROLLER_103,,Block
IPOS-MAIN-CONTROLLER-088,IPOS_STBIO1_MAIN_CONTROLLER_1034,can-31b834abae8de8b9bd36048d,IPOS_STBIO1_MAIN_CONTROLLER_1034,Main Controller,"Once in the ERROR state, the user shall wait 1ms before set to 0 the MODE_OPERATION to go",snap-b2e8101b00dc6909feaed885,data/canonical/canonical_store.sqlite,block_local_digital,Digital IPOS,normal_hierarchical,IPOS_STBIO1_MAIN_CONTROLLER_1034,,Block
IPOS-MAIN-CONTROLLER-089,IPOS_STBIO1_MAIN_CONTROLLER_104,can-796769d65d1c7ddb329865ad,IPOS_STBIO1_MAIN_CONTROLLER_104,Main Controller,"When in FIRST_ALC_SAMPLES state, when i_end_average is set to 1, the o_start_digital_ramp signal shall be set high to start the rising of the digital ramp and go into the RISING_RAMP state.",snap-b2e8101b00dc6909feaed885,data/canonical/canonical_store.sqlite,block_local_digital,Digital IPOS,normal_hierarchical,IPOS_STBIO1_MAIN_CONTROLLER_104,,Block
IPOS-MAIN-CONTROLLER-090,IPOS_STBIO1_MAIN_CONTROLLER_105,can-48bca61825ae0aa8ded2abf1,IPOS_STBIO1_MAIN_CONTROLLER_105,Main Controller,"When in Rising_Ramp state, at the half of Rising_time, the o_idac_dc_ppg_frame shall be set to the IDAC_DC_PPG_FRAME_{n} (FRAME_n_PARAMETERS_5 register [5:0]) value related to the",snap-b2e8101b00dc6909feaed885,data/canonical/canonical_store.sqlite,block_local_digital,Digital IPOS,normal_hierarchical,IPOS_STBIO1_MAIN_CONTROLLER_105,,Block
IPOS-MAIN-CONTROLLER-091,IPOS_STBIO1_MAIN_CONTROLLER_106,can-481be0cb5bcaf9a7e5ed6b46,IPOS_STBIO1_MAIN_CONTROLLER_106,Main Controller,"When in Rising_Ramp State, the PPG_FSM shall stay in this state until the end of the Rising Time",snap-b2e8101b00dc6909feaed885,data/canonical/canonical_store.sqlite,block_local_digital,Digital IPOS,normal_hierarchical,IPOS_STBIO1_MAIN_CONTROLLER_106,,Block
IPOS-MAIN-CONTROLLER-092,IPOS_STBIO1_MAIN_CONTROLLER_108,can-396c0dbeca8382aac7a23415,IPOS_STBIO1_MAIN_CONTROLLER_108,Main Controller,"When in Measurement state, the PPG_FSM shall stay in this state until the rising of the i_end_average signal from the ADC block. After that, the PPG_FSM shall bring itself into the Falling",snap-b2e8101b00dc6909feaed885,data/canonical/canonical_store.sqlite,block_local_digital,Digital IPOS,normal_hierarchical,IPOS_STBIO1_MAIN_CONTROLLER_108,,Block
IPOS-MAIN-CONTROLLER-093,IPOS_STBIO1_MAIN_CONTROLLER_109,can-53fda3d0ba5440a1c323a8d7,IPOS_STBIO1_MAIN_CONTROLLER_109,Main Controller,"When in MEASUREMENT State, the o_falling_digital_ramp signal shall be set to 1 to go into the",snap-b2e8101b00dc6909feaed885,data/canonical/canonical_store.sqlite,block_local_digital,Digital IPOS,normal_hierarchical,IPOS_STBIO1_MAIN_CONTROLLER_109,,Block
IPOS-MAIN-CONTROLLER-094,IPOS_STBIO1_MAIN_CONTROLLER_1095,can-04f2ffd84185ea0ceb40d37d,IPOS_STBIO1_MAIN_CONTROLLER_1095,Main Controller,"The o_pd_tia, o_pd_idac and o_pd_pga shall be the negated version the o_en_tia, o_en_idac",snap-b2e8101b00dc6909feaed885,data/canonical/canonical_store.sqlite,block_local_digital,Digital IPOS,normal_hierarchical,IPOS_STBIO1_MAIN_CONTROLLER_1095,,Block
IPOS-MAIN-CONTROLLER-095,IPOS_STBIO1_MAIN_CONTROLLER_110,can-8bae8649d7bba6484e088d24,IPOS_STBIO1_MAIN_CONTROLLER_110,Main Controller,"When in Falling_Ramp State, at the half of the Falling_Time the o_idac_dc_ppg_frame shall be",snap-b2e8101b00dc6909feaed885,data/canonical/canonical_store.sqlite,block_local_digital,Digital IPOS,normal_hierarchical,IPOS_STBIO1_MAIN_CONTROLLER_110,,Block
IPOS-MAIN-CONTROLLER-096,IPOS_STBIO1_MAIN_CONTROLLER_1102,can-2c2dde1a892e7df6198323bf,IPOS_STBIO1_MAIN_CONTROLLER_1102,Main Controller,Tx Preset shall be set to 1 a configurable TX_Preset_Step time before the start of the Digital,snap-b2e8101b00dc6909feaed885,data/canonical/canonical_store.sqlite,block_local_digital,Digital IPOS,normal_hierarchical,IPOS_STBIO1_MAIN_CONTROLLER_1102,,Block
IPOS-MAIN-CONTROLLER-097,IPOS_STBIO1_MAIN_CONTROLLER_1104,can-041fb76373c84db860ea3aee,IPOS_STBIO1_MAIN_CONTROLLER_1104,Main Controller,Tx Preset shall be set to 0 before the rising phase(i_start_digtal_ramp) and after the falling phase,snap-b2e8101b00dc6909feaed885,data/canonical/canonical_store.sqlite,block_local_digital,Digital IPOS,normal_hierarchical,IPOS_STBIO1_MAIN_CONTROLLER_1104,,Block
IPOS-MAIN-CONTROLLER-098,IPOS_STBIO1_MAIN_CONTROLLER_111,can-5c51771379a5c8b4c543ecbb,IPOS_STBIO1_MAIN_CONTROLLER_111,Main Controller,"When in Falling_Ramp state, the PPG_FSM shall stay in this state until the end of the Falling Time (depends on the user's configuration of Digital Ramp parameters) and bring itself into the",snap-b2e8101b00dc6909feaed885,data/canonical/canonical_store.sqlite,block_local_digital,Digital IPOS,normal_hierarchical,IPOS_STBIO1_MAIN_CONTROLLER_111,,Block
IPOS-MAIN-CONTROLLER-099,IPOS_STBIO1_MAIN_CONTROLLER_1116,can-f99c99cd3eec873a8a9cdb7e,IPOS_STBIO1_MAIN_CONTROLLER_1116,Main Controller,"When the Ioff Calibration algorithm is enabled, it shall be performed every time a new",snap-b2e8101b00dc6909feaed885,data/canonical/canonical_store.sqlite,block_local_digital,Digital IPOS,normal_hierarchical,IPOS_STBIO1_MAIN_CONTROLLER_1116,,Block
IPOS-MAIN-CONTROLLER-100,IPOS_STBIO1_MAIN_CONTROLLER_112,can-e85ea8d07d72d99e8de9d408,IPOS_STBIO1_MAIN_CONTROLLER_112,Main Controller,"When in SECOND_ALC_SAMPLES state, the o_en_Txi shall be set low after the end at least of the T_tx_ledoff time (TX_LEDOFF_FRAME_{n}) and the o_start_adc signal shall be set to 1.",snap-b2e8101b00dc6909feaed885,data/canonical/canonical_store.sqlite,block_local_digital,Digital IPOS,normal_hierarchical,IPOS_STBIO1_MAIN_CONTROLLER_112,,Block
IPOS-MAIN-CONTROLLER-101,IPOS_STBIO1_MAIN_CONTROLLER_113,can-b177cd4267393d53252b9d9c,IPOS_STBIO1_MAIN_CONTROLLER_113,Main Controller,"When in SECOND_ALC_SAMPLES state, the PPG_FSM shall stay in this state until the rise of the end_of_conversion signal from the ADC block. After that, if there are no more frames to run, the PPG_FSM shall go into the Reset State, otherwise, if there are other frames to run and channel rx is not changed, the PPG_FSM shall go into the Rx_start_up phase. On the other hand, if there are other frame to run and rx_channel is changed, the PPG_FSM shall go into the RESET_PPG",snap-b2e8101b00dc6909feaed885,data/canonical/canonical_store.sqlite,block_local_digital,Digital IPOS,normal_hierarchical,IPOS_STBIO1_MAIN_CONTROLLER_113,,Block
IPOS-MAIN-CONTROLLER-102,IPOS_STBIO1_MAIN_CONTROLLER_1139,can-54429a3016980462db15cd4c,IPOS_STBIO1_MAIN_CONTROLLER_1139,Main Controller,"The PPG Noise Data shall be accumulated in two phases, the first when the PPG FSM state is in FIRST_ALC_SAMPLES States and the second when the PPG FSM state is in the",snap-b2e8101b00dc6909feaed885,data/canonical/canonical_store.sqlite,block_local_digital,Digital IPOS,normal_hierarchical,IPOS_STBIO1_MAIN_CONTROLLER_1139,,Block
IPOS-MAIN-CONTROLLER-103,IPOS_STBIO1_MAIN_CONTROLLER_1143,can-4f18ab6e0b2069b6338d321d,IPOS_STBIO1_MAIN_CONTROLLER_1143,Main Controller,"For GSR Operation, if i_en_cds is set 0, the behavior shall as described in Requirement 143, otherwise the o_write_enabled shall be asserted when i_end_of_coversion is set to 1 and i_n_average_ecg_bia_gsr is equal to their limit values when the measurement is done with",snap-b2e8101b00dc6909feaed885,data/canonical/canonical_store.sqlite,block_local_digital,Digital IPOS,normal_hierarchical,IPOS_STBIO1_MAIN_CONTROLLER_1143,,Block
IPOS-MAIN-CONTROLLER-104,IPOS_STBIO1_MAIN_CONTROLLER_115,can-68e3265f492ccd498f37000e,IPOS_STBIO1_MAIN_CONTROLLER_115,Main Controller,"At the end of each Frame, the start_avarage signal shall be rise to the Average block computation. Once the Average is computed, if no averages_between_equal_frames option is selected, the data shall be written inside the FIFO Memory using the Main Control ler AHB Master interface. If there is avareges_between_equal_frames option selected from regmap, after the computations of this average, the obtained data shall be written inside the FIFO Memory using the Main Controller AHB",snap-b2e8101b00dc6909feaed885,data/canonical/canonical_store.sqlite,block_local_digital,Digital IPOS,normal_hierarchical,IPOS_STBIO1_MAIN_CONTROLLER_115,,Block
IPOS-MAIN-CONTROLLER-105,IPOS_STBIO1_MAIN_CONTROLLER_118,can-011daeee867c323a0ae96acc,IPOS_STBIO1_MAIN_CONTROLLER_118,Main Controller,"When the input signal o_Tx_preset is set to 1, the o_Tx_Vref shall increment the first step at value i_N_start (DIGITAL_RAMP_CONFIG_PARAM_3 register [2:0]) at a time i_T_preset",snap-b2e8101b00dc6909feaed885,data/canonical/canonical_store.sqlite,block_local_digital,Digital IPOS,normal_hierarchical,IPOS_STBIO1_MAIN_CONTROLLER_118,,Block
IPOS-MAIN-CONTROLLER-106,IPOS_STBIO1_MAIN_CONTROLLER_120,can-fd26d89162656c62b5e6e88d,IPOS_STBIO1_MAIN_CONTROLLER_120,Main Controller,"When the i_falling_digital_ramp is set to 1, the o_TX_Vref shall decrement from N_MAX value (DIGITAL_RAMP_CONFIG_PARAM_1 register [3:0]) to zero with a step equal to 1 every 2-clock",snap-b2e8101b00dc6909feaed885,data/canonical/canonical_store.sqlite,block_local_digital,Digital IPOS,normal_hierarchical,IPOS_STBIO1_MAIN_CONTROLLER_120,,Block
IPOS-MAIN-CONTROLLER-107,IPOS_STBIO1_MAIN_CONTROLLER_126,can-8bff4530f202eaff1cc54624,IPOS_STBIO1_MAIN_CONTROLLER_126,Main Controller,"When ALC_COMP starts, o_BTIA_gain (2:0) shall be set at i_gain_start (PPG_ALC_CONFIG_PARAM_2 register [4:2]) and o_w_BTIA_ALC (8:0) shall be set at",snap-b2e8101b00dc6909feaed885,data/canonical/canonical_store.sqlite,block_local_digital,Digital IPOS,normal_hierarchical,IPOS_STBIO1_MAIN_CONTROLLER_126,,Block
IPOS-MAIN-CONTROLLER-108,IPOS_STBIO1_MAIN_CONTROLLER_128,can-6ea20d93ffa222b0e2c99ba8,IPOS_STBIO1_MAIN_CONTROLLER_128,Main Controller,When ECG0 and BIA are selected 21 acquisitions shall be required (acquisitions described in section 5.4 ADC PHASE) and then device shall go in SLEEP (DEVICE_STATUS_REG register,snap-b2e8101b00dc6909feaed885,data/canonical/canonical_store.sqlite,block_local_digital,Digital IPOS,normal_hierarchical,IPOS_STBIO1_MAIN_CONTROLLER_128,,Block
IPOS-MAIN-CONTROLLER-109,IPOS_STBIO1_MAIN_CONTROLLER_134,can-83f0b7157fe28f6715efa10c,IPOS_STBIO1_MAIN_CONTROLLER_134,Main Controller,"According to time diagram, when in RESET_PPG and ELAB_FSM is in PPG state during the first frame (i_id_frame=0) , shall be wait a configurable time PPG_START_UP_TIME (PPG_START_UP_TIME starting from when i_start_operation_ppg is set to 1 and at least 1 clock",snap-b2e8101b00dc6909feaed885,data/canonical/canonical_store.sqlite,block_local_digital,Digital IPOS,normal_hierarchical,IPOS_STBIO1_MAIN_CONTROLLER_134,,Block
IPOS-MAIN-CONTROLLER-110,IPOS_STBIO1_MAIN_CONTROLLER_137,can-f061cce8d8f6532910931f33,IPOS_STBIO1_MAIN_CONTROLLER_137,Main Controller,"The average block shall perform an average on 4 Samples for each of ECG_x_AC, BIA AC P, BIA AC Q, BIA DC P and BIA DC Q , 1 Sample ECG_x_DC (Check if the i_end_of_coversion rise the",snap-b2e8101b00dc6909feaed885,data/canonical/canonical_store.sqlite,block_local_digital,Digital IPOS,normal_hierarchical,IPOS_STBIO1_MAIN_CONTROLLER_137,,Block
IPOS-MAIN-CONTROLLER-111,IPOS_STBIO1_MAIN_CONTROLLER_138,can-569c0cd40266206a06767d37,IPOS_STBIO1_MAIN_CONTROLLER_138,Main Controller,"The average block shall perform the average on 16 sample acquisition for GSR. When the CDS mode is enabled, the average block shall perform a n average on 16 sample acquisition on GSR ON and 16 sample acquisition on GSR OFF, then shall perform a subtraction operation between",snap-b2e8101b00dc6909feaed885,data/canonical/canonical_store.sqlite,block_local_digital,Digital IPOS,normal_hierarchical,IPOS_STBIO1_MAIN_CONTROLLER_138,,Block
IPOS-MAIN-CONTROLLER-112,IPOS_STBIO1_MAIN_CONTROLLER_140,can-2d69243af8e7f0e817ebf499,IPOS_STBIO1_MAIN_CONTROLLER_140,Main Controller,"Once the PPG Raw Data and PPG Noise reach the i_n_average_ppg value , depending on the ALC Mask bit value, the two accumulated shall be subtracted and final results shall be computed as follow: I_N_Average_PPG Samples Result with ALC MASK=0 Result with ALC Mask=1 0 3= (N1+P+N2) (Acc_P-(Acc_N)/2) * 8 Acc_P*16 2 4= (N1+2P+N2) (Acc_P -(Acc_N)) * 4 Acc_P *8 4 8= (2N1+4P+2N2) (Acc_P -(Acc_N)) * 2 Acc_P *4 8 16= (4N1+8P+4N2) (Acc_P -(Acc_N)) Acc_P *2 16 32= (8N1+16P+8N2) (Acc_P -(Acc_N))/2 Acc_P 32 64= (16N1+32P+16N2) (Acc_P -(Acc_N))/4 Acc_P /2 64 128= (32N1+64P+32N2) (Acc_P -(Acc_N))/8 Acc_P /4 128 256= (64N1+128P+64N2) (Acc_P -(Acc_N))/16 Acc_P /8 Table 18: PPG Result Table Where PPG Raw Data is indicated as P and PPG Noise is indicated as N1 and N2, while Acc_P",snap-b2e8101b00dc6909feaed885,data/canonical/canonical_store.sqlite,block_local_digital,Digital IPOS,normal_hierarchical,IPOS_STBIO1_MAIN_CONTROLLER_140,,Block
IPOS-MAIN-CONTROLLER-113,IPOS_STBIO1_MAIN_CONTROLLER_2143,can-9ea0a8246c3fe782073070a0,IPOS_STBIO1_MAIN_CONTROLLER_2143,Main Controller,"When i_frame_ppg_debug is set to a value greater than 0 and i_n_average_ppg is set to a value between 1 and 16, all the ADC output (i_data_in) for ALC (i_data_valid_noise_ppg_adc set to 1) and PPG data (i_data_valid_ppg_adc) shall be stored in o_adc_data_debug_alc_2,",snap-b2e8101b00dc6909feaed885,data/canonical/canonical_store.sqlite,block_local_digital,Digital IPOS,normal_hierarchical,IPOS_STBIO1_MAIN_CONTROLLER_2143,,Block
IPOS-MAIN-CONTROLLER-114,IPOS_STBIO1_MAIN_CONTROLLER_2144,can-df332e45fc711566566b7836,IPOS_STBIO1_MAIN_CONTROLLER_2144,Main Controller,[Covers: DDS_STBIO1_0124] [Covers: DDS_STBIO1_0142] The data written in FIFO shall have the following tag: DATA TYPE BIT: 23 - 20 BIT: 19 - 16 BIT: 15 - 0 PPG FRAME 0 0000 DATA 20 BIT DATA 20 BIT DATA 20 BIT DATA 20 BIT DATA 20 BIT DATA 20 BIT DATA 20 BIT DATA 20 BIT DATA 20 BIT DATA 20 BIT DATA 20 BIT DATA 20 BIT PPG FRAME 1 0001 PPG FRAME 2 0010 PPG FRAME 3 0011 PPG FRAME 4 0100 PPG FRAME 5 0101 PPG FRAME 6 0110 PPG FRAME 7 0111 PPG FRAME 8 1000 PPG FRAME 9 1001 PPG FRAME 10 1010 PPG FRAME 11 1011 TIME SLOT DATA 1111 0000 DATA 16 BIT ECG0_AC 1100 0000 DATA 16 BIT ECG0_DC 1101 0000 DATA 16 BIT ECG1_AC 1100 0001 DATA 16 BIT ECG1_DC 1101 0001 DATA 16 BIT ECG2_AC 1100 0010 DATA 16 BIT ECG2_DC 1101 0010 DATA 16 BIT,snap-b2e8101b00dc6909feaed885,data/canonical/canonical_store.sqlite,block_local_digital,Digital IPOS,normal_hierarchical,IPOS_STBIO1_MAIN_CONTROLLER_2144,,Digital
IPOS-MAIN-CONTROLLER-115,IPOS_STBIO1_MAIN_CONTROLLER_2145,can-659241fdf5825bdf8b2e6cb2,IPOS_STBIO1_MAIN_CONTROLLER_2145,Main Controller,"The Frame shall work as follows: 1. Select how many times a particular frame shall be repeated 2. The result of each repetition shall be obtained as explained in [IPOS_STBIO1_MAIN_CONTROLLER_1 40] REQUIREMENT 3. After the last repetition has been accumulated, the data output shall be obtained dividing by the number of repeated frames the accumulated data to obtain a 20 bit data. The final result shall be computed as follows: Number of times the Frame has been repeated Result 2 (Res_F_R1 + Res_F_R2)/2 4 (Res_F_R1 + Res_F_R2+Res_F_R3+Res_F_R4)/4 8 (Res_F_R1 + Res_F_R2+Res_F_R3+…..+Res_F_R8)/8 Table 20: Frame Repetitions Result Computation table Where Res_F_Rx stands for Result_frame_Repeated_times (Example: RES_F_R2 refers to the result of the second repetition of the frame.",snap-b2e8101b00dc6909feaed885,data/canonical/canonical_store.sqlite,block_local_digital,Digital IPOS,normal_hierarchical,IPOS_STBIO1_MAIN_CONTROLLER_2145,,Block
IPOS-MAIN-CONTROLLER-116,IPOS_STBIO1_MAIN_CONTROLLER_2146,can-011c746f4576d0e7a100c158,IPOS_STBIO1_MAIN_CONTROLLER_2146,Main Controller,"In case the ppg sample data are equal (once converted in two’s complement) at 0x8000 or 0x7FFF for at least half of the selected average (example, if 128 acquisitions are selected, the threshold shall be greater or equal to 64), o_saturation_flag shall be set to 1 and shall go to 0 at the start of the next frame or frame repetition.",snap-b2e8101b00dc6909feaed885,data/canonical/canonical_store.sqlite,block_local_digital,Digital IPOS,normal_hierarchical,IPOS_STBIO1_MAIN_CONTROLLER_2146,,Block
IPOS-MAIN-CONTROLLER-117,IPOS_STBIO1_MAIN_CONTROLLER_3124,can-85778b8454e4d065795fa9f9,IPOS_STBIO1_MAIN_CONTROLLER_3124,Main Controller,"When the ELAB_FSM is in ECG State and only ECG0 is selected, the o_ADC_EN shall go high,",snap-b2e8101b00dc6909feaed885,data/canonical/canonical_store.sqlite,block_local_digital,Digital IPOS,normal_hierarchical,IPOS_STBIO1_MAIN_CONTROLLER_3124,,Block
IPOS-MAIN-CONTROLLER-118,IPOS_STBIO1_MAIN_CONTROLLER_3125,can-e38fa3af5ce6bd176ab38aad,IPOS_STBIO1_MAIN_CONTROLLER_3125,Main Controller,"When ELAB_FSM is in ECG state and ECG1 and ECG2 are selected , o_ADC_EN shall go high and 10 acquisitions are required (acquisitions described in chapter in section 5.4 ADC PHASE).",snap-b2e8101b00dc6909feaed885,data/canonical/canonical_store.sqlite,block_local_digital,Digital IPOS,normal_hierarchical,IPOS_STBIO1_MAIN_CONTROLLER_3125,,Block
IPOS-MAIN-CONTROLLER-119,IPOS_STBIO1_MAIN_CONTROLLER_3126,can-b3049de0ad94eb28389a2da7,IPOS_STBIO1_MAIN_CONTROLLER_3126,Main Controller,"When ELAB_FSM is in ECG state and EC0, ECG1 and ECG2 are selected , o_ADC_EN shall go high and15 acquisitions are required (acquisitions described in 5.4 ADC PHASE) and then device",snap-b2e8101b00dc6909feaed885,data/canonical/canonical_store.sqlite,block_local_digital,Digital IPOS,normal_hierarchical,IPOS_STBIO1_MAIN_CONTROLLER_3126,,Block
IPOS-MAIN-CONTROLLER-120,IPOS_STBIO1_MAIN_CONTROLLER_3127,can-467003ab893cea0538f829d1,IPOS_STBIO1_MAIN_CONTROLLER_3127,Main Controller,"When ELAB_FSM is in BIA state , o_ADC_EN shall go high and 16 acquisitions are required (acquisitions described in section 5.4 ADC PHASE ) and then device shall go in",snap-b2e8101b00dc6909feaed885,data/canonical/canonical_store.sqlite,block_local_digital,Digital IPOS,normal_hierarchical,IPOS_STBIO1_MAIN_CONTROLLER_3127,,Block
IPOS-MAIN-CONTROLLER-121,IPOS_STBIO1_MAIN_CONTROLLER_3128,can-0b84927188517dfc3737d303,IPOS_STBIO1_MAIN_CONTROLLER_3128,Main Controller,"When the wave velocity mode is selected and the device FSM is in WAIT_SU, the Elaboration FSM shall go into the TIMER BUFFER State and then into the PPG ALC STORAGE",snap-b2e8101b00dc6909feaed885,data/canonical/canonical_store.sqlite,block_local_digital,Digital IPOS,normal_hierarchical,IPOS_STBIO1_MAIN_CONTROLLER_3128,,Block
IPOS-MAIN-CONTROLLER-122,IPOS_STBIO1_MAIN_CONTROLLER_3129,can-561314ddb7fac99b5fd5a89b,IPOS_STBIO1_MAIN_CONTROLLER_3129,Main Controller,"When the ppg ioff calibration and the adc calibration are selected, the adc calibration shall be",snap-b2e8101b00dc6909feaed885,data/canonical/canonical_store.sqlite,block_local_digital,Digital IPOS,normal_hierarchical,IPOS_STBIO1_MAIN_CONTROLLER_3129,,Block
IPOS-MAIN-CONTROLLER-123,IPOS_STBIO1_MAIN_CONTROLLER_4079,can-a3837229b89477e7d6614369,IPOS_STBIO1_MAIN_CONTROLLER_4079,Main Controller,"If i_rst_async_ecg is set to 1, the start-up phase shall restart but no clock shall stop if enabled.",snap-b2e8101b00dc6909feaed885,data/canonical/canonical_store.sqlite,block_local_digital,Digital IPOS,normal_hierarchical,IPOS_STBIO1_MAIN_CONTROLLER_4079,,Block
IPOS-MAIN-CONTROLLER-124,IPOS_STBIO1_MAIN_CONTROLLER_4080,can-ec99b1c86b6dd01e8534cf8b,IPOS_STBIO1_MAIN_CONTROLLER_4080,Main Controller,"If i_rst_async_ecg is set to 1, it shall go to zero at least 5ms after that o_su_hc2 is set to 0.",snap-b2e8101b00dc6909feaed885,data/canonical/canonical_store.sqlite,block_local_digital,Digital IPOS,normal_hierarchical,IPOS_STBIO1_MAIN_CONTROLLER_4080,,Block
IPOS-MAIN-CONTROLLER-125,IPOS_STBIO1_MAIN_CONTROLLER_4090,can-4c9ad189607dd27e008ad91f,IPOS_STBIO1_MAIN_CONTROLLER_4090,Main Controller,"If i_rst_async_bia is set to 1, the start-up phase shall restart but no clock shall stop if",snap-b2e8101b00dc6909feaed885,data/canonical/canonical_store.sqlite,block_local_digital,Digital IPOS,normal_hierarchical,IPOS_STBIO1_MAIN_CONTROLLER_4090,,Block
IPOS-MAIN-CONTROLLER-126,IPOS_STBIO1_MAIN_CONTROLLER_4091,can-0850a5f6f2e098934124e9a0,IPOS_STBIO1_MAIN_CONTROLLER_4091,Main Controller,"If i_rst_async_bia is set to 1, it shall go to zero at least 5ms after that the o_sug_imp is set to 0",snap-b2e8101b00dc6909feaed885,data/canonical/canonical_store.sqlite,block_local_digital,Digital IPOS,normal_hierarchical,IPOS_STBIO1_MAIN_CONTROLLER_4091,,Block
IPOS-MAIN-CONTROLLER-127,IPOS_STBIO1_MAIN_CONTROLLER_436,can-a678243864c02c83ce158886,IPOS_STBIO1_MAIN_CONTROLLER_436,Main Controller,"When in Sleep Mode and no Bio-Channel are selected, if every elaboration is ended and there are at least 34 clock cycles at 32kHz before the start of a new time slot, the o_en_ldo_1v8 shall go",snap-b2e8101b00dc6909feaed885,data/canonical/canonical_store.sqlite,block_local_digital,Digital IPOS,normal_hierarchical,IPOS_STBIO1_MAIN_CONTROLLER_436,,Block
IPOS-MAIN-CONTROLLER-128,IPOS_STBIO1_MAIN_CONTROLLER_5004,can-afb79056c99d33b4f93a67e5,IPOS_STBIO1_MAIN_CONTROLLER_5004,Main Controller,"The max value that the user shall use for every m_channel (m_ecg, m_bia, m_gsr and m_ppg) is",snap-b2e8101b00dc6909feaed885,data/canonical/canonical_store.sqlite,block_local_digital,Digital IPOS,normal_hierarchical,IPOS_STBIO1_MAIN_CONTROLLER_5004,,Block
IPOS-MAIN-CONTROLLER-129,IPOS_STBIO1_MAIN_CONTROLLER_5005,can-3f1f2e1ff5273fc40abe347d,IPOS_STBIO1_MAIN_CONTROLLER_5005,Main Controller,"If the user set a value greater than 1024 into ones of the m_channel (see req 5004), the value shall clamp at 1024 (check the input i_m_ecg, i_m_bia, i_m_gsr or i_m_ppg into the main",snap-b2e8101b00dc6909feaed885,data/canonical/canonical_store.sqlite,block_local_digital,Digital IPOS,normal_hierarchical,IPOS_STBIO1_MAIN_CONTROLLER_5005,,Block
IPOS-MAIN-CONTROLLER-130,IPOS_STBIO1_MAIN_CONTROLLER_5015,can-e35e106d7724a1ee18a05637,IPOS_STBIO1_MAIN_CONTROLLER_5015,Main Controller,"[Covers: DDS_STBIO1_1114] The State WAIT_SU shall not be considered interruptible. If the user wants to interrupt the WAIT_SU state, it shall perform the Soft Reset procedure described in the DDS",snap-b2e8101b00dc6909feaed885,data/canonical/canonical_store.sqlite,block_local_digital,Digital IPOS,normal_hierarchical,IPOS_STBIO1_MAIN_CONTROLLER_5015,,Block
IPOS-MAIN-CONTROLLER-131,IPOS_STBIO1_MAIN_CONTROLLER_5016,can-275d328600dfb32d0048853b,IPOS_STBIO1_MAIN_CONTROLLER_5016,Main Controller,"When an ECG, BIA or GSR Operation is selected and DS_SEL is set to 0, The DATA Output for these two channels shall be written in the following regmap registers ECG0_AC ECG0_DC ECG1_BIA_P_AC ECG1_BIA_P_DC ECG2_BIA_Q_AC ECG2_BIA_Q_DC GSR_RESULT",snap-b2e8101b00dc6909feaed885,data/canonical/canonical_store.sqlite,block_local_digital,Digital IPOS,normal_hierarchical,IPOS_STBIO1_MAIN_CONTROLLER_5016,,Block
IPOS-MAIN-CONTROLLER-132,IPOS_STBIO1_MAIN_CONTROLLER_5092,can-07ce0e279b04048385ba0fbe,IPOS_STBIO1_MAIN_CONTROLLER_5092,Main Controller,i_rst_async_bia shall be used also to reset the START-UP phase for ECG channel 1 and,snap-b2e8101b00dc6909feaed885,data/canonical/canonical_store.sqlite,block_local_digital,Digital IPOS,normal_hierarchical,IPOS_STBIO1_MAIN_CONTROLLER_5092,,Block
IPOS-MAIN-CONTROLLER-133,IPOS_STBIO1_MAIN_CONTROLLER_6070,can-c808774d476ced044ae50ca2,IPOS_STBIO1_MAIN_CONTROLLER_6070,Main Controller,"When i_wave_velocity mode is enabled together with the DISABLE_ALC, the PPG_ALC_STORAGE shall be performed but once the Device goes into OPERATIVE State, the",snap-b2e8101b00dc6909feaed885,data/canonical/canonical_store.sqlite,block_local_digital,Digital IPOS,normal_hierarchical,IPOS_STBIO1_MAIN_CONTROLLER_6070,,Block
IPOS-MAIN-CONTROLLER-134,IPOS_STBIO1_MAIN_CONTROLLER_6098,can-0cf996371a1a792210355bcc,IPOS_STBIO1_MAIN_CONTROLLER_6098,Main Controller,"When i_wave_velocity_mode is set to 1, the ALC Compensation shall be set only when the",snap-b2e8101b00dc6909feaed885,data/canonical/canonical_store.sqlite,block_local_digital,Digital IPOS,normal_hierarchical,IPOS_STBIO1_MAIN_CONTROLLER_6098,,Block
IPOS-MAIN-CONTROLLER-135,IPOS_STBIO1_MAIN_CONTROLLER_6129,can-e736533f96cd6aff23d61fd2,IPOS_STBIO1_MAIN_CONTROLLER_6129,Main Controller,"When i_ALC_comp_start is set to 1, the first rise of the o_comp_rx_ck shall happen at least after",snap-b2e8101b00dc6909feaed885,data/canonical/canonical_store.sqlite,block_local_digital,Digital IPOS,normal_hierarchical,IPOS_STBIO1_MAIN_CONTROLLER_6129,,Block
IPOS-MAIN-CONTROLLER-136,IPOS_STBIO1_MAIN_CONTROLLER_7095,can-471efb75b1f997f060a181f4,IPOS_STBIO1_MAIN_CONTROLLER_7095,Main Controller,All the PPG_FSM state shall be checked using the PPG_STATUS_REGISTER in Regmap (the,snap-b2e8101b00dc6909feaed885,data/canonical/canonical_store.sqlite,block_local_digital,Digital IPOS,normal_hierarchical,IPOS_STBIO1_MAIN_CONTROLLER_7095,,Block
IPOS-MAIN-CONTROLLER-137,IPOS_STBIO1_MAIN_CONTROLLER_728,can-bd8d9b58cd8f3c266d51223c,IPOS_STBIO1_MAIN_CONTROLLER_728,Main Controller,"At the end of ALC compensation, if ALC is not masked, o_w_BTIA_ALC relative to the running frame, shall be set to output system (check when i_end_of_compensation rise in PPG FSM). If",snap-b2e8101b00dc6909feaed885,data/canonical/canonical_store.sqlite,block_local_digital,Digital IPOS,normal_hierarchical,IPOS_STBIO1_MAIN_CONTROLLER_728,,Block
IPOS-MAIN-CONTROLLER-138,IPOS_STBIO1_MAIN_CONTROLLER_8106,can-4366787694a718d02b94c202,IPOS_STBIO1_MAIN_CONTROLLER_8106,Main Controller,"If multiple frame is selected (i_frame_repetition in ppg_fsm greater than 0), when Tx Preset falls from 1 to 0, the en_tx shall pass from 1 to 0 only during the last repetition (check that when",snap-b2e8101b00dc6909feaed885,data/canonical/canonical_store.sqlite,block_local_digital,Digital IPOS,normal_hierarchical,IPOS_STBIO1_MAIN_CONTROLLER_8106,,Block
